# USD → MuJoCo (world-space, simplified)
v -0.084973 0.008032 0.000717
v -0.090436 0.023068 -0.000040
v -0.090362 0.023068 0.003599
v -0.087571 0.015602 0.005082
v -0.090143 0.023068 0.007232
v -0.087303 0.015602 0.008507
v -0.089777 0.023068 0.010853
v -0.086901 0.015602 0.011918
v -0.089265 0.023068 0.014457
v -0.085166 0.012570 0.015750
v -0.080084 0.023068 0.041958
v -0.077817 0.023067 0.046039
v -0.076445 0.023068 0.048261
v -0.074438 0.023068 0.051297
v -0.071833 0.023067 0.054895
v -0.068926 0.023068 0.058511
v -0.064647 0.015602 0.059228
v -0.065240 0.023068 0.062563
v -0.062284 0.015602 0.061705
v -0.062667 0.023068 0.065136
v -0.059691 0.015602 0.064212
v -0.056767 0.008136 0.063205
v -0.058658 0.023068 0.068786
v -0.056998 0.015602 0.066610
v -0.054210 0.015602 0.068894
v -0.054354 0.023068 0.072207
v -0.051330 0.015602 0.071062
v -0.047992 0.007428 0.069771
v -0.048364 0.015602 0.073109
v -0.049900 0.023068 0.075371
v -0.045380 0.015602 0.074995
v -0.045250 0.023068 0.078224
v -0.042259 0.015602 0.076793
v -0.040416 0.023068 0.080843
v -0.039067 0.015602 0.078462
v -0.036006 0.007357 0.076602
v -0.036361 0.023067 0.082726
v -0.032982 0.007458 0.077993
v -0.032950 0.023068 0.084139
v -0.029484 0.023068 0.085412
v -0.025972 0.023068 0.086541
v -0.022553 0.023068 0.087489
v -0.019283 0.008136 0.082699
v -0.000406 0.023068 0.090330
v -0.003098 0.023068 0.090290
v -0.005018 0.015140 0.087320
v 0.002559 0.019492 0.089000
v -0.003077 0.007308 0.084543
v -0.006057 0.008669 0.084891
v 0.005164 0.014385 0.087017
v 0.009520 0.015602 0.087091
v 0.021564 0.023068 0.087706
v 0.025079 0.023068 0.086764
v 0.026292 0.015602 0.083561
v 0.028554 0.023068 0.085681
v 0.026787 0.007605 0.080340
v 0.022589 0.007694 0.081673
v 0.029542 0.015602 0.082466
v 0.033696 0.023068 0.083809
v 0.032748 0.015602 0.081244
v 0.035810 0.015602 0.079940
v 0.038678 0.023068 0.081606
v 0.038911 0.015602 0.078476
v 0.041934 0.023068 0.079980
v 0.041403 0.008202 0.074118
v 0.045122 0.023068 0.078224
v 0.044645 0.012974 0.074243
v 0.048237 0.023068 0.076341
v 0.047394 0.014322 0.073105
v 0.079709 0.015602 0.036293
v 0.082396 0.023068 0.036977
v 0.081133 0.015602 0.032987
v 0.084435 0.023068 0.032006
v 0.082421 0.015602 0.029626
v 0.080348 0.008136 0.027331
v 0.085657 0.023068 0.028578
v 0.083569 0.015602 0.026216
v 0.087240 0.023068 0.023379
v 0.084576 0.015602 0.022762
v 0.082353 0.008136 0.020520
v 0.085440 0.015602 0.019271
v 0.083139 0.008136 0.017060
v 0.088482 0.023068 0.018037
v 0.086160 0.015602 0.015748
v 0.089138 0.023068 0.014457
v 0.086726 0.015602 0.012263
v 0.084060 0.007531 0.009984
v 0.089649 0.023068 0.010853
v 0.087157 0.015602 0.008695
v 0.084624 0.008136 0.006537
v 0.090015 0.023068 0.007232
v -0.085152 0.013990 0.018478
v -0.088609 0.023068 0.018037
v -0.086367 0.018437 0.020395
v -0.082785 0.008133 0.019249
v -0.083925 0.023068 0.033672
v -0.082498 0.023067 0.037024
v -0.077677 0.008135 0.034475
v -0.014560 0.023068 0.089161
v -0.010809 0.023068 0.089687
v -0.009273 0.016731 0.087549
v -0.012315 0.008136 0.084014
v -0.006679 0.023068 0.090092
v -0.012715 0.016886 0.087173
v 0.004355 0.023068 0.090229
v 0.012809 0.023068 0.089426
v 0.017479 0.023067 0.088611
v 0.011754 0.008304 0.084141
v 0.014598 0.007804 0.083503
v 0.014586 0.015602 0.086384
v 0.018314 0.007619 0.082694
v 0.051504 0.023068 0.074168
v 0.054227 0.023068 0.072207
v 0.049364 0.008312 0.069123
v 0.076296 0.023068 0.048293
v 0.078135 0.023068 0.045260
v 0.073373 0.023068 0.052675
v 0.073708 0.015950 0.047542
v 0.090308 0.023068 -0.000040
v 0.084879 0.008136 -0.000040
v 0.090203 0.023068 0.004453
v 0.086849 0.013645 0.002388
v -0.087244 0.023068 0.023836
v -0.085785 0.023068 0.028576
v -0.081673 0.014765 0.031117
v -0.083165 0.011869 0.023235
v -0.082733 0.013959 0.027258
v -0.080282 0.016510 0.036156
v -0.018388 0.023068 0.088466
v -0.015598 0.015188 0.086079
v 0.008127 0.023068 0.089965
v 0.052404 0.017991 0.071264
v 0.058725 0.023068 0.068615
v 0.056347 0.019957 0.069110
v 0.054912 0.013254 0.067155
v 0.054737 0.007628 0.064613
v 0.071851 0.017976 0.051605
v 0.069072 0.008304 0.049412
v 0.072716 0.008238 0.043826
v -0.085119 0.018155 0.024710
v -0.075725 0.012294 0.041783
v -0.073271 0.008226 0.043114
v 0.022499 0.012951 0.083664
v 0.044302 0.007407 0.072066
v 0.062465 0.023068 0.065206
v 0.066184 0.023067 0.061457
v 0.059912 0.017014 0.064616
v 0.057180 0.007787 0.062541
v 0.068665 0.023068 0.058659
v 0.069122 0.019957 0.056327
v 0.062247 0.008136 0.057688
v 0.080311 0.023068 0.041278
v -0.077682 0.014284 0.039652
v 0.019758 0.014371 0.084887
v 0.061459 0.011869 0.060479
v 0.063715 0.017106 0.060894
v 0.067628 0.012619 0.053931
v 0.077065 0.017115 0.042759
v -0.073156 0.013582 0.047021
v 0.066346 0.015039 0.056865
v -0.070217 0.011698 0.050111
v -0.067493 0.012613 0.054252
v -0.066576 0.015062 0.056757
v 0.079179 0.003168 -0.000065
v 0.084815 0.008252 -0.004355
v 0.082006 0.004437 -0.003440
v 0.083313 0.006410 -0.010896
v 0.079664 0.003403 -0.006253
v 0.078092 0.003159 -0.011304
v 0.081518 0.005866 -0.018590
v 0.078994 0.003412 -0.012378
v 0.077141 0.003207 -0.017679
v 0.076028 0.003068 -0.015797
v 0.077893 0.003175 -0.012744
v 0.081114 0.006359 -0.021817
v 0.080102 0.006720 -0.026090
v 0.077609 0.003399 -0.019050
v 0.076629 0.003185 -0.019339
v 0.074986 0.003068 -0.020182
v 0.074371 0.003068 -0.022350
v 0.075136 0.003156 -0.023974
v 0.077103 0.006582 -0.033760
v 0.074553 0.006121 -0.038299
v 0.075449 0.003434 -0.026777
v 0.072203 0.003449 -0.034681
v 0.070594 0.006473 -0.045679
v 0.064657 0.003186 -0.045515
v 0.066091 0.003068 -0.040805
v 0.064628 0.003105 -0.044194
v 0.066818 0.003311 -0.043343
v 0.063628 0.006437 -0.054957
v 0.062542 0.003630 -0.050911
v 0.061036 0.006144 -0.057498
v 0.057061 0.006420 -0.061747
v 0.059502 0.007186 -0.060029
v 0.052596 0.003163 -0.058903
v 0.054720 0.003401 -0.058324
v 0.052592 0.006091 -0.065280
v 0.051853 0.003473 -0.061172
v 0.047910 0.003158 -0.062678
v 0.048317 0.003509 -0.064139
v 0.046263 0.006294 -0.070095
v 0.040191 0.003395 -0.069146
v 0.039714 0.003168 -0.068312
v 0.034783 0.003160 -0.070758
v 0.026687 0.003068 -0.072996
v 0.026069 0.003161 -0.074555
v 0.019039 0.003174 -0.076724
v 0.021272 0.003663 -0.077902
v 0.015863 0.003068 -0.076096
v 0.012248 0.003264 -0.078623
v 0.012835 0.003088 -0.077026
v 0.007125 0.003238 -0.079135
v 0.000651 0.006084 -0.083873
v -0.001223 0.007415 -0.084710
v 0.001445 0.003225 -0.079423
v -0.003079 0.003224 -0.079445
v -0.006517 0.006406 -0.083868
v -0.004826 0.003206 -0.079082
v -0.009994 0.003096 -0.077640
v -0.011622 0.003180 -0.078263
v -0.014744 0.003618 -0.079341
v -0.017001 0.003154 -0.077087
v -0.020629 0.006419 -0.081565
v -0.029990 0.005716 -0.078054
v -0.030514 0.003068 -0.071531
v -0.033140 0.003168 -0.071797
v -0.038722 0.007397 -0.075366
v -0.038657 0.003172 -0.068990
v -0.044012 0.006510 -0.071799
v -0.047543 0.007391 -0.070140
v -0.044304 0.003068 -0.063923
v -0.043977 0.003311 -0.066522
v -0.052653 0.006150 -0.065384
v -0.048829 0.003402 -0.063434
v -0.051798 0.003172 -0.059766
v -0.058374 0.006025 -0.060206
v -0.054747 0.003401 -0.058389
v -0.058230 0.003165 -0.053456
v -0.063568 0.006139 -0.054818
v -0.060475 0.003310 -0.052022
v -0.063091 0.003217 -0.048223
v -0.065975 0.003491 -0.045865
v -0.074299 0.005662 -0.038297
v -0.076261 0.006347 -0.035470
v -0.073555 0.003417 -0.031721
v -0.072897 0.003068 -0.027124
v -0.074823 0.003201 -0.026057
v -0.080303 0.005592 -0.022955
v -0.075984 0.003399 -0.025154
v -0.076585 0.003184 -0.019885
v -0.082127 0.006122 -0.017275
v -0.083288 0.006373 -0.011814
v -0.077379 0.003207 -0.017688
v -0.078105 0.003171 -0.012394
v -0.079084 0.003407 -0.012467
v -0.083696 0.006128 -0.006159
v -0.078784 0.003197 -0.008056
v -0.078907 0.003161 -0.004563
v -0.082180 0.004454 -0.003212
v -0.078985 0.003139 0.000984
v -0.077695 0.003068 -0.003452
v -0.079367 0.003197 -0.001049
v 0.083432 0.005637 -0.000730
v 0.084340 0.006966 -0.002275
v 0.084396 0.007472 -0.006385
v 0.084136 0.007469 -0.009203
v 0.080276 0.003553 -0.003969
v 0.080886 0.003902 -0.006261
v 0.078788 0.003167 -0.004846
v 0.083676 0.007524 -0.012874
v 0.083071 0.007379 -0.016018
v 0.081718 0.005281 -0.014886
v 0.076813 0.003068 -0.011359
v 0.080096 0.004461 -0.017916
v 0.080234 0.005321 -0.021721
v 0.078574 0.004513 -0.024004
v 0.076495 0.003104 -0.017169
v 0.075539 0.003068 -0.017997
v 0.077531 0.003776 -0.023151
v 0.078766 0.005243 -0.026293
v 0.079659 0.007504 -0.028656
v 0.076409 0.003859 -0.027139
v 0.077974 0.007706 -0.033206
v 0.077569 0.005215 -0.029590
v 0.073692 0.003068 -0.024500
v 0.074768 0.003219 -0.026138
v 0.075491 0.004528 -0.032534
v 0.074037 0.003104 -0.025804
v 0.072952 0.003068 -0.026628
v 0.073574 0.003174 -0.028563
v 0.074436 0.003779 -0.031785
v 0.072627 0.003172 -0.031007
v 0.071288 0.003068 -0.030817
v 0.074736 0.005300 -0.036356
v 0.074263 0.007441 -0.040616
v 0.071414 0.003162 -0.033611
v 0.070365 0.003068 -0.032873
v 0.072649 0.006386 -0.042221
v 0.071340 0.003752 -0.038089
v 0.072091 0.007311 -0.044206
v 0.071003 0.005402 -0.043407
v 0.071217 0.007699 -0.045942
v 0.069951 0.003826 -0.040881
v 0.069703 0.007616 -0.048153
v 0.067245 0.003068 -0.038869
v 0.068463 0.003168 -0.039346
v 0.068314 0.005304 -0.047358
v 0.068776 0.003778 -0.042688
v 0.067802 0.007676 -0.050852
v 0.065423 0.007332 -0.053660
v 0.065880 0.003774 -0.047029
v 0.063616 0.003068 -0.044572
v 0.063673 0.008136 -0.056190
v 0.064582 0.005323 -0.052364
v 0.062298 0.003068 -0.046400
v 0.061503 0.008136 -0.058561
v 0.062135 0.003186 -0.048810
v 0.061764 0.007077 -0.057600
v 0.059046 0.003160 -0.052409
v 0.058033 0.003068 -0.051644
v 0.057172 0.003161 -0.054416
v 0.058762 0.007456 -0.060969
v 0.053790 0.007464 -0.065406
v 0.056293 0.007590 -0.063323
v 0.056454 0.005154 -0.060818
v 0.054576 0.003819 -0.059905
v 0.051016 0.007354 -0.067543
v 0.051669 0.003068 -0.058022
v 0.050857 0.005213 -0.065672
v 0.051392 0.003770 -0.062531
v 0.048958 0.006344 -0.068288
v 0.047420 0.005205 -0.068180
v 0.048085 0.007603 -0.069779
v 0.045121 0.007469 -0.071676
v 0.048109 0.003923 -0.065462
v 0.046435 0.003068 -0.062298
v 0.042325 0.007879 -0.073541
v 0.043697 0.005270 -0.070710
v 0.044610 0.003068 -0.063621
v 0.044735 0.003607 -0.067055
v 0.045602 0.003178 -0.064600
v 0.041786 0.006736 -0.073205
v 0.040224 0.004530 -0.071763
v 0.038943 0.007454 -0.075212
v 0.035597 0.007576 -0.076907
v 0.038193 0.005309 -0.073864
v 0.035372 0.004431 -0.074110
v 0.038916 0.003068 -0.067262
v 0.035057 0.006495 -0.076508
v 0.029535 0.007428 -0.079379
v 0.032600 0.007472 -0.078186
v 0.033627 0.003820 -0.073744
v 0.032926 0.003068 -0.070395
v 0.032812 0.003174 -0.071943
v 0.030988 0.003209 -0.072896
v 0.030482 0.005663 -0.077767
v 0.030872 0.003068 -0.071323
v 0.030571 0.003746 -0.074925
v 0.030291 0.003105 -0.072242
v 0.027004 0.005345 -0.078691
v 0.025783 0.007465 -0.080694
v 0.026377 0.003750 -0.076512
v 0.027870 0.003405 -0.074990
v 0.022217 0.007411 -0.081733
v 0.024560 0.003068 -0.073741
v 0.024152 0.003212 -0.075557
v 0.018736 0.007492 -0.082633
v 0.019192 0.006317 -0.081819
v 0.015674 0.007500 -0.083269
v 0.012319 0.007319 -0.083763
v 0.014089 0.006086 -0.082668
v 0.018062 0.003068 -0.075602
v 0.017345 0.003212 -0.077445
v 0.010518 0.005218 -0.082425
v 0.005194 0.007492 -0.084576
v 0.011704 0.004123 -0.080848
v 0.007037 0.005318 -0.082899
v 0.011427 0.003068 -0.076892
v 0.004572 0.006242 -0.083866
v 0.002123 0.007463 -0.084707
v 0.009401 0.003141 -0.078283
v 0.004515 0.004685 -0.082353
v 0.008180 0.003751 -0.080540
v 0.001498 0.003766 -0.080959
v 0.005281 0.004124 -0.081506
v 0.004705 0.003068 -0.077600
v 0.002454 0.003068 -0.077705
v -0.004563 0.006365 -0.083959
v -0.008360 0.007713 -0.084421
v -0.002734 0.003853 -0.081114
v -0.007289 0.005282 -0.082845
v -0.010020 0.004461 -0.081574
v -0.011542 0.007646 -0.084025
v -0.004305 0.003068 -0.077630
v -0.006765 0.003598 -0.080345
v -0.014306 0.007532 -0.083555
v -0.011428 0.006199 -0.083215
v -0.005701 0.003088 -0.077894
v -0.011717 0.005277 -0.082350
v -0.017809 0.007367 -0.082811
v -0.010762 0.003715 -0.080190
v -0.013452 0.004449 -0.081054
v -0.011032 0.003068 -0.076968
v -0.015980 0.005256 -0.081599
v -0.022716 0.007694 -0.081753
v -0.020603 0.003790 -0.078394
v -0.017947 0.003546 -0.078430
v -0.027223 0.007360 -0.080215
v -0.019514 0.005150 -0.080717
v -0.017675 0.003068 -0.075724
v -0.025726 0.006358 -0.080093
v -0.019105 0.003212 -0.077033
v -0.022588 0.005410 -0.080198
v -0.030379 0.007363 -0.079083
v -0.032892 0.007600 -0.078170
v -0.024186 0.003068 -0.073907
v -0.024061 0.003172 -0.075323
v -0.027338 0.003209 -0.074393
v -0.025545 0.003104 -0.074238
v -0.026318 0.003068 -0.073176
v -0.031241 0.003769 -0.074750
v -0.033454 0.006573 -0.077324
v -0.027383 0.003105 -0.073444
v -0.035990 0.007411 -0.076712
v -0.036979 0.005283 -0.074540
v -0.031743 0.003401 -0.073486
v -0.032574 0.003068 -0.070618
v -0.034427 0.003857 -0.073535
v -0.044195 0.007786 -0.072470
v -0.041493 0.004744 -0.071443
v -0.038585 0.003068 -0.067526
v -0.044484 0.005336 -0.070385
v -0.041115 0.003186 -0.067653
v -0.040526 0.003068 -0.066380
v -0.041610 0.003105 -0.066436
v -0.050350 0.007598 -0.068250
v -0.048092 0.005711 -0.068405
v -0.055218 0.007601 -0.064377
v -0.047059 0.003790 -0.066025
v -0.046409 0.003171 -0.064024
v -0.046138 0.003068 -0.062613
v -0.055029 0.005283 -0.062404
v -0.047781 0.003172 -0.062998
v -0.059613 0.007492 -0.060275
v -0.055898 0.004379 -0.060154
v -0.062374 0.008136 -0.057768
v -0.054909 0.003796 -0.059626
v -0.051401 0.003068 -0.058372
v -0.061364 0.006736 -0.057885
v -0.058285 0.005315 -0.059420
v -0.054036 0.003157 -0.057630
v -0.057798 0.003687 -0.056534
v -0.066005 0.006438 -0.052226
v -0.066997 0.008136 -0.052338
v -0.064364 0.007399 -0.055116
v -0.057809 0.003068 -0.052038
v -0.065870 0.005291 -0.050878
v -0.058953 0.003096 -0.051547
v -0.068512 0.007247 -0.049743
v -0.070018 0.005563 -0.045504
v -0.070817 0.007447 -0.046571
v -0.072898 0.008125 -0.043731
v -0.062109 0.003068 -0.046823
v -0.064876 0.003792 -0.048643
v -0.064547 0.003162 -0.045623
v -0.063439 0.003068 -0.045004
v -0.072578 0.006514 -0.042756
v -0.069428 0.003828 -0.042020
v -0.074504 0.007409 -0.040393
v -0.069836 0.003400 -0.039134
v -0.071036 0.003955 -0.039847
v -0.067107 0.003068 -0.039326
v -0.076222 0.007604 -0.037214
v -0.068222 0.003163 -0.039946
v -0.075351 0.005269 -0.035247
v -0.077683 0.007355 -0.033820
v -0.073420 0.003827 -0.034531
v -0.075443 0.004455 -0.032688
v -0.079040 0.007449 -0.030614
v -0.071175 0.003160 -0.034292
v -0.080192 0.007594 -0.027621
v -0.072507 0.003172 -0.031595
v -0.071204 0.003068 -0.031301
v -0.079769 0.006383 -0.026743
v -0.075034 0.003781 -0.030635
v -0.081204 0.007428 -0.024270
v -0.078780 0.005328 -0.026934
v -0.076528 0.003837 -0.027007
v -0.077971 0.004132 -0.024548
v -0.074017 0.003104 -0.026224
v -0.073652 0.003068 -0.025001
v -0.082956 0.007471 -0.017442
v -0.082168 0.007343 -0.020624
v -0.075162 0.003161 -0.024440
v -0.078009 0.003652 -0.020984
v -0.081195 0.005323 -0.018333
v -0.083151 0.007195 -0.015676
v -0.075542 0.003068 -0.018511
v -0.083789 0.007781 -0.013577
v -0.084184 0.007442 -0.009807
v -0.081940 0.005128 -0.013550
v -0.082275 0.005085 -0.010900
v -0.083032 0.005756 -0.010042
v -0.084518 0.007479 -0.006484
v -0.079392 0.003784 -0.016357
v -0.080759 0.004040 -0.011456
v -0.076884 0.003068 -0.011736
v -0.078368 0.003163 -0.010059
v -0.077228 0.003068 -0.009199
v -0.084411 0.006861 -0.002089
v -0.082937 0.005256 -0.006167
v -0.083524 0.005700 -0.002953
v -0.080752 0.003776 -0.006741
v -0.080648 0.003664 -0.004185
v -0.081061 0.003792 -0.000801
v 0.083449 0.005823 -0.004597
v 0.082533 0.004993 -0.006429
v 0.082243 0.005217 -0.011198
v 0.081591 0.004501 -0.009398
v 0.082564 0.006093 -0.014202
v 0.080392 0.003798 -0.009558
v 0.080912 0.004386 -0.013180
v 0.081129 0.005277 -0.017864
v 0.079056 0.003789 -0.017433
v 0.079016 0.004108 -0.020226
v 0.078993 0.006105 -0.028028
v 0.077250 0.004326 -0.027217
v 0.076115 0.005686 -0.034280
v 0.074017 0.004491 -0.035631
v 0.073487 0.003875 -0.034368
v 0.072354 0.005254 -0.040802
v 0.071834 0.004400 -0.039587
v 0.069879 0.004499 -0.043219
v 0.068964 0.003408 -0.040404
v 0.067766 0.004522 -0.046531
v 0.068219 0.006401 -0.049094
v 0.065483 0.004450 -0.049544
v 0.064005 0.003280 -0.047230
v 0.062475 0.005497 -0.055132
v 0.062106 0.004498 -0.053822
v 0.060374 0.005302 -0.057168
v 0.059434 0.004517 -0.056784
v 0.059470 0.003801 -0.055007
v 0.059843 0.003416 -0.053070
v 0.056625 0.004492 -0.059545
v 0.055436 0.005600 -0.062344
v 0.053617 0.004538 -0.062372
v 0.049864 0.004383 -0.065111
v 0.046626 0.004470 -0.067633
v 0.042086 0.005850 -0.072298
v 0.042008 0.004076 -0.069935
v 0.038116 0.006113 -0.074688
v 0.037573 0.003748 -0.071653
v 0.034447 0.005230 -0.075618
v 0.030008 0.004500 -0.076555
v 0.033985 0.003430 -0.072495
v 0.026542 0.006393 -0.079780
v 0.023355 0.006553 -0.080907
v 0.025224 0.004452 -0.078194
v 0.021172 0.005286 -0.080431
v 0.020714 0.004459 -0.079517
v 0.016907 0.004509 -0.080482
v 0.015146 0.005338 -0.081823
v 0.008449 0.006287 -0.083612
v 0.008843 0.004424 -0.081635
v 0.002713 0.005208 -0.083044
v 0.001808 0.004367 -0.082024
v 0.004020 0.003220 -0.079287
v -0.002807 0.005248 -0.083101
v -0.003274 0.004475 -0.082156
v -0.016019 0.006389 -0.082587
v -0.018328 0.004400 -0.080026
v -0.024134 0.004465 -0.078587
v -0.027343 0.004863 -0.078098
v -0.024935 0.003430 -0.076135
v -0.026486 0.003817 -0.076648
v -0.033110 0.005244 -0.076286
v -0.030955 0.004429 -0.076097
v -0.036806 0.006058 -0.075371
v -0.035328 0.004460 -0.074239
v -0.041478 0.006500 -0.073293
v -0.040013 0.004702 -0.072188
v -0.039207 0.003763 -0.070888
v -0.038988 0.003410 -0.069943
v -0.041745 0.003849 -0.069619
v -0.044214 0.004460 -0.069299
v -0.049821 0.006424 -0.067826
v -0.050453 0.005281 -0.066168
v -0.052500 0.007368 -0.066500
v -0.049086 0.004583 -0.066181
v -0.050427 0.003769 -0.063415
v -0.053370 0.004466 -0.062543
v -0.056290 0.006565 -0.062703
v -0.052752 0.003743 -0.061436
v -0.061325 0.005729 -0.056842
v -0.059900 0.004439 -0.056283
v -0.061274 0.005185 -0.056146
v -0.060346 0.003812 -0.054195
v -0.063565 0.004447 -0.052135
v -0.067856 0.005601 -0.048688
v -0.070111 0.004481 -0.043032
v -0.066983 0.004380 -0.047483
v -0.072113 0.005206 -0.041330
v -0.073448 0.004452 -0.036904
v -0.077679 0.005609 -0.030742
v -0.077637 0.004520 -0.027290
v -0.080673 0.005337 -0.020662
v -0.079469 0.004262 -0.019943
v -0.080473 0.004401 -0.016397
v -0.081962 0.004477 -0.006523
v -0.079801 0.003397 -0.005956
v -0.082253 0.004495 -0.000417
v 0.066500 0.005744 -0.050548
v 0.016598 0.003827 -0.079400
v -0.054252 0.003161 0.057371
v -0.057809 0.003068 0.051957
v -0.051402 0.003068 0.058292
v -0.047504 0.003176 0.063173
v -0.062109 0.003068 0.046742
v -0.059292 0.003068 0.050261
v -0.046138 0.003068 0.062533
v -0.063440 0.003068 0.044923
v -0.065050 0.003196 0.045238
v -0.040526 0.003068 0.066300
v -0.067107 0.003068 0.039246
v -0.038585 0.003068 0.067445
v -0.032575 0.003068 0.070538
v -0.071204 0.003068 0.031221
v -0.072897 0.003068 0.027044
v -0.026864 0.003157 0.074198
v -0.073652 0.003068 0.024920
v -0.024187 0.003068 0.073827
v -0.018886 0.003096 0.075896
v -0.075542 0.003068 0.018431
v -0.074499 0.003096 0.024048
v -0.017676 0.003068 0.075643
v -0.076884 0.003068 0.011655
v -0.077479 0.003219 0.017353
v -0.011032 0.003068 0.076888
v -0.015474 0.003068 0.076122
v -0.013259 0.003068 0.076537
v -0.004306 0.003068 0.077550
v -0.008797 0.003068 0.077173
v -0.004311 0.003159 0.078805
v -0.077695 0.003068 0.003372
v -0.078800 0.003187 0.006911
v -0.078280 0.003135 0.009069
v 0.002453 0.003068 0.077625
v 0.009400 0.003141 0.078203
v 0.011426 0.003068 0.076812
v 0.015862 0.003068 0.076016
v 0.018061 0.003068 0.075522
v 0.024559 0.003068 0.073661
v 0.024315 0.003184 0.075187
v 0.030871 0.003068 0.071243
v 0.026686 0.003068 0.072916
v 0.030290 0.003105 0.072162
v 0.032925 0.003068 0.070316
v 0.039601 0.003163 0.068258
v 0.034593 0.003175 0.070935
v 0.038915 0.003068 0.067183
v 0.044364 0.003088 0.064236
v 0.046434 0.003068 0.062219
v 0.049965 0.003068 0.059418
v 0.051668 0.003068 0.057942
v 0.056512 0.003068 0.053227
v 0.053328 0.003068 0.056418
v 0.056354 0.003105 0.054288
v 0.058033 0.003068 0.051564
v 0.062297 0.003068 0.046320
v 0.062688 0.003159 0.047790
v 0.066090 0.003068 0.040726
v 0.063616 0.003068 0.044492
v 0.067245 0.003068 0.038790
v 0.070364 0.003068 0.032794
v 0.074066 0.003146 0.026864
v 0.072409 0.003139 0.030954
v 0.073692 0.003068 0.024421
v 0.076311 0.003176 0.020038
v 0.075538 0.003068 0.017919
v 0.076813 0.003068 0.011281
v 0.076027 0.003068 0.015719
v 0.076452 0.003068 0.013505
v 0.077694 0.003067 0.002282
v -0.064818 0.023068 0.066014
v -0.068696 0.023068 0.062009
v -0.060812 0.023068 0.069733
v -0.073363 0.023068 0.056398
v -0.056496 0.023068 0.073252
v -0.051991 0.023068 0.076525
v -0.076589 0.023068 0.051922
v -0.079691 0.023068 0.047073
v -0.047371 0.023068 0.079447
v -0.042561 0.023068 0.082144
v -0.082230 0.023068 0.042445
v -0.083854 0.023068 0.039145
v -0.037575 0.023068 0.084513
v -0.085346 0.023068 0.035782
v -0.086702 0.023068 0.032364
v -0.032512 0.023068 0.086595
v -0.088503 0.023068 0.027108
v -0.025501 0.023068 0.088916
v -0.089943 0.023068 0.021822
v -0.020134 0.023068 0.090256
v -0.090741 0.023068 0.018231
v -0.016529 0.023068 0.090983
v -0.091396 0.023068 0.014612
v -0.091906 0.023068 0.010969
v -0.011117 0.023068 0.091810
v -0.005578 0.023068 0.092295
v -0.092415 0.023068 0.005429
v -0.000064 0.023068 0.092480
v -0.092564 0.023068 -0.000040
v -0.092415 0.023068 -0.005509
v 0.005451 0.023068 0.092295
v -0.090330 0.023068 -0.004533
v -0.090143 0.023068 -0.007312
v -0.091906 0.023068 -0.011049
v -0.089777 0.023068 -0.010933
v 0.010989 0.023068 0.091810
v -0.091396 0.023068 -0.014692
v 0.016401 0.023068 0.090983
v -0.088973 0.023068 -0.016334
v 0.021612 0.023068 0.089905
v -0.090316 0.023068 -0.020400
v -0.087810 0.023068 -0.021668
v -0.089003 0.023068 -0.025458
v -0.086868 0.023068 -0.025183
v 0.027117 0.023068 0.088376
v -0.087922 0.023068 -0.028974
v 0.032384 0.023068 0.086595
v -0.085191 0.023068 -0.030435
v -0.086068 0.023068 -0.034151
v -0.083204 0.023068 -0.035463
v 0.037447 0.023068 0.084513
v -0.083854 0.023068 -0.039225
v -0.081029 0.023068 -0.040231
v 0.042434 0.023068 0.082144
v -0.081400 0.023068 -0.044119
v -0.078263 0.023068 -0.045340
v 0.047244 0.023068 0.079447
v -0.078595 0.023068 -0.048919
v 0.051863 0.023068 0.076525
v -0.075342 0.023068 -0.053829
v -0.072311 0.023068 -0.054330
v 0.056368 0.023068 0.073252
v -0.071098 0.023068 -0.059312
v -0.068793 0.023068 -0.058739
v 0.060685 0.023068 0.069733
v -0.067392 0.023068 -0.063468
v -0.065240 0.023068 -0.062643
v 0.064690 0.023068 0.066014
v 0.067265 0.023068 0.063388
v -0.063474 0.023068 -0.067401
v -0.061481 0.023067 -0.066363
v -0.059365 0.023068 -0.071030
v -0.057165 0.023067 -0.070083
v 0.070970 0.023068 0.059232
v -0.053890 0.023067 -0.072632
v 0.075215 0.023068 0.053749
v -0.054910 0.023068 -0.074554
v -0.051631 0.023068 -0.074249
v -0.050494 0.023068 -0.077584
v -0.048364 0.023068 -0.076422
v -0.045250 0.023068 -0.078304
v 0.079564 0.023068 0.047073
v -0.046049 0.023068 -0.080324
v -0.042062 0.023068 -0.080060
v 0.082102 0.023068 0.042445
v -0.040907 0.023068 -0.083035
v -0.038805 0.023068 -0.081687
v 0.084407 0.023068 0.037707
v -0.035858 0.023068 -0.085347
v -0.033823 0.023068 -0.083889
v 0.086575 0.023068 0.032364
v -0.030738 0.023068 -0.087306
v -0.028682 0.023068 -0.085761
v 0.088375 0.023068 0.027107
v -0.025207 0.023068 -0.086844
v -0.025501 0.023068 -0.088996
v -0.021691 0.023068 -0.087786
v 0.089816 0.023068 0.021822
v -0.020134 0.023068 -0.090336
v -0.018140 0.023068 -0.088586
v 0.090614 0.023068 0.018231
v -0.016529 0.023068 -0.091063
v 0.091269 0.023068 0.014612
v -0.011117 0.023068 -0.091890
v 0.091779 0.023068 0.010969
v -0.005578 0.023068 -0.092376
v 0.092288 0.023068 0.005430
v 0.092436 0.023068 -0.000040
v -0.000064 0.023068 -0.092560
v 0.092363 0.023068 -0.003718
v 0.005451 0.023068 -0.092376
v 0.007523 0.023068 -0.090091
v 0.092144 0.023068 -0.007389
v 0.090015 0.023068 -0.007312
v 0.010989 0.023068 -0.091890
v 0.010682 0.023068 -0.089768
v 0.091779 0.023068 -0.011049
v 0.089649 0.023068 -0.010933
v 0.014433 0.023068 -0.089242
v 0.091269 0.023068 -0.014692
v 0.089138 0.023068 -0.014537
v 0.016401 0.023068 -0.091063
v 0.090614 0.023068 -0.018311
v 0.088482 0.023068 -0.018117
v 0.020007 0.023068 -0.090336
v 0.021564 0.023068 -0.087786
v 0.089366 0.023068 -0.023719
v 0.023581 0.023068 -0.089467
v 0.025079 0.023068 -0.086844
v 0.087795 0.023068 -0.028974
v 0.029110 0.023068 -0.087841
v 0.030204 0.023068 -0.085212
v 0.034056 0.023068 -0.086017
v 0.035359 0.023068 -0.083180
v 0.085940 0.023068 -0.034151
v 0.083798 0.023068 -0.033752
v 0.037447 0.023068 -0.084593
v 0.038678 0.023068 -0.081687
v 0.083727 0.023068 -0.039225
v 0.082102 0.023068 -0.042525
v 0.042434 0.023068 -0.082225
v 0.043526 0.023068 -0.079226
v 0.080348 0.023068 -0.045758
v 0.077251 0.023068 -0.046867
v 0.046827 0.023067 -0.079776
v 0.048237 0.023068 -0.076422
v 0.077461 0.023068 -0.050541
v 0.050367 0.023068 -0.077584
v 0.074311 0.023068 -0.051377
v 0.052778 0.023068 -0.073377
v 0.074336 0.023068 -0.055004
v 0.072183 0.023068 -0.054330
v 0.054782 0.023068 -0.074554
v 0.057092 0.023068 -0.070043
v 0.072092 0.023068 -0.057918
v 0.069939 0.023068 -0.057195
v 0.060685 0.023068 -0.069814
v 0.068568 0.023068 -0.062089
v 0.067069 0.023067 -0.060550
v 0.061266 0.023068 -0.066441
v 0.064498 0.023068 -0.063281
v 0.064690 0.023068 -0.066095
v 0.090263 0.023068 -0.002917
v 0.087176 0.015602 -0.008587
v 0.086774 0.015602 -0.011998
v 0.085039 0.012570 -0.015831
v 0.076775 0.018995 -0.044768
v 0.080106 0.023068 -0.041753
v 0.070090 0.011698 -0.050191
v 0.067607 0.012884 -0.054190
v 0.059564 0.015602 -0.064292
v 0.056871 0.015602 -0.066690
v 0.054082 0.015602 -0.068975
v 0.051203 0.015602 -0.071142
v 0.048237 0.015602 -0.073189
v 0.045252 0.015602 -0.075075
v 0.042131 0.015602 -0.076873
v 0.038939 0.015602 -0.078542
v 0.035682 0.015602 -0.080078
v 0.032365 0.015602 -0.081478
v 0.028995 0.015602 -0.082741
v 0.025578 0.015602 -0.083863
v 0.022120 0.015602 -0.084844
v 0.002183 0.023068 -0.090397
v -0.000028 0.014692 -0.087367
v -0.002725 0.023068 -0.090378
v -0.005232 0.014773 -0.087243
v -0.009648 0.015602 -0.087172
v -0.004746 0.007692 -0.084688
v -0.026419 0.015602 -0.083641
v -0.029670 0.015602 -0.082546
v -0.032875 0.015602 -0.081325
v -0.035937 0.015602 -0.080021
v -0.039038 0.015602 -0.078556
v -0.042078 0.015602 -0.076972
v -0.044773 0.012975 -0.074324
v -0.079056 0.018321 -0.040265
v -0.077192 0.017115 -0.042839
v -0.079836 0.015602 -0.036373
v -0.081261 0.015602 -0.033067
v -0.082548 0.015602 -0.029706
v -0.083696 0.015602 -0.026296
v -0.084703 0.015602 -0.022843
v -0.085567 0.015602 -0.019352
v -0.086287 0.015602 -0.015829
v -0.086853 0.015602 -0.012343
v -0.087284 0.015602 -0.008775
v 0.085025 0.013992 -0.018558
v 0.086240 0.018438 -0.020475
v 0.082306 0.007326 -0.019495
v 0.082371 0.023067 -0.037104
v 0.075861 0.007467 -0.037578
v 0.080122 0.016325 -0.036143
v 0.005327 0.014684 -0.087208
v 0.012587 0.016887 -0.087254
v 0.008992 0.007457 -0.084246
v -0.003000 0.017197 -0.088232
v -0.006323 0.017800 -0.088278
v -0.012936 0.023068 -0.089506
v -0.017165 0.017410 -0.086684
v -0.014713 0.015602 -0.086465
v -0.076424 0.023068 -0.048374
v -0.085048 0.008351 -0.002541
v 0.087117 0.023068 -0.023916
v 0.085658 0.023068 -0.028656
v 0.081500 0.007593 -0.023045
v 0.080844 0.008348 -0.026165
v 0.018148 0.023068 -0.088571
v 0.015471 0.015188 -0.086159
v -0.008255 0.023068 -0.090045
v -0.051507 0.015562 -0.071012
v -0.054699 0.012241 -0.067037
v -0.074207 0.023067 -0.051710
v -0.073933 0.014458 -0.046477
v -0.071366 0.017887 -0.052448
v -0.070079 0.011247 -0.050105
v 0.084992 0.018157 -0.024791
v 0.081405 0.014153 -0.030952
v -0.022627 0.012952 -0.083744
v -0.058671 0.017745 -0.066273
v -0.060747 0.016273 -0.063636
v -0.057553 0.008266 -0.062633
v -0.069250 0.019957 -0.056407
v -0.067063 0.012006 -0.054534
v 0.075830 0.011399 -0.040796
v 0.073144 0.008226 -0.043194
v -0.019885 0.014371 -0.084968
v -0.041808 0.008184 -0.074041
v -0.047521 0.014322 -0.073185
v -0.066100 0.019335 -0.059730
v -0.061587 0.011869 -0.060559
v -0.063843 0.017106 -0.060974
v 0.073154 0.012569 -0.046200
v -0.066474 0.015038 -0.056945
v 0.072603 0.014766 -0.048521
v 0.066448 0.015062 -0.056837
v -0.082721 0.004946 0.004040
v -0.080834 0.003703 0.001650
v -0.083249 0.005591 0.006752
v -0.084263 0.007469 0.009123
v -0.082698 0.006401 0.015421
v -0.076688 0.003308 0.021741
v -0.078361 0.006440 0.030639
v -0.074836 0.003207 0.026051
v -0.075505 0.003399 0.026476
v -0.072643 0.003171 0.031163
v -0.074680 0.006121 0.038219
v -0.074967 0.006774 0.038614
v -0.074431 0.007122 0.040070
v -0.071285 0.003156 0.033948
v -0.071918 0.003408 0.035103
v -0.068686 0.003154 0.038877
v -0.070526 0.006406 0.045819
v -0.059099 0.006139 0.059533
v -0.062790 0.003331 0.049216
v -0.058946 0.007457 0.060832
v -0.054747 0.003401 0.058309
v -0.055084 0.006418 0.063551
v -0.048591 0.006137 0.068364
v -0.044689 0.006439 0.071232
v -0.041734 0.003183 0.067157
v -0.045858 0.003401 0.065542
v -0.039023 0.003419 0.069879
v -0.031102 0.006480 0.078150
v -0.031744 0.003401 0.073405
v -0.018743 0.003263 0.077248
v -0.012398 0.003187 0.078068
v -0.007957 0.006128 0.083448
v -0.008642 0.007404 0.084188
v -0.000119 0.006203 0.083909
v -0.002661 0.003679 0.080701
v 0.001502 0.003178 0.078966
v 0.004333 0.005517 0.083223
v 0.008275 0.006487 0.083669
v 0.007084 0.003188 0.078674
v 0.007185 0.003407 0.079611
v 0.016361 0.006258 0.082312
v 0.020295 0.006468 0.081571
v 0.023865 0.006221 0.080431
v 0.022547 0.003602 0.077339
v 0.027880 0.006500 0.079333
v 0.031509 0.005617 0.077245
v 0.027870 0.003405 0.074910
v 0.033902 0.003412 0.072382
v 0.043908 0.006132 0.071369
v 0.040840 0.003416 0.068779
v 0.052361 0.006467 0.065734
v 0.050190 0.003268 0.061590
v 0.059212 0.007456 0.060447
v 0.062566 0.006475 0.056123
v 0.057755 0.003405 0.055232
v 0.065452 0.005621 0.051707
v 0.059655 0.003170 0.051642
v 0.059816 0.003296 0.052465
v 0.065121 0.003209 0.044939
v 0.074181 0.006103 0.038931
v 0.070441 0.003241 0.036508
v 0.071053 0.003156 0.034168
v 0.074271 0.003408 0.029477
v 0.073393 0.003188 0.029133
v 0.080071 0.005616 0.023312
v 0.078006 0.003181 0.012387
v 0.083145 0.005564 0.005933
v 0.084174 0.007195 0.007136
v 0.078873 0.003183 0.004883
v 0.084307 0.006896 0.002320
v 0.080273 0.003630 0.006975
v 0.082029 0.004417 0.002050
v -0.084653 0.007345 0.003083
v -0.083233 0.005325 0.000468
v -0.084523 0.007472 0.006308
v -0.079785 0.003343 0.003216
v -0.082472 0.005227 0.010530
v -0.083382 0.006413 0.011284
v -0.079262 0.003204 0.004974
v -0.080881 0.003794 0.005307
v -0.083802 0.007516 0.012784
v -0.083319 0.007707 0.015988
v -0.079084 0.003407 0.012387
v -0.081819 0.005331 0.015269
v -0.082188 0.006840 0.019173
v -0.078121 0.003162 0.011917
v -0.079162 0.003780 0.017303
v -0.080869 0.007508 0.025371
v -0.076776 0.003173 0.018971
v -0.079800 0.005543 0.024454
v -0.079770 0.007406 0.028515
v -0.079171 0.006198 0.027960
v -0.077346 0.003927 0.025108
v -0.078744 0.007708 0.031548
v -0.078270 0.005143 0.027722
v -0.077429 0.005332 0.030499
v -0.077237 0.006829 0.033965
v -0.074017 0.003104 0.026143
v -0.075620 0.003794 0.029168
v -0.076092 0.007573 0.037366
v -0.074770 0.007783 0.040110
v -0.073783 0.003516 0.031865
v -0.073704 0.007307 0.041598
v -0.072426 0.006983 0.043466
v -0.070537 0.007619 0.047050
v -0.070049 0.003815 0.040826
v -0.068386 0.003264 0.040683
v -0.071108 0.005225 0.043023
v -0.068263 0.004372 0.045494
v -0.067998 0.007700 0.050695
v -0.066995 0.003096 0.040470
v -0.066530 0.003699 0.045924
v -0.065353 0.005336 0.051525
v -0.065281 0.007455 0.053987
v -0.063505 0.007402 0.056030
v -0.063006 0.003174 0.047748
v -0.061348 0.007396 0.058381
v -0.061862 0.005260 0.055512
v -0.060448 0.003822 0.054017
v -0.059119 0.003171 0.052442
v -0.059302 0.003404 0.053675
v -0.059485 0.005388 0.058249
v -0.057941 0.003154 0.053567
v -0.058236 0.003769 0.056255
v -0.055069 0.003872 0.059640
v -0.055721 0.005503 0.062011
v -0.054152 0.007426 0.065115
v -0.051045 0.007452 0.067584
v -0.051553 0.006421 0.066435
v -0.052307 0.005280 0.064609
v -0.052106 0.003162 0.059354
v -0.051499 0.003620 0.062072
v -0.049195 0.005166 0.066862
v -0.047534 0.005245 0.068158
v -0.044968 0.007501 0.071788
v -0.045891 0.003154 0.064174
v -0.041891 0.006466 0.072933
v -0.042100 0.007816 0.073636
v -0.039212 0.007435 0.075050
v -0.042232 0.003790 0.069108
v -0.039901 0.003174 0.068254
v -0.039206 0.005516 0.073588
v -0.038332 0.003158 0.068957
v -0.035242 0.004479 0.074231
v -0.034341 0.003865 0.073514
v -0.033033 0.003163 0.071730
v -0.029478 0.007603 0.079437
v -0.029436 0.005300 0.077758
v -0.024630 0.005277 0.079382
v -0.030486 0.003744 0.074913
v -0.025996 0.007356 0.080542
v -0.025022 0.003461 0.076132
v -0.020224 0.004461 0.079587
v -0.022361 0.007440 0.081657
v -0.023895 0.003218 0.075646
v -0.019170 0.006274 0.081745
v -0.016893 0.007216 0.082826
v -0.013364 0.007038 0.083358
v -0.015725 0.007815 0.083326
v -0.017142 0.003791 0.079144
v -0.013640 0.006010 0.082636
v -0.015029 0.005277 0.081731
v -0.017026 0.003161 0.077079
v -0.011298 0.007018 0.083663
v -0.010830 0.003211 0.078445
v -0.010817 0.003879 0.080417
v -0.005285 0.004527 0.082042
v -0.010105 0.003104 0.077766
v -0.005633 0.005300 0.082932
v -0.001654 0.005314 0.083105
v 0.000651 0.007702 0.084747
v 0.004877 0.007310 0.084445
v 0.001907 0.003879 0.081129
v 0.002414 0.003459 0.080089
v 0.004098 0.003199 0.079009
v 0.008385 0.005273 0.082652
v 0.008507 0.007594 0.084271
v 0.004168 0.003088 0.078034
v 0.011987 0.006814 0.083421
v 0.012202 0.004456 0.081202
v 0.009180 0.004432 0.081527
v 0.011555 0.005651 0.082626
v 0.016030 0.007164 0.082941
v 0.010068 0.003816 0.080372
v 0.015333 0.005335 0.081706
v 0.012247 0.003264 0.078543
v 0.012834 0.003088 0.076945
v 0.015314 0.003746 0.079382
v 0.020645 0.005288 0.080493
v 0.017594 0.004421 0.080137
v 0.019189 0.003191 0.076757
v 0.026205 0.005197 0.078732
v 0.030757 0.007457 0.078846
v 0.033378 0.007442 0.077761
v 0.032638 0.004774 0.075808
v 0.026068 0.003161 0.074475
v 0.032550 0.003786 0.074102
v 0.036260 0.007406 0.076442
v 0.036166 0.005320 0.074850
v 0.039009 0.007714 0.075207
v 0.040005 0.006583 0.074021
v 0.030988 0.003209 0.072816
v 0.033432 0.003161 0.071480
v 0.037579 0.003769 0.071628
v 0.042565 0.005345 0.071427
v 0.039926 0.004520 0.071824
v 0.047415 0.007391 0.070060
v 0.048640 0.006418 0.068508
v 0.051931 0.007518 0.066839
v 0.049452 0.004808 0.066068
v 0.045512 0.003186 0.064610
v 0.054709 0.005252 0.062451
v 0.047734 0.003172 0.062880
v 0.055541 0.006471 0.063088
v 0.052829 0.003804 0.061362
v 0.052736 0.003163 0.058692
v 0.060912 0.006577 0.058023
v 0.057939 0.005460 0.059784
v 0.058996 0.003802 0.055436
v 0.060006 0.004531 0.056136
v 0.064528 0.007556 0.054793
v 0.061731 0.005458 0.055834
v 0.057272 0.003209 0.054594
v 0.057819 0.003104 0.052915
v 0.064928 0.004465 0.050201
v 0.066901 0.007323 0.051720
v 0.070014 0.007216 0.047280
v 0.067711 0.005599 0.048669
v 0.071295 0.008000 0.045944
v 0.063815 0.003174 0.046551
v 0.072313 0.006836 0.043269
v 0.070279 0.005602 0.044896
v 0.064627 0.003105 0.044114
v 0.074378 0.007417 0.040314
v 0.069010 0.003793 0.042289
v 0.068177 0.003401 0.041688
v 0.068227 0.003155 0.039534
v 0.073800 0.005377 0.038301
v 0.073881 0.004458 0.035715
v 0.076097 0.007430 0.036976
v 0.071156 0.003791 0.038547
v 0.077528 0.006370 0.032271
v 0.075295 0.005219 0.034892
v 0.077664 0.007691 0.033810
v 0.072804 0.003587 0.034262
v 0.078910 0.007451 0.030541
v 0.077863 0.005243 0.028848
v 0.072219 0.003217 0.032718
v 0.074270 0.003802 0.032221
v 0.079468 0.006414 0.027316
v 0.081178 0.007465 0.023891
v 0.076490 0.003824 0.026598
v 0.075366 0.003218 0.024578
v 0.081574 0.006479 0.020315
v 0.082637 0.007177 0.017504
v 0.083332 0.007243 0.013995
v 0.083661 0.007781 0.013497
v 0.077091 0.003201 0.017653
v 0.076495 0.003104 0.017090
v 0.083290 0.006395 0.010850
v 0.082097 0.005307 0.012889
v 0.079937 0.003773 0.012460
v 0.078216 0.003167 0.010647
v 0.084348 0.007136 0.004108
v 0.084735 0.007916 0.003196
v 0.082337 0.004774 0.005433
v 0.083286 0.005555 0.002429
v 0.080886 0.003902 0.006182
v 0.080363 0.003600 0.004185
v 0.080988 0.003828 0.000383
v -0.083661 0.005873 0.003213
v -0.082102 0.004434 0.003777
v -0.081763 0.004503 0.009100
v -0.079782 0.003409 0.006572
v -0.081150 0.004386 0.012421
v -0.080446 0.003856 0.011055
v -0.080414 0.004452 0.016998
v -0.081079 0.005510 0.019645
v -0.081725 0.007388 0.022294
v -0.079332 0.004474 0.021554
v -0.078113 0.003734 0.021199
v -0.077285 0.004356 0.027522
v -0.076565 0.005706 0.033506
v -0.075395 0.004483 0.032841
v -0.076518 0.006558 0.035202
v -0.074830 0.005288 0.036322
v -0.073452 0.004463 0.036850
v -0.073076 0.003799 0.035074
v -0.072747 0.005255 0.040242
v -0.072519 0.005929 0.041887
v -0.070880 0.004418 0.041432
v -0.068063 0.005243 0.047728
v -0.068567 0.006400 0.048697
v -0.066619 0.004153 0.047312
v -0.066688 0.006464 0.051313
v -0.065065 0.004467 0.050202
v -0.062726 0.006074 0.055645
v -0.062111 0.004403 0.053660
v -0.063502 0.003741 0.050159
v -0.060058 0.004506 0.056148
v -0.057041 0.004537 0.059279
v -0.053861 0.004559 0.062223
v -0.050272 0.004305 0.064682
v -0.046912 0.004410 0.067343
v -0.047179 0.003836 0.065968
v -0.042787 0.005372 0.071396
v -0.043674 0.004465 0.069572
v -0.039243 0.003755 0.070767
v -0.040464 0.004372 0.071344
v -0.034913 0.005654 0.075847
v -0.030459 0.004462 0.076285
v -0.025263 0.006356 0.080166
v -0.025822 0.003870 0.076920
v -0.025445 0.004522 0.078183
v -0.019584 0.005249 0.080728
v -0.020581 0.003783 0.078300
v -0.015389 0.004412 0.080589
v -0.012434 0.003465 0.079192
v -0.010490 0.004815 0.081935
v -0.007740 0.003580 0.080130
v -0.003565 0.006079 0.083715
v -0.001895 0.004496 0.082121
v 0.001680 0.004698 0.082401
v 0.005261 0.003770 0.080734
v 0.004954 0.004365 0.081811
v 0.020620 0.004343 0.079283
v 0.017345 0.003212 0.077365
v 0.019055 0.003710 0.078497
v 0.025103 0.004417 0.078088
v 0.028577 0.004400 0.076829
v 0.026200 0.003745 0.076475
v 0.034241 0.004462 0.074574
v 0.042084 0.004083 0.069829
v 0.048010 0.005498 0.068059
v 0.046694 0.004504 0.067568
v 0.046532 0.003692 0.065990
v 0.051698 0.005355 0.065098
v 0.048277 0.003670 0.064625
v 0.050168 0.004407 0.064861
v 0.053500 0.004446 0.062197
v 0.054300 0.003579 0.059339
v 0.056517 0.004452 0.059503
v 0.062365 0.004505 0.053467
v 0.061843 0.003735 0.052030
v 0.067379 0.004546 0.047066
v 0.065100 0.003640 0.047544
v 0.071683 0.005611 0.042576
v 0.069736 0.004461 0.043259
v 0.072052 0.005210 0.041140
v 0.071779 0.004446 0.039725
v 0.075816 0.005943 0.035326
v 0.075550 0.004414 0.031902
v 0.077018 0.004395 0.028065
v 0.078348 0.004462 0.024467
v 0.077711 0.003660 0.021596
v 0.079466 0.004330 0.019776
v 0.080587 0.005169 0.019615
v 0.082062 0.005823 0.015854
v 0.077609 0.003399 0.018971
v 0.080446 0.004495 0.016456
v 0.079207 0.003853 0.017137
v 0.080965 0.004385 0.012763
v 0.082899 0.005520 0.008493
v 0.079108 0.003411 0.011686
v 0.081347 0.004313 0.009114
v -0.089540 0.015755 0.008011
v -0.086683 0.007111 0.003609
v -0.086586 0.007453 0.007167
v -0.089180 0.016065 0.012183
v -0.086328 0.007453 0.009784
v -0.088455 0.015899 0.016305
v -0.085156 0.006557 0.015403
v -0.087306 0.015209 0.020562
v -0.084986 0.015349 0.028812
v -0.083491 0.015590 0.033133
v -0.080812 0.007380 0.031831
v -0.081827 0.015281 0.036781
v -0.077890 0.006673 0.037790
v -0.077634 0.015397 0.045025
v -0.074805 0.006662 0.043588
v -0.075238 0.015689 0.049103
v -0.070532 0.007115 0.050485
v -0.072372 0.014898 0.052746
v -0.066633 0.015472 0.060136
v -0.069646 0.015161 0.056442
v -0.064133 0.017863 0.064029
v -0.059686 0.016220 0.067400
v -0.061976 0.007099 0.060659
v -0.058280 0.007397 0.064366
v -0.056051 0.016311 0.070488
v -0.055980 0.012658 0.068834
v -0.052357 0.012658 0.071624
v -0.051378 0.006557 0.069572
v -0.049196 0.015162 0.074917
v -0.041388 0.015484 0.079620
v -0.044755 0.012658 0.076595
v -0.044294 0.006758 0.074368
v -0.039857 0.006498 0.076713
v -0.036988 0.006600 0.078188
v -0.037196 0.015434 0.081636
v -0.033760 0.006708 0.079682
v -0.032931 0.015003 0.083278
v -0.030779 0.006616 0.080836
v -0.024655 0.015595 0.086309
v -0.016459 0.015000 0.088013
v -0.020335 0.012658 0.086327
v -0.019795 0.006755 0.084241
v -0.015917 0.007361 0.085303
v -0.008111 0.015310 0.089274
v -0.012187 0.014388 0.088475
v -0.007992 0.007574 0.086478
v -0.004066 0.016018 0.089804
v -0.000064 0.015931 0.089862
v 0.003936 0.015964 0.089785
v 0.007988 0.015339 0.089285
v 0.016198 0.014612 0.087892
v 0.012056 0.014346 0.088460
v 0.016462 0.006590 0.084868
v 0.024523 0.015559 0.086295
v 0.025495 0.007159 0.082828
v 0.032842 0.014559 0.083087
v 0.028810 0.015528 0.084944
v 0.037063 0.015347 0.081604
v 0.041218 0.015921 0.079819
v 0.045096 0.015202 0.077389
v 0.045988 0.006588 0.073189
v 0.048898 0.014774 0.074857
v 0.050012 0.007138 0.070746
v 0.056530 0.015622 0.069667
v 0.052901 0.015795 0.072542
v 0.052053 0.007453 0.069400
v 0.056404 0.006601 0.065494
v 0.060002 0.015043 0.066418
v 0.058748 0.006651 0.063433
v 0.067235 0.017863 0.060628
v 0.062667 0.012658 0.062691
v 0.070280 0.017863 0.057069
v 0.065829 0.012658 0.059361
v 0.068810 0.012658 0.055876
v 0.075774 0.017863 0.049541
v 0.071600 0.012658 0.052253
v 0.071630 0.006602 0.048366
v 0.074124 0.014213 0.049642
v 0.080421 0.017863 0.041575
v 0.076572 0.012658 0.044651
v 0.076225 0.007001 0.041076
v 0.078813 0.014221 0.041803
v 0.080691 0.012658 0.036688
v 0.082624 0.014314 0.033744
v 0.080483 0.006680 0.031629
v 0.083933 0.012658 0.028504
v 0.083321 0.007366 0.024085
v 0.084788 0.006619 0.016849
v 0.088178 0.015535 0.016401
v 0.085358 0.006713 0.013906
v 0.089007 0.015935 0.012165
v 0.089353 0.015594 0.008026
v 0.089781 0.015999 0.003866
v -0.089163 0.013886 0.003469
v -0.086306 0.015113 0.024299
v -0.079504 0.015084 0.041401
v -0.063505 0.013981 0.062661
v -0.060585 0.014222 0.065609
v -0.052746 0.016548 0.073092
v -0.045077 0.016308 0.077950
v -0.029247 0.015237 0.084734
v -0.022643 0.015260 0.086731
v -0.020178 0.016559 0.087822
v 0.020754 0.015331 0.087200
v 0.063263 0.016493 0.064068
v 0.064956 0.015260 0.061697
v 0.068062 0.015260 0.058252
v 0.072053 0.016116 0.053771
v 0.077219 0.016288 0.046162
v 0.081474 0.016208 0.038092
v 0.084010 0.016326 0.032231
v 0.085458 0.016236 0.028069
v 0.086283 0.015201 0.024047
v 0.087288 0.015255 0.020170
v 0.086797 0.007636 0.002315
v 0.086641 0.007133 -0.000043
v 0.086121 0.006142 -0.003309
v 0.086641 0.007323 -0.003505
v 0.085222 0.004921 -0.005444
v 0.082053 0.002103 -0.001108
v 0.084189 0.003944 -0.007935
v 0.078657 0.001083 -0.000764
v 0.080430 0.001502 -0.003999
v 0.084725 0.005055 -0.011549
v 0.084891 0.006100 -0.014756
v 0.079873 0.001499 -0.010153
v 0.078249 0.001166 -0.011187
v 0.083787 0.004899 -0.016440
v 0.078847 0.001381 -0.014428
v 0.082654 0.005067 -0.021978
v 0.082609 0.006197 -0.024737
v 0.080649 0.004810 -0.027904
v 0.078290 0.001469 -0.018444
v 0.081023 0.006209 -0.029513
v 0.079437 0.004960 -0.031459
v 0.076470 0.001392 -0.024204
v 0.079926 0.005737 -0.031622
v 0.078230 0.005173 -0.034753
v 0.075730 0.001518 -0.027566
v 0.076563 0.003806 -0.035658
v 0.073929 0.001522 -0.032103
v 0.075881 0.005051 -0.039461
v 0.073421 0.004432 -0.042940
v 0.071615 0.001516 -0.037056
v 0.071825 0.005129 -0.046546
v 0.067560 0.001145 -0.040861
v 0.069314 0.001496 -0.040975
v 0.070414 0.002027 -0.041860
v 0.068817 0.005129 -0.050896
v 0.067261 0.001473 -0.044181
v 0.065641 0.001184 -0.044350
v 0.065131 0.005063 -0.055473
v 0.061899 0.004118 -0.057960
v 0.063717 0.001440 -0.049018
v 0.060180 0.005121 -0.060873
v 0.057910 0.001145 -0.053690
v 0.060118 0.001565 -0.053996
v 0.057205 0.004940 -0.063482
v 0.057419 0.003766 -0.061908
v 0.056686 0.001379 -0.056718
v 0.058317 0.006192 -0.063553
v 0.054059 0.001163 -0.057699
v 0.053763 0.001469 -0.059883
v 0.050143 0.005121 -0.069389
v 0.049705 0.001444 -0.063193
v 0.046806 0.004940 -0.071509
v 0.044714 0.001189 -0.065447
v 0.046317 0.001522 -0.066009
v 0.042357 0.001513 -0.068591
v 0.042501 0.002028 -0.070080
v 0.038785 0.004910 -0.076157
v 0.041279 0.001163 -0.067455
v 0.037749 0.001173 -0.069565
v 0.037022 0.001434 -0.071358
v 0.034830 0.004921 -0.078036
v 0.031950 0.005131 -0.079451
v 0.033484 0.001141 -0.071542
v 0.033204 0.001496 -0.073403
v 0.028083 0.005396 -0.081104
v 0.024941 0.005082 -0.081893
v 0.029569 0.001378 -0.074567
v 0.024172 0.006190 -0.082833
v 0.025588 0.001363 -0.075975
v 0.019537 0.004997 -0.083281
v 0.021268 0.006206 -0.083637
v 0.022361 0.001559 -0.077659
v 0.015061 0.004878 -0.084115
v 0.016481 0.001163 -0.077375
v 0.016194 0.001521 -0.079025
v 0.011184 0.005148 -0.084927
v 0.012141 0.006587 -0.085669
v 0.015269 0.001993 -0.080466
v 0.007507 0.003861 -0.084243
v 0.013078 0.001185 -0.078202
v 0.006264 0.004906 -0.085259
v 0.011234 0.002116 -0.081405
v 0.000434 0.004878 -0.085463
v 0.009231 0.001094 -0.078206
v 0.011053 0.001576 -0.080129
v 0.000167 0.003877 -0.084594
v 0.006890 0.001368 -0.079897
v -0.006308 0.004906 -0.085265
v -0.003384 0.005235 -0.085667
v 0.003044 0.001505 -0.080577
v -0.007757 0.003952 -0.084318
v 0.000116 0.001265 -0.079721
v -0.001818 0.001518 -0.080648
v -0.004116 0.001082 -0.078554
v -0.011391 0.006587 -0.085789
v -0.011707 0.004996 -0.084760
v -0.015496 0.004960 -0.084119
v -0.006934 0.001168 -0.078951
v -0.007173 0.001514 -0.080350
v -0.018848 0.005173 -0.083599
v -0.014304 0.001084 -0.077372
v -0.014069 0.001497 -0.079387
v -0.014995 0.001945 -0.080428
v -0.023776 0.005053 -0.082256
v -0.027675 0.004960 -0.080941
v -0.023573 0.003855 -0.081242
v -0.019441 0.001145 -0.076617
v -0.019234 0.001435 -0.078125
v -0.022397 0.001265 -0.076527
v -0.031294 0.005129 -0.079761
v -0.025423 0.001557 -0.076745
v -0.036043 0.005129 -0.077733
v -0.034380 0.003821 -0.077261
v -0.029177 0.001370 -0.074733
v -0.031347 0.001522 -0.074367
v -0.039844 0.004873 -0.075633
v -0.039481 0.003791 -0.074764
v -0.042860 0.005156 -0.074221
v -0.036276 0.001498 -0.072021
v -0.043399 0.003822 -0.072586
v -0.039883 0.001380 -0.069657
v -0.036918 0.002027 -0.073256
v -0.046552 0.004937 -0.071755
v -0.049641 0.004695 -0.069440
v -0.050121 0.006535 -0.070558
v -0.041060 0.001163 -0.067665
v -0.041795 0.002030 -0.070578
v -0.043958 0.001160 -0.065873
v -0.043919 0.001521 -0.067764
v -0.054412 0.005042 -0.066110
v -0.057741 0.004946 -0.063116
v -0.048960 0.001685 -0.064836
v -0.059363 0.003872 -0.060310
v -0.052322 0.001440 -0.061162
v -0.061475 0.006557 -0.060930
v -0.054774 0.001732 -0.060175
v -0.064825 0.003766 -0.054244
v -0.065483 0.005013 -0.055164
v -0.055778 0.001156 -0.056173
v -0.059651 0.001379 -0.053727
v -0.069435 0.005120 -0.050213
v -0.062339 0.002080 -0.053482
v -0.071529 0.004940 -0.046915
v -0.069227 0.003754 -0.048477
v -0.061694 0.001156 -0.049605
v -0.063833 0.001474 -0.049208
v -0.064305 0.001166 -0.046195
v -0.067456 0.001434 -0.043858
v -0.074485 0.004863 -0.041981
v -0.077472 0.004855 -0.036119
v -0.068773 0.001160 -0.039280
v -0.079181 0.004951 -0.032497
v -0.071273 0.001431 -0.037331
v -0.072312 0.002026 -0.038751
v -0.073665 0.001506 -0.032891
v -0.080777 0.004946 -0.028158
v -0.075752 0.002054 -0.031605
v -0.082006 0.004897 -0.024224
v -0.081746 0.005737 -0.026944
v -0.073986 0.001265 -0.029782
v -0.075609 0.001518 -0.028240
v -0.083219 0.005173 -0.020535
v -0.077056 0.001519 -0.023948
v -0.075758 0.001147 -0.022685
v -0.084217 0.005053 -0.015529
v -0.078021 0.001405 -0.019246
v -0.083321 0.003753 -0.014037
v -0.084916 0.005154 -0.011569
v -0.079957 0.001977 -0.017815
v -0.079074 0.001413 -0.014449
v -0.085245 0.005009 -0.007692
v -0.086761 0.007113 -0.000043
v -0.079988 0.001498 -0.010239
v -0.085651 0.005039 -0.000267
v -0.080437 0.001495 -0.005712
v -0.081446 0.001922 -0.007274
v -0.082874 0.002511 -0.000568
v -0.079031 0.001151 -0.004130
v -0.077613 0.001068 -0.005469
v -0.079036 0.001139 -0.001503
v 0.085642 0.005223 -0.000251
v 0.086265 0.007088 -0.008095
v 0.084374 0.003727 -0.000523
v 0.085851 0.006233 -0.008195
v 0.085592 0.006777 -0.012598
v 0.081711 0.002011 -0.004785
v 0.085264 0.007111 -0.015383
v 0.083711 0.003851 -0.011279
v 0.079038 0.001185 -0.004613
v 0.082601 0.002740 -0.009505
v 0.077995 0.001075 -0.005885
v 0.081211 0.001931 -0.008558
v 0.084629 0.006681 -0.017800
v 0.082771 0.003744 -0.016384
v 0.084087 0.006588 -0.020039
v 0.080686 0.001982 -0.013422
v 0.078001 0.001081 -0.009332
v 0.082313 0.003918 -0.019251
v 0.083318 0.007364 -0.024175
v 0.077003 0.001079 -0.014157
v 0.079754 0.001974 -0.018069
v 0.081846 0.006755 -0.028030
v 0.080457 0.002940 -0.022057
v 0.080854 0.003796 -0.024346
v 0.081026 0.007130 -0.030734
v 0.079125 0.002099 -0.021732
v 0.076563 0.001079 -0.017065
v 0.080220 0.007453 -0.033095
v 0.077579 0.001989 -0.025981
v 0.079688 0.006328 -0.033105
v 0.076393 0.001173 -0.020678
v 0.079122 0.007064 -0.035295
v 0.078062 0.002820 -0.028893
v 0.078021 0.003637 -0.031813
v 0.078131 0.006613 -0.037048
v 0.074333 0.001073 -0.024219
v 0.076642 0.002028 -0.028904
v 0.076713 0.006587 -0.039872
v 0.073783 0.001160 -0.028457
v 0.075726 0.002787 -0.034465
v 0.075022 0.002039 -0.032949
v 0.074488 0.006292 -0.043569
v 0.074990 0.007635 -0.043849
v 0.072457 0.001163 -0.031581
v 0.072816 0.002047 -0.037616
v 0.074424 0.003724 -0.039741
v 0.071581 0.001070 -0.030922
v 0.070381 0.001077 -0.034319
v 0.072530 0.002820 -0.040898
v 0.072358 0.006586 -0.047329
v 0.070405 0.007115 -0.050565
v 0.069880 0.001158 -0.036900
v 0.071005 0.003711 -0.045553
v 0.070131 0.006308 -0.050307
v 0.069344 0.002823 -0.046067
v 0.068173 0.001070 -0.037773
v 0.068460 0.002009 -0.044912
v 0.065806 0.002823 -0.051014
v 0.068683 0.003823 -0.049182
v 0.065812 0.002048 -0.048884
v 0.065549 0.001074 -0.042714
v 0.066610 0.003694 -0.051745
v 0.067491 0.006580 -0.054062
v 0.065543 0.007158 -0.056751
v 0.064793 0.003753 -0.054108
v 0.063829 0.006311 -0.058108
v 0.062177 0.001070 -0.047091
v 0.063670 0.001143 -0.046788
v 0.063401 0.002050 -0.051954
v 0.061497 0.006308 -0.060572
v 0.061849 0.007099 -0.060738
v 0.060987 0.001158 -0.050273
v 0.058153 0.007397 -0.064446
v 0.060637 0.002056 -0.055179
v 0.059902 0.003873 -0.059645
v 0.058464 0.001069 -0.051498
v 0.054107 0.002823 -0.063305
v 0.056626 0.002011 -0.059195
v 0.055012 0.003677 -0.063928
v 0.054154 0.006853 -0.067583
v 0.053838 0.005326 -0.066757
v 0.055366 0.001075 -0.055360
v 0.051511 0.006309 -0.069279
v 0.052124 0.003784 -0.066461
v 0.049867 0.007194 -0.070961
v 0.051626 0.001145 -0.059777
v 0.046966 0.006616 -0.072659
v 0.050501 0.001069 -0.059386
v 0.044168 0.006758 -0.074447
v 0.048668 0.001988 -0.065816
v 0.046075 0.003879 -0.070899
v 0.048999 0.001141 -0.061933
v 0.042323 0.006586 -0.075448
v 0.039880 0.006230 -0.076538
v 0.041551 0.003762 -0.073525
v 0.039420 0.007062 -0.077203
v 0.046134 0.002028 -0.067738
v 0.040067 0.002823 -0.073026
v 0.035999 0.007383 -0.079007
v 0.043517 0.001073 -0.064983
v 0.038328 0.002024 -0.072448
v 0.036432 0.006191 -0.078208
v 0.038212 0.003982 -0.075551
v 0.033066 0.006623 -0.079958
v 0.035545 0.003681 -0.076521
v 0.030653 0.006616 -0.080916
v 0.038358 0.001073 -0.068194
v 0.031367 0.003849 -0.078509
v 0.033963 0.002057 -0.074656
v 0.030194 0.002821 -0.077628
v 0.027334 0.006757 -0.082150
v 0.032008 0.001069 -0.071072
v 0.026791 0.002823 -0.078862
v 0.023673 0.007369 -0.083538
v 0.027942 0.003822 -0.079768
v 0.027678 0.002038 -0.077182
v 0.024111 0.003752 -0.080941
v 0.030285 0.001092 -0.072556
v 0.026457 0.001085 -0.073994
v 0.022934 0.002048 -0.078750
v 0.020069 0.003900 -0.082184
v 0.018020 0.002982 -0.081572
v 0.017982 0.006208 -0.084408
v 0.021952 0.002853 -0.080436
v 0.015791 0.007361 -0.085383
v 0.015030 0.006188 -0.084975
v 0.014870 0.003992 -0.083371
v 0.018510 0.002016 -0.079827
v 0.016103 0.003875 -0.083028
v 0.007866 0.007574 -0.086558
v 0.020878 0.001146 -0.076221
v 0.007181 0.006237 -0.086041
v 0.020675 0.001069 -0.075238
v 0.011022 0.003713 -0.083690
v 0.009648 0.002559 -0.082371
v 0.013451 0.001074 -0.077135
v 0.003919 0.006755 -0.086508
v 0.007242 0.002056 -0.081703
v 0.001866 0.006598 -0.086521
v 0.003951 0.003772 -0.084383
v -0.001026 0.006589 -0.086535
v 0.005632 0.002715 -0.082988
v -0.004622 0.006561 -0.086403
v 0.003654 0.001946 -0.081722
v 0.001702 0.002859 -0.083399
v 0.000131 0.002056 -0.082030
v 0.004370 0.001070 -0.077911
v -0.003155 0.002938 -0.083431
v -0.000728 0.002648 -0.083071
v -0.003176 0.003839 -0.084492
v -0.007923 0.006668 -0.086226
v 0.003615 0.001154 -0.078986
v -0.003019 0.001991 -0.081849
v -0.001203 0.001082 -0.078558
v -0.004181 0.002022 -0.081869
v -0.013687 0.006602 -0.085466
v -0.008168 0.002070 -0.081682
v -0.012048 0.003852 -0.083712
v -0.016589 0.006590 -0.084948
v -0.019465 0.006772 -0.084405
v -0.015202 0.003764 -0.083122
v -0.008425 0.001052 -0.074577
v -0.011061 0.002015 -0.081217
v -0.010308 0.001160 -0.078502
v -0.012139 0.002707 -0.082276
v -0.021924 0.007453 -0.084065
v -0.016914 0.002774 -0.081552
v -0.020945 0.006180 -0.083735
v -0.019976 0.003672 -0.082011
v -0.024007 0.006588 -0.083154
v -0.028010 0.006660 -0.081944
v -0.022380 0.002697 -0.080107
v -0.020109 0.001986 -0.079415
v -0.017339 0.001069 -0.076037
v -0.027821 0.003668 -0.079689
v -0.032826 0.006653 -0.080130
v -0.024836 0.002117 -0.078345
v -0.031094 0.003889 -0.078709
v -0.028305 0.002029 -0.076978
v -0.031231 0.002821 -0.077267
v -0.022981 0.001075 -0.074879
v -0.036096 0.006604 -0.078678
v -0.040033 0.007389 -0.077105
v -0.032432 0.002067 -0.075414
v -0.025652 0.001153 -0.074812
v -0.039821 0.006256 -0.076647
v -0.036746 0.002963 -0.075045
v -0.028339 0.001074 -0.073024
v -0.043257 0.007066 -0.075191
v -0.030689 0.001086 -0.072505
v -0.044159 0.006307 -0.074265
v -0.046114 0.006588 -0.073269
v -0.033092 0.001088 -0.071523
v -0.036037 0.001091 -0.070018
v -0.047778 0.006757 -0.072263
v -0.045973 0.003835 -0.070993
v -0.047002 0.003004 -0.069156
v -0.052896 0.006749 -0.068611
v -0.040004 0.001073 -0.067325
v -0.055242 0.007157 -0.066946
v -0.049943 0.002596 -0.066334
v -0.046242 0.002013 -0.067729
v -0.050559 0.003705 -0.067651
v -0.057550 0.006558 -0.064650
v -0.053116 0.003878 -0.065884
v -0.059382 0.006599 -0.063006
v -0.052022 0.001938 -0.063145
v -0.048134 0.001189 -0.063066
v -0.054862 0.002624 -0.062387
v -0.046913 0.001073 -0.062666
v -0.057839 0.002417 -0.059215
v -0.062056 0.003747 -0.057359
v -0.052138 0.001091 -0.059012
v -0.060186 0.002567 -0.057133
v -0.064394 0.006684 -0.057942
v -0.063238 0.002815 -0.054302
v -0.059071 0.001748 -0.056046
v -0.067361 0.006555 -0.054354
v -0.054571 0.001069 -0.055739
v -0.069179 0.006624 -0.052085
v -0.058255 0.001075 -0.052447
v -0.064638 0.002049 -0.050578
v -0.066588 0.002911 -0.050363
v -0.071178 0.006614 -0.049313
v -0.067982 0.003846 -0.050364
v -0.073741 0.006732 -0.045475
v -0.069485 0.002822 -0.046046
v -0.076352 0.007001 -0.041157
v -0.067559 0.002000 -0.046448
v -0.071161 0.003736 -0.045556
v -0.062025 0.001070 -0.047368
v -0.074075 0.003842 -0.040892
v -0.076738 0.006193 -0.039600
v -0.078323 0.007453 -0.037636
v -0.066584 0.001137 -0.042550
v -0.078137 0.006205 -0.036752
v -0.079166 0.006759 -0.035192
v -0.074646 0.002825 -0.037161
v -0.066647 0.001070 -0.040648
v -0.080193 0.006614 -0.032646
v -0.081160 0.006680 -0.030236
v -0.076460 0.003761 -0.036029
v -0.070126 0.001151 -0.036711
v -0.074652 0.002061 -0.034145
v -0.082181 0.007064 -0.027788
v -0.077476 0.002820 -0.030767
v -0.070143 0.001070 -0.034230
v -0.071707 0.001163 -0.033554
v -0.081592 0.006286 -0.028414
v -0.083448 0.007366 -0.024166
v -0.076261 0.001948 -0.029696
v -0.079534 0.003754 -0.028589
v -0.071981 0.001083 -0.031673
v -0.082959 0.006256 -0.024073
v -0.078045 0.002026 -0.025251
v -0.084214 0.006773 -0.020351
v -0.080025 0.002821 -0.023316
v -0.072755 0.001074 -0.029059
v -0.074711 0.001160 -0.026284
v -0.084762 0.006543 -0.017511
v -0.078791 0.001997 -0.022530
v -0.081511 0.003693 -0.022069
v -0.081117 0.002742 -0.018845
v -0.082916 0.003892 -0.017032
v -0.085485 0.006713 -0.013987
v -0.074557 0.001069 -0.022872
v -0.086132 0.006648 -0.008952
v -0.076073 0.001085 -0.019932
v -0.083902 0.003915 -0.011296
v -0.080587 0.001976 -0.014611
v -0.077205 0.001086 -0.015280
v -0.083970 0.003679 -0.008691
v -0.086372 0.006592 -0.005806
v -0.081365 0.002025 -0.010290
v -0.086304 0.006221 -0.003168
v -0.077307 0.001069 -0.010507
v -0.085090 0.004467 -0.004013
v -0.078352 0.001145 -0.010501
v -0.082008 0.002053 -0.002463
v -0.078934 0.001177 -0.007307
v 0.083112 0.002874 -0.005884
v 0.082216 0.002845 -0.013303
v 0.081124 0.002668 -0.017645
v 0.079223 0.003804 -0.029252
v 0.062185 0.002821 -0.055363
v 0.058826 0.002820 -0.058938
v 0.056085 0.006051 -0.065438
v 0.052240 0.002073 -0.063264
v 0.049480 0.002820 -0.066978
v 0.049049 0.003846 -0.068836
v 0.045370 0.002932 -0.070043
v 0.045919 0.005972 -0.072895
v 0.034465 0.002820 -0.075833
v 0.030685 0.002023 -0.075991
v 0.015727 0.002690 -0.081619
v 0.012935 0.002995 -0.082561
v -0.007614 0.003016 -0.083282
v -0.027255 0.002821 -0.078756
v -0.042025 0.002820 -0.071987
v -0.052682 0.005260 -0.067701
v -0.052122 0.002820 -0.065041
v -0.056404 0.003790 -0.062987
v -0.074366 0.006174 -0.043893
v -0.071722 0.002821 -0.042474
v -0.070136 0.002054 -0.042675
v -0.078254 0.002613 -0.027853
v -0.080570 0.003709 -0.025338
v -0.081900 0.002713 -0.014636
v -0.082529 0.002714 -0.010556
v -0.083136 0.002782 -0.005596
v 0.043121 0.004949 -0.073808
v -0.061203 0.005107 -0.059962
v -0.078539 0.004069 -0.032078
v 0.051188 0.001068 0.054731
v 0.053475 0.001069 0.056637
v 0.054700 0.001068 0.051204
v 0.057805 0.001068 0.047696
v 0.046154 0.001068 0.059057
v 0.046787 0.001073 0.062585
v 0.061000 0.001068 0.043505
v 0.040744 0.001068 0.062900
v 0.040584 0.001070 0.066551
v 0.063763 0.001068 0.039365
v 0.066520 0.001070 0.040567
v 0.036474 0.001068 0.065458
v 0.066226 0.001068 0.035040
v 0.033541 0.001068 0.067010
v 0.068302 0.001068 0.030840
v 0.028756 0.001068 0.069220
v 0.070286 0.001068 0.025958
v 0.072628 0.001074 0.028977
v 0.022523 0.001068 0.071496
v 0.022855 0.001075 0.074798
v 0.017214 0.001069 0.075957
v 0.071866 0.001068 0.021238
v 0.074430 0.001069 0.022790
v 0.016397 0.001068 0.073143
v 0.013026 0.001070 0.076898
v 0.073412 0.001068 0.015086
v 0.074276 0.001068 0.009886
v 0.009866 0.001068 0.074323
v 0.006061 0.001069 0.077657
v 0.002962 0.001068 0.074916
v 0.074768 0.001068 0.005228
v 0.078580 0.001096 0.003374
v 0.074936 0.001068 -0.000040
v 0.074807 0.001068 -0.004723
v -0.003675 0.001068 0.074890
v -0.009992 0.001068 0.074311
v 0.074100 0.001068 -0.011321
v -0.016527 0.001068 0.073155
v -0.020799 0.001069 0.075159
v 0.072813 0.001068 -0.017832
v -0.021338 0.001068 0.071879
v 0.070955 0.001068 -0.024203
v -0.026065 0.001068 0.070320
v -0.025625 0.001075 0.073979
v 0.069067 0.001068 -0.029124
v -0.030670 0.001068 0.068431
v -0.033669 0.001068 0.067010
v 0.067132 0.001068 -0.033390
v -0.038303 0.001068 0.064499
v 0.064610 0.001068 -0.038018
v -0.043615 0.001068 0.061033
v 0.062127 0.001068 -0.041991
v 0.058176 0.001068 -0.047323
v -0.048851 0.001068 0.056954
v 0.054700 0.001068 -0.051284
v -0.052507 0.001068 0.053576
v 0.051406 0.001068 -0.054615
v -0.058589 0.001069 0.051421
v -0.056155 0.001068 0.049772
v 0.047436 0.001068 -0.058082
v 0.043729 0.001068 -0.060947
v -0.062302 0.001070 0.047015
v -0.060338 0.001068 0.044620
v -0.062994 0.001068 0.040761
v 0.039336 0.001068 -0.063858
v -0.064737 0.001068 0.037938
v -0.068298 0.001070 0.037696
v -0.067259 0.001068 0.033310
v 0.035283 0.001068 -0.066208
v -0.071707 0.001070 0.030846
v 0.029297 0.001068 -0.069073
v -0.069195 0.001068 0.029044
v -0.070414 0.001068 0.025958
v -0.074479 0.001070 0.023374
v 0.024371 0.001068 -0.070948
v -0.072082 0.001068 0.020958
v 0.019902 0.001068 -0.072351
v -0.073236 0.001068 0.016418
v 0.014771 0.001068 -0.073558
v -0.073892 0.001068 0.013165
v 0.010155 0.001068 -0.074358
v -0.077092 0.001068 0.010166
v -0.074654 0.001068 0.007950
v 0.004911 0.001068 -0.074875
v -0.077822 0.001068 0.004157
v -0.075068 0.001068 0.001326
v 0.001595 0.001068 -0.075022
v -0.003089 0.001068 -0.074996
v -0.074895 0.001068 -0.005308
v -0.074404 0.001068 -0.009967
v -0.011632 0.001068 -0.074143
v -0.073540 0.001068 -0.015166
v -0.016239 0.001068 -0.073292
v -0.071994 0.001068 -0.021318
v -0.022650 0.001068 -0.071576
v -0.070414 0.001068 -0.026038
v -0.029157 0.001068 -0.069193
v -0.068430 0.001068 -0.030920
v -0.033669 0.001068 -0.067090
v -0.066354 0.001068 -0.035120
v -0.063891 0.001068 -0.039445
v -0.038047 0.001068 -0.064723
v -0.061128 0.001068 -0.043585
v -0.043380 0.001068 -0.061288
v -0.047563 0.001068 -0.058082
v -0.057932 0.001068 -0.047776
v -0.054827 0.001068 -0.051284
v -0.051315 0.001068 -0.054812
v 0.074863 0.000068 0.003277
v 0.074526 0.000068 0.007950
v 0.073765 0.000068 0.013165
v 0.072813 0.000068 0.017752
v 0.071367 0.000068 0.022820
v 0.070286 0.000068 0.025958
v 0.068542 0.000068 0.030305
v 0.066226 0.000068 0.035040
v 0.063774 0.000068 0.039372
v 0.061000 0.000068 0.043505
v 0.059014 0.000068 0.046164
v 0.056027 0.000068 0.049772
v 0.052379 0.000068 0.053576
v 0.049956 0.000068 0.055844
v 0.046147 0.000068 0.059047
v 0.042120 0.000068 0.061972
v 0.039336 0.000068 0.063777
v 0.035021 0.000068 0.066260
v 0.030543 0.000068 0.068431
v 0.025938 0.000068 0.070320
v 0.019902 0.000068 0.072271
v 0.014771 0.000068 0.073478
v 0.009864 0.000068 0.074311
v 0.003547 0.000068 0.074890
v -0.001723 0.000068 0.074942
v -0.006402 0.000068 0.074708
v -0.011632 0.000068 0.074062
v -0.016524 0.000068 0.073143
v -0.021338 0.000068 0.071879
v -0.024499 0.000068 0.070868
v -0.027611 0.000068 0.069718
v -0.032182 0.000068 0.067747
v -0.036602 0.000068 0.065458
v -0.040628 0.000068 0.063063
v -0.044949 0.000068 0.060046
v -0.048842 0.000068 0.056945
v -0.052507 0.000068 0.053576
v -0.055764 0.000068 0.050209
v -0.059142 0.000068 0.046164
v -0.061925 0.000068 0.042395
v -0.064737 0.000068 0.037938
v -0.066997 0.000068 0.033834
v -0.069195 0.000068 0.029044
v -0.070414 0.000068 0.025958
v -0.071915 0.000068 0.021520
v -0.073236 0.000068 0.016418
v -0.073892 0.000068 0.013165
v -0.074589 0.000068 0.008532
v -0.074990 0.000068 0.003277
v -0.075068 0.000068 -0.001407
v 0.073862 0.001068 -0.003360
v 0.073927 0.000068 -0.001994
v 0.073936 0.001068 -0.000040
v 0.073638 0.001068 -0.006673
v 0.073638 0.000068 -0.006673
v 0.073267 0.001068 -0.009973
v 0.072747 0.001068 -0.013253
v 0.072996 0.000068 -0.011909
v 0.072081 0.001068 -0.016507
v 0.072081 0.000068 -0.016507
v 0.071270 0.001068 -0.019727
v 0.070314 0.001068 -0.022907
v 0.070741 0.000068 -0.021608
v 0.069218 0.001068 -0.026042
v 0.069218 0.000068 -0.026042
v 0.067981 0.001068 -0.029124
v 0.067981 0.000068 -0.029124
v 0.066608 0.001068 -0.032148
v 0.065100 0.001068 -0.035106
v 0.065752 0.000068 -0.033904
v 0.063462 0.001068 -0.037995
v 0.063462 0.000068 -0.037995
v 0.061695 0.001068 -0.040807
v 0.060774 0.000068 -0.042188
v 0.059804 0.001068 -0.043536
v 0.057792 0.000068 -0.046178
v 0.057792 0.001068 -0.046178
v 0.055664 0.001068 -0.048728
v 0.053423 0.001068 -0.051179
v 0.054566 0.000068 -0.049973
v 0.051075 0.000068 -0.053527
v 0.051075 0.001068 -0.053527
v 0.048624 0.001068 -0.055767
v 0.046075 0.001068 -0.057896
v 0.047146 0.000068 -0.057046
v 0.043432 0.001068 -0.059907
v 0.043432 0.000068 -0.059907
v 0.040703 0.001068 -0.061799
v 0.039313 0.000068 -0.062707
v 0.037891 0.001068 -0.063565
v 0.035003 0.000068 -0.065204
v 0.035003 0.001068 -0.065204
v 0.032044 0.001068 -0.066712
v 0.030544 0.000068 -0.067426
v 0.029020 0.001068 -0.068085
v 0.025938 0.000068 -0.069322
v 0.025938 0.001068 -0.069322
v 0.022804 0.001068 -0.070418
v 0.019623 0.001068 -0.071373
v 0.020943 0.000068 -0.071014
v 0.016403 0.001068 -0.072185
v 0.016403 0.000068 -0.072185
v 0.013150 0.001068 -0.072851
v 0.009870 0.001068 -0.073370
v 0.011225 0.000068 -0.073191
v 0.006570 0.001068 -0.073742
v 0.006570 0.000068 -0.073742
v 0.003256 0.001068 -0.073966
v 0.003256 0.000068 -0.073966
v -0.000064 0.001068 -0.074040
v -0.003384 0.001068 -0.073966
v -0.002018 0.000068 -0.074031
v -0.006697 0.001068 -0.073742
v -0.006697 0.000068 -0.073742
v -0.009997 0.001068 -0.073370
v -0.011642 0.000068 -0.073140
v -0.013277 0.001068 -0.072851
v -0.016530 0.000068 -0.072185
v -0.016530 0.001068 -0.072185
v -0.019750 0.001068 -0.071373
v -0.022931 0.001068 -0.070418
v -0.021349 0.000068 -0.070924
v -0.026065 0.001068 -0.069322
v -0.027347 0.000068 -0.068845
v -0.029148 0.001068 -0.068085
v -0.032171 0.000068 -0.066712
v -0.032171 0.001068 -0.066712
v -0.035130 0.001068 -0.065204
v -0.036846 0.000068 -0.064271
v -0.038018 0.001068 -0.063565
v -0.040830 0.001068 -0.061799
v -0.040830 0.000068 -0.061799
v -0.043560 0.001068 -0.059907
v -0.043560 0.000068 -0.059907
v -0.046202 0.001068 -0.057896
v -0.048751 0.001068 -0.055767
v -0.047724 0.000068 -0.056670
v -0.051202 0.001068 -0.053527
v -0.051202 0.000068 -0.053527
v -0.053551 0.000068 -0.051179
v -0.053551 0.001068 -0.051179
v -0.055791 0.001068 -0.048728
v -0.057919 0.001068 -0.046178
v -0.056878 0.000068 -0.047472
v -0.059931 0.000068 -0.043536
v -0.059931 0.001068 -0.043536
v -0.061822 0.000068 -0.040807
v -0.061822 0.001068 -0.040807
v -0.063589 0.001068 -0.037995
v -0.064434 0.000068 -0.036565
v -0.065228 0.001068 -0.035106
v -0.066735 0.001068 -0.032148
v -0.067333 0.000068 -0.030917
v -0.068109 0.001068 -0.029124
v -0.069345 0.000068 -0.026042
v -0.069345 0.001068 -0.026042
v -0.070442 0.001068 -0.022907
v -0.071037 0.000068 -0.021046
v -0.071397 0.001068 -0.019727
v -0.072208 0.001068 -0.016507
v -0.072874 0.001068 -0.013253
v -0.072635 0.000068 -0.014600
v -0.073394 0.001068 -0.009973
v -0.073766 0.001068 -0.006673
v -0.073609 0.000068 -0.008327
v -0.073989 0.001068 -0.003360
v -0.074064 0.001068 -0.000040
v -0.074069 0.000068 -0.001701
v 0.051075 0.000068 0.053447
v 0.053423 0.000068 0.051098
v 0.047597 0.000068 0.056590
v 0.056750 0.000068 0.047392
v 0.043432 0.000068 0.059827
v 0.059804 0.000068 0.043456
v 0.061695 0.000068 0.040726
v 0.040703 0.000068 0.061718
v 0.036719 0.000068 0.064190
v 0.064307 0.000068 0.036485
v 0.032044 0.000068 0.066632
v 0.029020 0.000068 0.068005
v 0.067205 0.000068 0.030837
v 0.069218 0.000068 0.025962
v 0.024381 0.000068 0.069818
v 0.070314 0.000068 0.022827
v 0.018023 0.000068 0.071740
v 0.071270 0.000068 0.019647
v 0.072507 0.000068 0.014519
v 0.011514 0.000068 0.073060
v 0.005208 0.000068 0.073789
v 0.073482 0.000068 0.008246
v 0.073862 0.000068 0.003280
v -0.000064 0.000068 0.073960
v 0.074928 0.000068 -0.001993
v -0.004750 0.000068 0.073828
v 0.074462 0.000068 -0.008613
v -0.009997 0.000068 0.073290
v 0.073412 0.000068 -0.015166
v -0.014623 0.000068 0.072531
v 0.072309 0.000068 -0.019719
v -0.019750 0.000068 0.071293
v 0.070764 0.000068 -0.024757
v -0.022931 0.000068 0.070338
v -0.026065 0.000068 0.069241
v 0.069067 0.000068 -0.029124
v 0.066869 0.000068 -0.033914
v -0.030672 0.000068 0.067345
v -0.035130 0.000068 0.065124
v 0.063614 0.000068 -0.039697
v -0.039440 0.000068 0.062627
v 0.059860 0.000068 -0.045170
v -0.043560 0.000068 0.059827
v -0.047274 0.000068 0.056966
v 0.056913 0.000068 -0.048812
v 0.053359 0.000068 -0.052704
v -0.051202 0.000068 0.053447
v 0.049956 0.000068 -0.055924
v -0.054693 0.000068 0.049893
v -0.057919 0.000068 0.046098
v 0.045919 0.000068 -0.059312
v 0.042120 0.000068 -0.062053
v -0.060901 0.000068 0.042108
v -0.063589 0.000068 0.037914
v 0.037670 0.000068 -0.064876
v 0.031792 0.000068 -0.067957
v -0.065880 0.000068 0.033824
v -0.068109 0.000068 0.029044
v 0.027484 0.000068 -0.069798
v -0.069345 0.000068 0.025962
v 0.022523 0.000068 -0.071576
v -0.070869 0.000068 0.021528
v 0.018009 0.000068 -0.072830
v -0.072208 0.000068 0.016426
v -0.072874 0.000068 0.013173
v 0.012856 0.000068 -0.073936
v 0.008216 0.000068 -0.074582
v -0.073582 0.000068 0.008539
v 0.004911 0.000068 -0.074875
v -0.073989 0.000068 0.003280
v -0.000357 0.000068 -0.075056
v -0.006986 0.000068 -0.074737
v -0.074654 0.000068 -0.008030
v -0.013560 0.000068 -0.073833
v -0.073656 0.000068 -0.014591
v -0.018136 0.000068 -0.072830
v -0.072006 0.000068 -0.021321
v -0.023208 0.000068 -0.071397
v -0.070414 0.000068 -0.026038
v -0.029152 0.000068 -0.069181
v -0.068669 0.000068 -0.030385
v -0.033669 0.000068 -0.067090
v -0.066354 0.000068 -0.035120
v -0.038054 0.000068 -0.064734
v -0.063901 0.000068 -0.039452
v -0.042247 0.000068 -0.062053
v -0.061128 0.000068 -0.043585
v -0.046274 0.000068 -0.059127
v -0.058303 0.000068 -0.047323
v -0.050084 0.000068 -0.055924
v -0.054827 0.000068 -0.051284
v -0.052507 0.000068 -0.053657
v 0.059804 0.001068 0.043456
v 0.048624 0.001068 0.055687
v 0.046075 0.001068 0.057815
v 0.051075 0.001068 0.053447
v 0.053423 0.001068 0.051098
v 0.055664 0.001068 0.048647
v 0.057792 0.001068 0.046098
v 0.040703 0.001068 0.061718
v 0.043432 0.001068 0.059827
v 0.063462 0.001068 0.037914
v 0.061695 0.001068 0.040726
v 0.032044 0.001068 0.066632
v 0.037891 0.001068 0.063485
v 0.035003 0.001068 0.065124
v 0.065100 0.001068 0.035026
v 0.067981 0.001068 0.029044
v 0.066608 0.001068 0.032067
v 0.025938 0.001068 0.069241
v 0.029020 0.001068 0.068005
v 0.019623 0.001068 0.071293
v 0.022804 0.001068 0.070338
v 0.016403 0.001068 0.072105
v 0.072081 0.001068 0.016426
v 0.070314 0.001068 0.022827
v 0.069218 0.001068 0.025962
v 0.071270 0.001068 0.019647
v 0.073267 0.001068 0.009893
v 0.072747 0.001068 0.013173
v 0.003256 0.001068 0.073885
v 0.009870 0.001068 0.073290
v 0.006570 0.001068 0.073662
v 0.013150 0.001068 0.072771
v 0.073862 0.001068 0.003280
v 0.073638 0.001068 0.006593
v -0.006697 0.001068 0.073662
v -0.000064 0.001068 0.073960
v -0.003384 0.001068 0.073885
v -0.009997 0.001068 0.073290
v -0.016530 0.001068 0.072105
v -0.013277 0.001068 0.072771
v -0.019750 0.001068 0.071293
v -0.022931 0.001068 0.070338
v -0.029148 0.001068 0.068005
v -0.026065 0.001068 0.069241
v -0.040830 0.001068 0.061718
v -0.035130 0.001068 0.065124
v -0.038018 0.001068 0.063485
v -0.032171 0.001068 0.066632
v -0.043560 0.001068 0.059827
v -0.048751 0.001068 0.055687
v -0.046202 0.001068 0.057815
v -0.053551 0.001068 0.051098
v -0.051202 0.001068 0.053447
v -0.059931 0.001068 0.043456
v -0.055791 0.001068 0.048647
v -0.057919 0.001068 0.046098
v -0.063589 0.001068 0.037914
v -0.061822 0.001068 0.040726
v -0.065228 0.001068 0.035026
v -0.069345 0.001068 0.025962
v -0.066735 0.001068 0.032067
v -0.068109 0.001068 0.029044
v -0.072208 0.001068 0.016426
v -0.070442 0.001068 0.022827
v -0.071397 0.001068 0.019647
v -0.073766 0.001068 0.006593
v -0.072874 0.001068 0.013173
v -0.073394 0.001068 0.009893
v -0.073989 0.001068 0.003280
v 0.089414 0.015757 -0.008092
v 0.090109 0.016908 -0.004017
v 0.089053 0.016065 -0.012263
v 0.088187 0.015561 -0.016482
v 0.086250 0.015121 -0.024148
v 0.086304 0.012658 -0.020312
v 0.084859 0.015350 -0.028893
v 0.081603 0.015423 -0.037182
v 0.083511 0.015890 -0.033130
v 0.079395 0.014696 -0.041125
v 0.077380 0.015422 -0.045339
v 0.075575 0.016417 -0.048976
v 0.074190 0.012658 -0.048586
v 0.072244 0.014896 -0.052826
v 0.066506 0.015472 -0.060216
v 0.069519 0.015160 -0.056522
v 0.064005 0.017863 -0.064109
v 0.060604 0.017863 -0.067338
v 0.057046 0.017863 -0.070383
v 0.059337 0.012658 -0.065933
v 0.055763 0.013990 -0.069612
v 0.052910 0.015397 -0.072439
v 0.048927 0.014958 -0.074998
v 0.041828 0.016576 -0.079856
v 0.044627 0.012658 -0.076676
v 0.033005 0.015011 -0.083282
v 0.024773 0.015608 -0.086324
v 0.016332 0.015000 -0.088093
v 0.019929 0.006847 -0.084304
v 0.007983 0.015310 -0.089355
v 0.012060 0.014387 -0.088555
v 0.003939 0.016018 -0.089885
v -0.000064 0.015931 -0.089942
v -0.004064 0.015963 -0.089865
v -0.008115 0.015339 -0.089365
v -0.016325 0.014612 -0.087972
v -0.012183 0.014346 -0.088540
v -0.020575 0.015623 -0.087455
v -0.024793 0.015856 -0.086445
v -0.032969 0.014558 -0.083167
v -0.028937 0.015527 -0.085024
v -0.037190 0.015347 -0.081684
v -0.041345 0.015921 -0.079899
v -0.045338 0.015189 -0.077400
v -0.049316 0.013988 -0.074409
v -0.052858 0.015507 -0.072620
v -0.056658 0.015623 -0.069747
v -0.060130 0.015043 -0.066499
v -0.067362 0.017863 -0.060708
v -0.062794 0.012658 -0.062771
v -0.066695 0.014002 -0.059351
v -0.069571 0.015142 -0.056607
v -0.072499 0.015087 -0.052773
v -0.074965 0.015436 -0.049448
v -0.076699 0.012658 -0.044731
v -0.081647 0.015328 -0.037291
v -0.078867 0.012658 -0.040786
v -0.083589 0.015609 -0.032984
v -0.086150 0.015013 -0.024781
v -0.088306 0.015536 -0.016481
v -0.089135 0.015935 -0.012246
v -0.089479 0.015591 -0.008106
v -0.089907 0.015995 -0.003946
v 0.088629 0.012658 -0.002009
v 0.087788 0.016539 -0.020163
v 0.063377 0.013981 -0.062741
v 0.061674 0.015260 -0.065060
v 0.058229 0.015260 -0.068166
v 0.040125 0.014202 -0.079765
v 0.036739 0.015279 -0.081808
v 0.028479 0.015285 -0.085049
v 0.020113 0.016318 -0.087803
v -0.048985 0.016481 -0.075710
v -0.063390 0.016492 -0.064148
v -0.065083 0.015260 -0.061778
v -0.078073 0.015729 -0.044610
v -0.080307 0.016478 -0.041027
v -0.084358 0.013993 -0.029219
v -0.085553 0.016514 -0.028555
v -0.087410 0.015209 -0.020215
v -0.086922 0.007628 -0.002397
v -0.084371 0.003609 -0.000330
v -0.085430 0.004947 0.004454
v -0.086257 0.006162 0.003277
v -0.082189 0.002110 0.001433
v -0.085951 0.006088 0.007485
v -0.084694 0.004568 0.009663
v -0.084914 0.005150 0.011481
v -0.079138 0.001157 0.002694
v -0.080563 0.001467 0.000282
v -0.081871 0.002030 0.004886
v -0.084433 0.005086 0.014361
v -0.080130 0.001426 0.006778
v -0.083081 0.004972 0.020365
v -0.084631 0.006605 0.018176
v -0.080580 0.001974 0.014548
v -0.079802 0.001498 0.011534
v -0.082325 0.005153 0.023748
v -0.080777 0.004810 0.027824
v -0.078311 0.001392 0.017738
v -0.077741 0.001506 0.021461
v -0.082117 0.006556 0.027278
v -0.078839 0.002015 0.022453
v -0.081150 0.006209 0.029433
v -0.079564 0.004960 0.031379
v -0.078357 0.005173 0.034673
v -0.075573 0.001166 0.023739
v -0.076490 0.001546 0.026067
v -0.076009 0.005051 0.039381
v -0.076690 0.003806 0.035578
v -0.073548 0.004432 0.042860
v -0.072793 0.001258 0.032609
v -0.071398 0.001556 0.037876
v -0.071952 0.005129 0.046466
v -0.067685 0.001145 0.040783
v -0.069440 0.001496 0.040896
v -0.070541 0.002027 0.041780
v -0.068944 0.005129 0.050816
v -0.067387 0.001473 0.044103
v -0.065767 0.001184 0.044272
v -0.065258 0.005063 0.055393
v -0.062026 0.004118 0.057880
v -0.063843 0.001440 0.048939
v -0.060307 0.005121 0.060793
v -0.058035 0.001145 0.053612
v -0.060244 0.001565 0.053917
v -0.057332 0.004940 0.063402
v -0.057546 0.003766 0.061828
v -0.056812 0.001379 0.056639
v -0.058444 0.006192 0.063474
v -0.054184 0.001163 0.057621
v -0.053889 0.001469 0.059804
v -0.050270 0.005121 0.069309
v -0.049830 0.001444 0.063114
v -0.044839 0.001189 0.065368
v -0.046443 0.001522 0.065930
v -0.042483 0.001513 0.068512
v -0.042627 0.002028 0.070000
v -0.038912 0.004910 0.076077
v -0.041404 0.001163 0.067376
v -0.037874 0.001173 0.069486
v -0.037148 0.001434 0.071279
v -0.032289 0.005052 0.079225
v -0.033609 0.001141 0.071463
v -0.033330 0.001496 0.073324
v -0.028210 0.005396 0.081024
v -0.025068 0.005082 0.081813
v -0.029579 0.001265 0.073973
v -0.029729 0.001469 0.074781
v -0.022979 0.006197 0.083144
v -0.025713 0.001363 0.075895
v -0.019664 0.004997 0.083201
v -0.022487 0.001559 0.077579
v -0.015188 0.004878 0.084035
v -0.016606 0.001163 0.077295
v -0.016320 0.001521 0.078945
v -0.015395 0.001993 0.080386
v -0.011311 0.005148 0.084846
v -0.007634 0.003861 0.084163
v -0.013203 0.001185 0.078122
v -0.006391 0.004906 0.085179
v -0.000560 0.004878 0.085383
v -0.009356 0.001094 0.078126
v -0.011179 0.001576 0.080049
v 0.000985 0.003853 0.084500
v -0.007016 0.001368 0.079817
v 0.006181 0.004906 0.085185
v 0.003258 0.005235 0.085587
v -0.003170 0.001505 0.080497
v 0.007630 0.003952 0.084238
v 0.000473 0.001392 0.080203
v 0.003841 0.001147 0.078873
v 0.011265 0.006587 0.085708
v 0.011580 0.004996 0.084679
v 0.007047 0.001514 0.080270
v 0.017255 0.005068 0.083766
v 0.021473 0.004854 0.082592
v 0.014459 0.001153 0.077645
v 0.013943 0.001497 0.079306
v 0.014868 0.001945 0.080348
v 0.024304 0.005172 0.082063
v 0.027548 0.004960 0.080860
v 0.023446 0.003855 0.081161
v 0.019315 0.001145 0.076536
v 0.019107 0.001435 0.078044
v 0.028446 0.006582 0.081625
v 0.022271 0.001265 0.076446
v 0.031167 0.005129 0.079680
v 0.025297 0.001557 0.076664
v 0.035916 0.005129 0.077653
v 0.034253 0.003821 0.077181
v 0.031302 0.001151 0.072502
v 0.029878 0.001427 0.074533
v 0.039354 0.003791 0.074684
v 0.041619 0.005045 0.074698
v 0.033801 0.002065 0.074695
v 0.035428 0.001434 0.072076
v 0.043272 0.003822 0.072505
v 0.039757 0.001380 0.069576
v 0.037937 0.002017 0.072543
v 0.046425 0.004937 0.071675
v 0.049514 0.004695 0.069360
v 0.048799 0.006212 0.071068
v 0.040934 0.001163 0.067584
v 0.041668 0.002030 0.070497
v 0.043832 0.001160 0.065792
v 0.043792 0.001521 0.067683
v 0.053283 0.005282 0.067069
v 0.056878 0.004907 0.063679
v 0.048833 0.001685 0.064756
v 0.059236 0.003872 0.060230
v 0.050980 0.001412 0.061964
v 0.061348 0.006557 0.060849
v 0.054463 0.001653 0.059995
v 0.064218 0.006714 0.057935
v 0.063425 0.004940 0.057176
v 0.064698 0.003766 0.054164
v 0.066109 0.005127 0.054290
v 0.055651 0.001156 0.056092
v 0.059524 0.001379 0.053646
v 0.069308 0.005120 0.050132
v 0.062212 0.002080 0.053402
v 0.071402 0.004940 0.046834
v 0.069100 0.003754 0.048396
v 0.061567 0.001156 0.049524
v 0.063706 0.001474 0.049127
v 0.064178 0.001166 0.046113
v 0.067329 0.001434 0.043777
v 0.074357 0.004863 0.041900
v 0.077345 0.004855 0.036039
v 0.068646 0.001160 0.039199
v 0.079112 0.006496 0.034691
v 0.071146 0.001431 0.037250
v 0.079134 0.004649 0.031546
v 0.072185 0.002026 0.038670
v 0.073538 0.001506 0.032810
v 0.081370 0.004967 0.026066
v 0.075625 0.002054 0.031525
v 0.081787 0.006515 0.027823
v 0.073859 0.001265 0.029701
v 0.075482 0.001518 0.028159
v 0.083092 0.005173 0.020454
v 0.075631 0.001147 0.022604
v 0.077405 0.001522 0.022391
v 0.084090 0.005053 0.015448
v 0.077910 0.001367 0.018572
v 0.084789 0.005154 0.011488
v 0.078947 0.001413 0.014368
v 0.085118 0.005009 0.007612
v 0.081006 0.001965 0.010936
v 0.085389 0.005000 0.003286
v 0.084170 0.003846 0.006864
v 0.080053 0.001503 0.008934
v 0.081551 0.002020 0.007136
v 0.080550 0.001509 0.000843
v -0.083217 0.002798 0.003944
v -0.084285 0.003792 0.006547
v -0.085931 0.006419 0.009425
v -0.085719 0.006777 0.012518
v -0.082873 0.002814 0.008972
v -0.078854 0.001146 0.005691
v -0.081324 0.002009 0.010306
v -0.083577 0.003786 0.012628
v -0.083451 0.004325 0.016398
v -0.082430 0.003663 0.018127
v -0.083974 0.006561 0.020896
v -0.078362 0.001147 0.010376
v -0.083445 0.007364 0.024095
v -0.077646 0.001101 0.013981
v -0.080502 0.002800 0.021600
v -0.079798 0.001941 0.017980
v -0.080981 0.003796 0.024266
v -0.076867 0.001085 0.016496
v -0.075991 0.001080 0.020037
v -0.077338 0.002047 0.027394
v -0.080051 0.006190 0.032271
v -0.079249 0.007064 0.035215
v -0.078190 0.002820 0.028813
v -0.078149 0.003637 0.031733
v -0.078498 0.006312 0.036046
v -0.075189 0.001676 0.030736
v -0.076840 0.006587 0.039793
v -0.073909 0.001160 0.028380
v -0.075854 0.002787 0.034385
v -0.075149 0.002039 0.032870
v -0.072943 0.002047 0.037536
v -0.074551 0.003724 0.039661
v -0.070506 0.001077 0.034243
v -0.072657 0.002820 0.040818
v -0.072485 0.006586 0.047250
v -0.070006 0.001158 0.036822
v -0.071132 0.003711 0.045473
v -0.070258 0.006308 0.050227
v -0.069471 0.002823 0.045987
v -0.068587 0.002009 0.044832
v -0.065933 0.002823 0.050934
v -0.068810 0.003823 0.049102
v -0.065939 0.002048 0.048804
v -0.065674 0.001074 0.042637
v -0.066737 0.003694 0.051665
v -0.067619 0.006580 0.053982
v -0.065670 0.007158 0.056671
v -0.064920 0.003753 0.054028
v -0.063956 0.006311 0.058029
v -0.063795 0.001143 0.046710
v -0.063527 0.002050 0.051875
v -0.061624 0.006308 0.060493
v -0.061113 0.001158 0.050195
v -0.060764 0.002056 0.055099
v -0.060029 0.003873 0.059565
v -0.055136 0.006758 0.066742
v -0.054234 0.002823 0.063225
v -0.056752 0.002011 0.059116
v -0.055139 0.003677 0.063848
v -0.053474 0.006587 0.068007
v -0.055491 0.001075 0.055282
v -0.052251 0.003784 0.066381
v -0.051751 0.001145 0.059699
v -0.047580 0.006682 0.072300
v -0.050625 0.001069 0.059308
v -0.048795 0.001988 0.065736
v -0.046202 0.003879 0.070819
v -0.049124 0.001141 0.061855
v -0.042450 0.006586 0.075368
v -0.041678 0.003762 0.073445
v -0.046261 0.002028 0.067659
v -0.040195 0.002823 0.072945
v -0.043641 0.001073 0.064905
v -0.038454 0.002024 0.072369
v -0.038339 0.003982 0.075470
v -0.038482 0.001073 0.068115
v -0.035672 0.003681 0.076441
v -0.031494 0.003849 0.078429
v -0.034089 0.002057 0.074576
v -0.030322 0.002821 0.077547
v -0.027460 0.006757 0.082070
v -0.032132 0.001069 0.070993
v -0.031380 0.001144 0.072424
v -0.026918 0.002823 0.078782
v -0.023800 0.007369 0.083458
v -0.028069 0.003822 0.079688
v -0.027805 0.002038 0.077102
v -0.029131 0.001079 0.072716
v -0.024238 0.003752 0.080861
v -0.027262 0.001144 0.074068
v -0.023060 0.002048 0.078670
v -0.020196 0.003900 0.082104
v -0.018147 0.002982 0.081492
v -0.022080 0.002853 0.080356
v -0.016520 0.006198 0.084659
v -0.014997 0.003992 0.083291
v -0.018637 0.002016 0.079747
v -0.016231 0.003875 0.082948
v -0.011674 0.006524 0.085644
v -0.021003 0.001146 0.076141
v -0.006634 0.006214 0.085997
v -0.011149 0.003713 0.083609
v -0.011360 0.002116 0.081325
v -0.009775 0.002559 0.082291
v -0.013575 0.001074 0.077055
v -0.004045 0.006755 0.086428
v -0.007369 0.002056 0.081623
v -0.001992 0.006598 0.086441
v -0.004079 0.003772 0.084303
v -0.005759 0.002715 0.082908
v 0.000900 0.006589 0.086455
v 0.004496 0.006561 0.086322
v -0.003780 0.001946 0.081642
v -0.001830 0.002859 0.083319
v -0.000257 0.002056 0.081949
v -0.004494 0.001070 0.077831
v -0.003740 0.001154 0.078906
v 0.001636 0.002758 0.083156
v 0.007797 0.006668 0.086146
v 0.003643 0.002002 0.081771
v 0.001078 0.001082 0.078478
v 0.013561 0.006602 0.085385
v 0.008041 0.002070 0.081602
v 0.011921 0.003852 0.083632
v 0.015075 0.003764 0.083041
v 0.010935 0.002015 0.081137
v 0.012012 0.002707 0.082195
v 0.007880 0.001164 0.078702
v 0.011366 0.001153 0.078230
v 0.016787 0.002774 0.081472
v 0.019915 0.006558 0.084103
v 0.019849 0.003672 0.081931
v 0.022690 0.006621 0.083432
v 0.022253 0.002697 0.080027
v 0.019982 0.001986 0.079334
v 0.027694 0.003668 0.079609
v 0.032699 0.006653 0.080050
v 0.024709 0.002117 0.078264
v 0.030967 0.003889 0.078628
v 0.028178 0.002029 0.076898
v 0.031104 0.002821 0.077187
v 0.035969 0.006604 0.078598
v 0.025527 0.001153 0.074731
v 0.036619 0.002963 0.074965
v 0.028213 0.001074 0.072943
v 0.039781 0.006662 0.076784
v 0.043736 0.006557 0.074530
v 0.032907 0.001069 0.070576
v 0.036023 0.001152 0.070259
v 0.047651 0.006757 0.072182
v 0.037643 0.001077 0.068630
v 0.045846 0.003835 0.070913
v 0.046875 0.003004 0.069075
v 0.051338 0.006141 0.069209
v 0.053960 0.006758 0.067593
v 0.049816 0.002596 0.066253
v 0.046115 0.002013 0.067648
v 0.050432 0.003705 0.067570
v 0.052717 0.003960 0.066115
v 0.051895 0.001938 0.063064
v 0.048008 0.001189 0.062985
v 0.054735 0.002624 0.062307
v 0.057712 0.002417 0.059135
v 0.061929 0.003747 0.057278
v 0.052109 0.001141 0.059255
v 0.060059 0.002567 0.057053
v 0.066390 0.006612 0.055340
v 0.063111 0.002815 0.054222
v 0.058944 0.001748 0.055965
v 0.068099 0.006604 0.053227
v 0.069754 0.006586 0.051014
v 0.058129 0.001075 0.052366
v 0.064511 0.002049 0.050498
v 0.066461 0.002911 0.050283
v 0.067855 0.003846 0.050283
v 0.073614 0.006732 0.045394
v 0.069357 0.002822 0.045966
v 0.067432 0.002000 0.046367
v 0.071034 0.003736 0.045476
v 0.061898 0.001070 0.047287
v 0.073947 0.003842 0.040812
v 0.076611 0.006193 0.039519
v 0.066458 0.001137 0.042469
v 0.078091 0.006603 0.037045
v 0.074519 0.002825 0.037081
v 0.076333 0.003761 0.035948
v 0.069999 0.001151 0.036630
v 0.074525 0.002061 0.034064
v 0.077349 0.002820 0.030687
v 0.070016 0.001070 0.034148
v 0.071580 0.001163 0.033473
v 0.076134 0.001948 0.029615
v 0.079024 0.003771 0.029629
v 0.078758 0.002823 0.026814
v 0.071854 0.001083 0.031591
v 0.077340 0.001946 0.026296
v 0.082832 0.006256 0.023992
v 0.084147 0.006559 0.019654
v 0.074583 0.001160 0.026203
v 0.078514 0.002045 0.023389
v 0.081383 0.003693 0.021989
v 0.080273 0.002736 0.021562
v 0.082301 0.003708 0.018316
v 0.083136 0.003910 0.015211
v 0.079410 0.001940 0.019097
v 0.086005 0.006648 0.008871
v 0.075946 0.001085 0.019851
v 0.083774 0.003915 0.011215
v 0.080337 0.001992 0.015398
v 0.076984 0.001085 0.015843
v 0.086245 0.006592 0.005725
v 0.086174 0.006220 0.003138
v 0.077091 0.001077 0.013952
v 0.078207 0.001164 0.011397
v 0.077526 0.001070 0.008152
v 0.084347 0.003833 0.003838
v 0.083214 0.002911 0.004687
v 0.078649 0.001163 0.007836
v 0.081899 0.002062 0.002661
v 0.083514 0.003010 0.000273
v -0.082378 0.002868 0.013093
v -0.081231 0.002657 0.017580
v -0.079351 0.003804 0.029172
v -0.062312 0.002821 0.055283
v -0.058953 0.002820 0.058858
v -0.056212 0.006051 0.065358
v -0.052367 0.002073 0.063185
v -0.049608 0.002820 0.066898
v -0.049176 0.003846 0.068756
v -0.045497 0.002932 0.069963
v -0.045795 0.005163 0.072386
v -0.034592 0.002820 0.075753
v -0.030812 0.002023 0.075911
v -0.015854 0.002690 0.081539
v -0.013063 0.002995 0.082481
v 0.007486 0.003016 0.083202
v 0.027127 0.002821 0.078675
v 0.041898 0.002820 0.071906
v 0.051995 0.002820 0.064961
v 0.055822 0.003749 0.063261
v 0.074239 0.006174 0.043813
v 0.071595 0.002821 0.042394
v 0.070009 0.002054 0.042594
v 0.077267 0.002287 0.028494
v 0.080443 0.003709 0.025258
v 0.081330 0.002668 0.016582
v 0.082273 0.002868 0.013131
v 0.082731 0.002843 0.009505
v -0.054023 0.004949 0.066256
v -0.043248 0.004949 0.073728
v 0.061076 0.005107 0.059881
f 1 2 3
f 4 1016 1014
f 4 1014 1
f 4 3 5
f 4 1 3
f 6 945 1016
f 6 5 7
f 6 1016 4
f 6 4 5
f 8 1022 945
f 8 945 6
f 8 6 7
f 8 7 9
f 10 1022 8
f 10 8 9
f 141 153 11
f 141 11 12
f 159 12 13
f 159 13 14
f 161 14 15
f 161 159 14
f 163 15 16
f 17 16 18
f 17 163 16
f 19 961 1058
f 19 18 20
f 19 17 18
f 19 1058 17
f 21 19 20
f 21 22 961
f 21 961 19
f 21 20 23
f 24 1068 22
f 24 21 23
f 24 22 21
f 25 1069 1068
f 25 23 26
f 25 24 23
f 25 1068 24
f 27 28 1069
f 27 25 26
f 27 26 30
f 27 1069 25
f 29 1076 28
f 29 27 30
f 29 28 27
f 31 1079 1076
f 31 30 32
f 31 1076 29
f 31 29 30
f 33 1080 1079
f 33 31 32
f 33 32 34
f 33 1079 31
f 35 33 34
f 35 36 1080
f 35 1080 33
f 37 36 35
f 37 38 36
f 37 35 34
f 39 1088 38
f 39 38 37
f 40 1088 39
f 40 1092 1088
f 41 1095 1092
f 41 1092 40
f 42 43 1095
f 42 1095 41
f 129 43 42
f 45 44 1112
f 46 45 1112
f 47 44 105
f 48 46 1112
f 51 1118 50
f 1113 50 1118
f 1113 1112 50
f 143 52 53
f 143 154 52
f 54 53 55
f 54 56 57
f 54 143 53
f 58 55 59
f 58 56 54
f 58 1134 56
f 58 54 55
f 60 58 59
f 60 1134 58
f 60 1135 1134
f 61 59 62
f 61 1135 60
f 61 1139 1135
f 61 60 59
f 63 62 64
f 63 61 62
f 63 1141 1139
f 63 1139 61
f 65 64 66
f 65 63 64
f 67 66 68
f 67 65 66
f 69 67 68
f 152 1175 158
f 152 1181 1175
f 70 1181 152
f 70 1185 1181
f 72 1185 70
f 72 1187 1185
f 72 71 73
f 72 70 71
f 74 1187 72
f 74 75 1187
f 74 73 76
f 74 72 73
f 77 74 76
f 77 75 74
f 77 1192 75
f 77 76 78
f 79 77 78
f 79 1192 77
f 79 80 1192
f 81 79 78
f 81 80 79
f 81 82 80
f 81 78 83
f 84 81 83
f 84 82 81
f 84 1198 82
f 84 83 85
f 86 84 85
f 86 1198 84
f 86 87 1198
f 86 85 88
f 89 86 88
f 89 87 86
f 89 90 87
f 89 88 91
f 121 90 89
f 92 10 9
f 92 9 93
f 94 92 93
f 94 93 123
f 10 1023 1022
f 95 10 92
f 95 1023 10
f 128 11 153
f 128 97 11
f 128 1041 98
f 104 129 99
f 100 104 99
f 101 100 103
f 130 1100 43
f 130 102 1100
f 130 43 129
f 103 45 46
f 103 46 101
f 104 102 130
f 101 974 102
f 101 102 104
f 47 50 1112
f 47 1112 44
f 50 47 105
f 107 110 106
f 107 52 154
f 110 51 106
f 108 51 110
f 108 1118 51
f 110 109 108
f 107 109 110
f 107 111 109
f 112 69 68
f 132 112 113
f 116 118 115
f 139 158 1175
f 122 119 120
f 122 121 119
f 122 90 121
f 122 1206 90
f 122 120 1206
f 140 94 123
f 124 140 123
f 125 96 97
f 125 124 96
f 126 1029 1220
f 126 92 94
f 126 1220 95
f 126 95 92
f 127 1029 126
f 1032 127 125
f 1032 1029 127
f 125 1035 1032
f 125 98 1035
f 125 128 98
f 130 129 104
f 101 104 100
f 49 101 46
f 49 974 101
f 49 46 48
f 131 50 105
f 131 51 50
f 131 106 51
f 114 112 132
f 114 69 112
f 114 1148 69
f 134 113 133
f 134 132 113
f 135 1150 114
f 135 114 132
f 135 136 1150
f 137 117 115
f 137 115 118
f 138 118 1170
f 139 1170 118
f 139 118 116
f 158 139 116
f 121 89 91
f 140 124 127
f 140 126 94
f 140 127 126
f 125 97 128
f 125 127 124
f 141 142 1042
f 143 54 57
f 67 144 65
f 135 132 134
f 147 134 133
f 147 135 134
f 145 147 133
f 148 136 135
f 150 117 137
f 150 149 117
f 157 138 1167
f 157 137 138
f 157 1167 1162
f 137 118 138
f 152 71 70
f 153 1042 1041
f 153 1041 128
f 153 141 1042
f 154 111 107
f 154 143 57
f 154 57 111
f 65 1141 63
f 69 1148 144
f 69 144 67
f 147 148 135
f 156 147 145
f 156 145 146
f 146 149 150
f 146 160 156
f 146 150 160
f 155 147 156
f 155 148 147
f 155 151 994
f 155 994 148
f 156 151 155
f 157 150 137
f 157 160 150
f 157 1162 160
f 158 116 152
f 159 141 12
f 159 1046 142
f 159 142 141
f 160 151 156
f 160 1162 151
f 161 1051 1046
f 161 1046 159
f 162 161 15
f 162 1056 1055
f 162 1055 1051
f 162 1051 161
f 162 15 163
f 163 1058 1056
f 163 1056 162
f 163 17 1058
f 265 120 165
f 270 685 164
f 167 517 267
f 169 270 168
f 170 521 272
f 172 173 174
f 172 174 171
f 178 180 179
f 181 178 177
f 181 180 178
f 181 177 184
f 291 287 184
f 293 291 184
f 299 183 296
f 307 297 185
f 187 188 190
f 187 189 188
f 191 614 311
f 318 192 545
f 194 193 195
f 196 322 197
f 200 196 199
f 200 199 201
f 551 202 335
f 203 342 341
f 204 342 203
f 205 204 203
f 205 203 557
f 357 350 352
f 356 206 360
f 207 356 364
f 207 206 356
f 369 559 365
f 208 367 209
f 211 210 374
f 211 212 210
f 214 381 215
f 219 220 399
f 221 219 396
f 221 220 219
f 223 221 222
f 418 413 576
f 225 412 415
f 419 226 424
f 227 226 419
f 227 419 427
f 582 580 228
f 229 227 585
f 438 230 231
f 434 232 436
f 233 232 434
f 236 444 235
f 239 452 238
f 239 238 453
f 242 459 241
f 475 466 243
f 244 468 470
f 481 475 471
f 481 471 246
f 248 483 246
f 248 247 483
f 249 485 487
f 251 495 250
f 251 250 496
f 255 254 256
f 511 908 1
f 511 1 1014
f 511 1212 1015
f 263 261 262
f 266 265 165
f 264 517 166
f 265 266 517
f 267 517 266
f 268 164 1211
f 268 1211 166
f 268 270 164
f 518 517 167
f 271 167 267
f 269 168 268
f 522 168 269
f 522 269 520
f 271 521 167
f 271 272 521
f 171 169 168
f 895 170 272
f 524 521 170
f 524 273 521
f 169 171 174
f 169 174 274
f 276 275 524
f 276 524 170
f 177 172 171
f 911 912 176
f 911 176 175
f 276 175 176
f 176 912 282
f 278 279 173
f 278 173 172
f 172 279 278
f 172 177 178
f 527 176 282
f 178 279 172
f 178 179 279
f 280 526 277
f 280 184 177
f 282 182 527
f 284 182 282
f 287 181 184
f 285 527 182
f 181 286 180
f 287 286 181
f 289 290 286
f 289 287 290
f 289 286 287
f 897 182 284
f 291 290 287
f 529 182 183
f 288 529 295
f 897 183 182
f 295 530 288
f 293 294 291
f 296 183 897
f 185 293 184
f 297 298 294
f 297 294 293
f 532 183 299
f 532 295 183
f 300 531 533
f 299 296 931
f 301 299 931
f 301 931 303
f 301 186 299
f 303 186 301
f 305 186 303
f 535 307 185
f 305 537 186
f 308 534 302
f 308 302 186
f 308 186 537
f 310 537 305
f 307 535 190
f 307 190 188
f 307 188 306
f 614 308 537
f 538 308 614
f 189 187 313
f 539 187 190
f 315 614 191
f 187 316 313
f 539 316 187
f 191 311 314
f 319 191 314
f 318 316 539
f 319 314 317
f 318 539 192
f 319 195 193
f 195 319 317
f 195 317 323
f 320 318 545
f 320 321 318
f 542 193 194
f 545 197 322
f 323 194 195
f 320 322 321
f 194 323 325
f 325 198 194
f 325 324 198
f 327 197 544
f 197 199 196
f 328 334 332
f 331 201 199
f 334 202 332
f 333 550 330
f 333 330 332
f 335 202 334
f 342 200 201
f 339 333 202
f 342 337 200
f 341 201 336
f 339 202 551
f 343 335 338
f 343 551 335
f 342 340 337
f 345 343 338
f 344 339 551
f 350 553 345
f 350 345 346
f 204 205 349
f 346 352 350
f 554 557 203
f 352 351 357
f 355 205 557
f 355 354 205
f 557 364 356
f 355 356 358
f 355 358 354
f 558 351 362
f 558 357 351
f 360 358 356
f 362 559 558
f 559 362 365
f 367 207 364
f 207 366 206
f 561 559 369
f 367 366 207
f 369 365 368
f 374 373 208
f 374 210 373
f 901 565 371
f 376 565 901
f 212 211 379
f 211 213 382
f 380 565 376
f 382 379 211
f 381 214 380
f 569 387 213
f 569 386 385
f 568 385 386
f 568 383 567
f 568 386 383
f 570 567 214
f 569 388 387
f 389 215 874
f 389 214 215
f 391 385 571
f 216 388 569
f 218 874 390
f 394 398 390
f 398 392 218
f 219 395 217
f 402 396 393
f 397 398 394
f 572 398 397
f 399 395 219
f 401 572 397
f 402 221 396
f 405 400 398
f 405 398 572
f 221 404 220
f 401 406 224
f 406 412 224
f 408 223 222
f 409 412 406
f 414 224 412
f 413 223 408
f 413 411 223
f 409 415 412
f 407 576 413
f 423 415 416
f 423 225 415
f 578 575 225
f 576 427 419
f 425 423 416
f 420 418 419
f 420 417 418
f 420 419 421
f 420 421 417
f 424 421 419
f 228 580 425
f 582 228 933
f 426 580 582
f 227 428 226
f 427 585 227
f 430 582 933
f 230 582 430
f 584 429 581
f 231 230 430
f 433 230 438
f 585 233 434
f 434 432 229
f 434 435 432
f 588 438 231
f 588 231 437
f 436 435 434
f 437 234 588
f 437 590 234
f 439 234 590
f 439 594 234
f 441 233 235
f 441 442 232
f 441 232 233
f 443 234 594
f 443 589 234
f 441 235 444
f 444 442 441
f 594 439 927
f 445 594 927
f 594 445 237
f 445 450 237
f 446 448 595
f 450 445 447
f 598 597 451
f 452 449 236
f 456 450 447
f 456 454 240
f 241 239 453
f 454 456 455
f 460 454 455
f 459 457 239
f 459 239 241
f 465 241 599
f 460 462 461
f 242 465 243
f 468 462 463
f 466 467 464
f 466 464 242
f 470 468 463
f 604 602 461
f 471 475 243
f 474 245 244
f 474 244 470
f 471 469 472
f 477 245 474
f 483 481 246
f 482 606 480
f 483 484 481
f 485 606 482
f 487 485 482
f 250 248 246
f 490 489 607
f 491 492 247
f 491 247 248
f 248 492 491
f 248 250 495
f 495 251 492
f 495 492 248
f 493 498 252
f 493 252 494
f 609 496 490
f 497 609 608
f 498 493 500
f 506 496 609
f 502 497 252
f 500 253 498
f 254 496 506
f 254 499 251
f 253 500 501
f 503 507 502
f 504 503 253
f 501 504 253
f 505 257 501
f 512 503 504
f 256 612 509
f 255 256 509
f 511 257 505
f 509 508 255
f 509 510 508
f 511 505 908
f 513 260 512
f 258 510 509
f 258 259 510
f 515 612 514
f 1015 513 511
f 259 258 612
f 259 612 515
f 516 515 260
f 263 262 259
f 265 517 264
f 166 1013 264
f 166 1211 1013
f 166 517 518
f 166 269 268
f 518 269 166
f 518 520 269
f 268 168 270
f 519 518 167
f 520 518 519
f 522 171 168
f 523 522 520
f 523 520 519
f 523 519 273
f 525 171 522
f 525 522 523
f 175 170 895
f 275 523 273
f 275 273 524
f 275 525 523
f 175 276 170
f 525 177 171
f 175 895 911
f 526 525 275
f 526 276 277
f 526 275 276
f 526 177 525
f 526 280 177
f 281 176 527
f 281 276 176
f 277 276 281
f 528 283 280
f 528 280 277
f 528 277 281
f 184 280 283
f 528 281 285
f 528 288 283
f 528 285 288
f 184 283 292
f 529 288 285
f 529 285 182
f 288 292 283
f 288 531 292
f 288 530 531
f 292 531 185
f 292 185 184
f 295 529 183
f 185 297 293
f 530 295 533
f 530 533 531
f 185 531 300
f 533 295 532
f 299 302 532
f 302 299 186
f 300 533 304
f 300 535 185
f 300 304 535
f 534 309 304
f 534 533 532
f 534 532 302
f 534 304 533
f 534 312 309
f 309 535 304
f 309 190 535
f 536 534 308
f 536 312 534
f 310 311 537
f 536 308 538
f 536 538 312
f 312 539 190
f 312 190 309
f 614 537 311
f 538 315 541
f 538 541 192
f 312 192 539
f 192 312 538
f 315 540 541
f 540 315 191
f 193 542 540
f 193 540 191
f 193 191 319
f 541 544 192
f 541 540 542
f 541 542 543
f 541 543 544
f 545 192 544
f 545 322 320
f 543 542 546
f 543 546 544
f 544 197 545
f 326 542 194
f 546 542 326
f 546 327 544
f 547 326 194
f 547 194 198
f 547 198 330
f 547 330 548
f 548 326 547
f 548 327 546
f 548 546 326
f 548 331 327
f 198 324 328
f 199 327 331
f 199 197 327
f 332 198 328
f 549 331 548
f 549 548 330
f 549 336 331
f 549 330 550
f 549 550 336
f 333 332 202
f 201 331 336
f 341 342 201
f 550 341 336
f 550 333 339
f 552 550 339
f 552 341 550
f 552 339 344
f 341 552 203
f 551 347 344
f 553 343 345
f 553 551 343
f 553 347 551
f 348 554 344
f 348 344 347
f 554 203 552
f 554 552 344
f 555 347 553
f 350 555 553
f 348 347 555
f 554 348 353
f 555 350 357
f 557 554 353
f 556 353 348
f 556 359 353
f 556 348 555
f 557 356 355
f 556 555 357
f 359 364 557
f 359 557 353
f 361 357 558
f 361 556 357
f 556 363 359
f 556 560 363
f 556 361 560
f 359 363 364
f 560 562 209
f 560 561 562
f 363 367 364
f 209 363 560
f 209 367 363
f 209 562 615
f 564 563 561
f 564 561 369
f 372 564 369
f 372 369 368
f 372 368 370
f 563 615 562
f 563 562 561
f 374 209 615
f 374 208 209
f 372 370 371
f 615 211 374
f 375 564 372
f 377 563 564
f 377 615 563
f 565 372 371
f 565 375 372
f 377 564 375
f 565 378 375
f 566 377 375
f 566 384 377
f 376 381 380
f 566 375 378
f 384 211 377
f 384 213 211
f 380 378 565
f 386 566 378
f 386 378 383
f 386 384 566
f 380 214 567
f 384 569 213
f 384 386 569
f 568 570 571
f 568 567 570
f 568 571 385
f 570 214 389
f 874 218 389
f 217 385 391
f 217 216 385
f 218 390 398
f 571 396 391
f 571 393 396
f 571 570 392
f 571 392 393
f 217 396 219
f 396 217 391
f 398 400 392
f 393 392 400
f 403 400 405
f 403 402 393
f 403 222 402
f 403 393 400
f 402 222 221
f 572 401 224
f 572 224 410
f 573 403 405
f 573 222 403
f 573 405 410
f 573 408 222
f 573 407 408
f 414 410 224
f 573 410 574
f 574 407 573
f 574 410 414
f 407 413 408
f 414 575 574
f 412 575 414
f 412 225 575
f 574 575 577
f 407 574 577
f 576 407 577
f 579 577 575
f 576 419 418
f 579 422 577
f 579 575 578
f 577 427 576
f 577 422 427
f 578 225 423
f 579 429 422
f 579 581 429
f 579 578 581
f 580 423 425
f 580 578 423
f 580 426 578
f 422 429 427
f 581 578 426
f 429 584 585
f 429 585 427
f 582 431 583
f 582 583 426
f 230 431 582
f 230 433 431
f 583 584 581
f 583 581 426
f 431 584 583
f 431 586 584
f 587 431 433
f 587 586 431
f 585 584 586
f 585 434 229
f 587 440 586
f 586 233 585
f 586 440 233
f 433 438 591
f 587 433 591
f 587 591 440
f 588 589 438
f 591 438 589
f 440 235 233
f 589 588 234
f 591 592 440
f 591 593 592
f 591 589 593
f 592 235 440
f 593 589 443
f 593 595 592
f 237 443 594
f 593 443 446
f 593 446 595
f 595 235 592
f 595 236 235
f 451 443 237
f 446 443 451
f 238 595 448
f 238 236 595
f 238 452 236
f 446 451 597
f 446 597 453
f 448 446 453
f 448 453 238
f 596 237 450
f 596 451 237
f 596 598 451
f 240 598 596
f 240 596 450
f 240 450 456
f 597 599 453
f 453 599 241
f 598 240 458
f 600 599 597
f 600 597 598
f 454 458 240
f 600 598 458
f 600 465 599
f 601 458 454
f 601 454 460
f 600 458 603
f 600 603 465
f 601 460 461
f 465 242 241
f 603 458 601
f 603 601 461
f 602 603 461
f 602 469 603
f 461 462 468
f 243 466 242
f 243 465 603
f 243 603 469
f 468 604 461
f 602 472 469
f 602 604 472
f 469 471 243
f 604 468 244
f 605 604 244
f 472 604 605
f 605 244 476
f 605 478 472
f 476 244 245
f 605 476 479
f 605 479 478
f 606 245 477
f 478 246 471
f 478 471 472
f 606 477 480
f 488 606 485
f 607 486 479
f 607 479 606
f 607 606 488
f 607 489 486
f 489 250 246
f 489 246 486
f 488 485 249
f 490 488 249
f 490 607 488
f 249 487 494
f 250 489 490
f 490 496 250
f 608 249 494
f 609 490 249
f 609 249 608
f 252 608 494
f 252 497 608
f 252 498 253
f 252 253 502
f 610 497 502
f 610 506 609
f 610 609 497
f 254 251 496
f 506 256 254
f 503 502 253
f 502 506 610
f 502 507 506
f 257 512 504
f 257 504 501
f 611 507 503
f 611 514 507
f 611 503 512
f 514 256 507
f 514 612 256
f 513 257 511
f 513 512 257
f 258 509 612
f 611 260 515
f 611 512 260
f 611 515 514
f 613 260 513
f 613 516 260
f 613 513 1015
f 263 515 516
f 263 259 515
f 519 521 273
f 519 167 521
f 527 285 281
f 614 315 538
f 330 198 332
f 361 559 561
f 361 561 560
f 361 558 559
f 615 377 211
f 378 380 567
f 378 567 383
f 385 216 569
f 570 218 392
f 570 389 218
f 405 572 410
f 476 606 479
f 476 245 606
f 486 246 478
f 486 478 479
f 507 256 506
f 617 1064 616
f 618 617 616
f 619 618 1072
f 620 1057 621
f 620 621 617
f 622 617 618
f 622 618 619
f 623 620 617
f 1052 624 623
f 625 622 1077
f 625 1077 966
f 626 617 622
f 626 623 617
f 626 1052 623
f 627 622 625
f 1087 627 1084
f 955 957 626
f 628 622 627
f 628 627 1087
f 629 955 626
f 630 951 629
f 631 628 1087
f 632 626 622
f 632 629 626
f 632 630 629
f 633 628 631
f 633 622 628
f 634 633 1096
f 635 1030 636
f 635 636 632
f 637 633 634
f 638 1027 639
f 638 639 635
f 640 637 641
f 640 641 642
f 643 640 644
f 643 644 645
f 646 638 635
f 646 647 648
f 646 648 638
f 646 635 632
f 649 643 645
f 649 645 977
f 262 261 646
f 510 259 262
f 650 1119 980
f 651 1119 650
f 651 649 1119
f 508 510 262
f 652 651 1128
f 254 255 508
f 653 649 651
f 653 643 649
f 653 651 652
f 653 637 640
f 653 622 633
f 653 633 637
f 653 640 643
f 499 262 646
f 499 254 508
f 499 508 262
f 654 653 1132
f 654 1132 655
f 492 646 632
f 492 499 646
f 492 251 499
f 656 654 657
f 656 657 658
f 484 247 492
f 484 483 247
f 659 654 656
f 660 659 661
f 662 622 653
f 662 653 654
f 662 654 659
f 662 659 660
f 473 481 484
f 473 492 632
f 473 632 622
f 473 484 492
f 473 475 481
f 473 622 662
f 663 662 660
f 467 475 473
f 467 466 475
f 664 662 663
f 665 664 1154
f 459 242 464
f 666 664 665
f 666 662 664
f 457 467 473
f 457 459 464
f 457 464 467
f 667 666 668
f 667 668 669
f 452 239 457
f 670 662 666
f 670 666 667
f 449 457 473
f 449 452 457
f 444 236 449
f 671 670 998
f 671 998 672
f 442 444 449
f 673 674 1174
f 435 232 442
f 435 436 232
f 675 670 671
f 675 674 673
f 675 671 674
f 432 435 442
f 227 229 432
f 676 675 1178
f 676 1178 1002
f 428 449 473
f 428 442 449
f 428 432 442
f 428 227 432
f 677 678 1005
f 421 226 428
f 421 424 226
f 679 675 676
f 679 678 677
f 679 676 678
f 417 421 428
f 413 418 417
f 681 679 680
f 411 417 428
f 411 413 417
f 682 679 681
f 682 681 683
f 682 683 684
f 404 411 428
f 404 223 411
f 404 221 223
f 685 682 1204
f 685 1204 1010
f 395 220 404
f 395 399 220
f 388 217 395
f 388 216 217
f 382 213 387
f 274 685 270
f 274 679 682
f 274 682 685
f 274 270 169
f 379 395 404
f 379 388 395
f 379 387 388
f 379 382 387
f 173 274 174
f 210 212 379
f 279 274 173
f 373 379 404
f 373 210 379
f 367 208 373
f 286 679 274
f 286 274 279
f 286 179 180
f 286 279 179
f 366 373 404
f 366 367 373
f 294 290 291
f 294 286 290
f 358 206 366
f 358 360 206
f 298 286 294
f 354 358 366
f 307 298 297
f 306 298 307
f 306 662 670
f 306 670 675
f 306 679 286
f 306 675 679
f 306 286 298
f 349 205 354
f 349 404 428
f 349 366 404
f 349 354 366
f 313 188 189
f 313 306 188
f 340 204 349
f 340 342 204
f 316 306 313
f 337 340 349
f 196 200 337
f 321 306 316
f 321 316 318
f 329 349 428
f 329 337 349
f 329 196 337
f 329 306 321
f 329 428 473
f 329 662 306
f 329 473 662
f 322 329 321
f 196 329 322
f 18 687 686
f 20 18 686
f 20 686 688
f 16 687 18
f 23 20 688
f 16 689 687
f 23 688 690
f 15 689 16
f 26 690 691
f 26 23 690
f 30 26 691
f 14 692 689
f 14 689 15
f 13 693 692
f 13 692 14
f 30 691 694
f 12 693 13
f 32 694 695
f 32 30 694
f 11 696 693
f 11 693 12
f 34 32 695
f 97 697 696
f 97 696 11
f 34 695 698
f 96 699 697
f 96 697 97
f 37 698 701
f 37 34 698
f 96 700 699
f 39 37 701
f 124 702 700
f 124 700 96
f 40 701 703
f 40 39 701
f 123 702 124
f 41 40 703
f 123 704 702
f 42 41 703
f 42 703 705
f 93 704 123
f 93 706 704
f 129 42 705
f 129 705 707
f 9 706 93
f 9 708 706
f 99 129 707
f 99 707 710
f 7 708 9
f 7 709 708
f 100 99 710
f 5 709 7
f 5 712 709
f 103 100 710
f 103 710 711
f 3 712 5
f 45 711 713
f 45 103 711
f 44 45 713
f 2 712 3
f 2 714 712
f 715 714 2
f 105 713 716
f 105 44 713
f 717 715 2
f 131 716 721
f 131 105 716
f 718 715 717
f 719 715 718
f 106 131 721
f 720 719 718
f 722 719 720
f 724 722 720
f 723 106 721
f 726 722 724
f 107 106 723
f 725 107 723
f 52 107 725
f 727 726 724
f 728 726 727
f 53 52 725
f 729 728 727
f 730 53 725
f 731 728 729
f 55 53 730
f 733 731 729
f 732 55 730
f 734 731 733
f 59 55 732
f 735 734 733
f 736 59 732
f 737 734 735
f 62 59 736
f 738 737 735
f 739 62 736
f 740 737 738
f 64 62 739
f 66 64 739
f 741 740 738
f 742 66 739
f 743 740 741
f 68 66 742
f 907 743 741
f 744 68 742
f 745 743 907
f 112 68 744
f 918 745 907
f 113 112 744
f 746 745 918
f 747 113 744
f 748 745 746
f 133 113 747
f 749 748 746
f 750 133 747
f 751 748 749
f 145 133 750
f 752 751 749
f 753 145 750
f 755 751 752
f 146 145 753
f 756 755 752
f 754 146 753
f 149 146 754
f 759 149 754
f 757 755 756
f 758 757 756
f 762 757 758
f 117 149 759
f 760 762 758
f 761 117 759
f 763 762 760
f 764 762 763
f 115 117 761
f 765 764 763
f 767 115 761
f 768 764 765
f 116 115 767
f 766 768 765
f 152 116 767
f 769 768 766
f 770 152 767
f 771 768 769
f 71 152 770
f 772 771 769
f 773 71 770
f 774 771 772
f 775 774 772
f 73 71 773
f 776 73 773
f 777 774 775
f 76 73 776
f 778 777 775
f 779 76 776
f 781 777 778
f 78 76 779
f 780 781 778
f 782 781 780
f 783 78 779
f 784 781 782
f 83 78 783
f 785 784 782
f 786 83 783
f 787 784 785
f 85 83 786
f 904 787 785
f 788 85 786
f 789 787 904
f 88 85 788
f 790 88 788
f 91 88 790
f 789 904 915
f 792 91 790
f 121 91 792
f 791 789 915
f 791 915 871
f 119 121 792
f 794 791 871
f 794 871 869
f 793 119 792
f 795 848 119
f 795 119 793
f 796 794 869
f 796 869 797
f 798 799 848
f 798 848 795
f 800 797 801
f 800 796 797
f 802 803 799
f 802 799 798
f 800 801 804
f 805 806 803
f 805 803 802
f 807 804 913
f 807 800 804
f 808 809 806
f 808 806 805
f 810 913 811
f 810 807 913
f 812 809 808
f 812 909 809
f 813 811 814
f 813 810 811
f 816 814 817
f 816 813 814
f 815 910 909
f 815 909 812
f 820 821 910
f 820 910 815
f 818 817 819
f 818 816 817
f 822 819 823
f 822 818 819
f 824 896 821
f 824 821 820
f 826 823 827
f 826 822 823
f 825 896 824
f 825 853 896
f 828 829 853
f 828 853 825
f 830 827 831
f 830 826 827
f 832 829 828
f 833 831 835
f 833 830 831
f 832 834 829
f 838 833 835
f 836 834 832
f 836 837 834
f 838 835 839
f 840 841 837
f 840 837 836
f 842 839 845
f 842 838 839
f 843 844 841
f 843 841 840
f 843 846 844
f 847 842 845
f 847 845 846
f 847 846 843
f 848 165 120
f 848 120 119
f 165 848 799
f 849 267 266
f 849 799 803
f 849 266 165
f 849 165 799
f 850 271 267
f 850 267 849
f 850 849 803
f 850 803 806
f 851 271 850
f 851 850 806
f 852 853 829
f 940 852 829
f 940 829 834
f 854 834 837
f 854 940 834
f 855 837 841
f 855 854 837
f 941 855 841
f 941 841 844
f 846 323 317
f 846 317 844
f 856 846 845
f 856 325 323
f 856 323 846
f 857 324 325
f 857 845 839
f 857 856 845
f 857 325 856
f 858 328 324
f 858 839 835
f 858 857 839
f 858 324 857
f 859 334 328
f 859 858 835
f 859 328 858
f 860 335 334
f 860 835 831
f 860 859 835
f 860 334 859
f 861 338 335
f 861 831 827
f 861 335 860
f 861 860 831
f 862 345 338
f 862 861 827
f 862 338 861
f 863 862 827
f 863 346 345
f 863 827 823
f 863 345 862
f 864 346 863
f 864 823 819
f 864 352 346
f 864 863 823
f 865 819 817
f 865 351 352
f 865 864 819
f 865 352 864
f 866 351 865
f 866 362 351
f 866 865 817
f 867 817 814
f 867 365 362
f 867 866 817
f 867 362 866
f 868 814 811
f 868 867 814
f 868 368 365
f 868 365 867
f 899 869 870
f 871 870 869
f 381 870 215
f 381 899 870
f 874 872 390
f 873 390 872
f 924 782 780
f 924 932 782
f 875 780 778
f 875 409 406
f 875 924 780
f 876 778 775
f 876 409 875
f 876 415 409
f 876 875 778
f 877 876 775
f 877 415 876
f 877 416 415
f 878 775 772
f 878 416 877
f 878 425 416
f 878 877 775
f 879 772 769
f 879 878 772
f 879 228 425
f 879 425 878
f 880 769 766
f 880 879 769
f 881 766 765
f 881 880 766
f 934 881 765
f 882 470 883
f 882 474 470
f 884 474 882
f 884 477 474
f 884 738 735
f 885 477 884
f 885 480 477
f 885 735 733
f 885 884 735
f 886 480 885
f 886 482 480
f 886 885 733
f 887 886 733
f 887 482 886
f 887 487 482
f 887 733 729
f 888 887 729
f 888 487 887
f 888 494 487
f 888 729 727
f 889 888 727
f 889 494 888
f 889 493 494
f 889 727 724
f 890 889 724
f 890 493 889
f 890 500 493
f 891 890 724
f 891 500 890
f 891 501 500
f 891 724 720
f 892 891 720
f 892 501 891
f 892 505 501
f 892 720 718
f 717 505 892
f 893 851 806
f 893 806 809
f 894 893 809
f 894 809 909
f 851 272 271
f 895 851 893
f 895 272 851
f 898 896 853
f 897 284 898
f 900 913 804
f 801 900 804
f 914 370 368
f 914 371 370
f 899 797 869
f 900 371 914
f 901 371 900
f 903 902 871
f 903 871 915
f 902 874 215
f 902 872 874
f 902 870 871
f 902 215 870
f 903 872 902
f 903 873 872
f 905 906 904
f 905 785 782
f 905 904 785
f 905 782 932
f 906 873 904
f 394 873 906
f 394 390 873
f 906 397 394
f 905 397 906
f 905 401 397
f 763 934 765
f 437 231 916
f 741 919 907
f 919 463 462
f 463 883 470
f 908 2 1
f 908 717 2
f 908 505 717
f 922 894 909
f 910 922 909
f 923 821 896
f 923 910 821
f 911 893 894
f 911 895 893
f 923 282 912
f 923 284 282
f 923 898 284
f 930 898 853
f 930 897 898
f 930 853 852
f 913 868 811
f 913 368 868
f 914 913 900
f 914 368 913
f 901 900 801
f 901 801 797
f 901 797 899
f 899 381 376
f 899 376 901
f 915 904 873
f 915 873 903
f 916 763 760
f 916 934 763
f 916 231 934
f 758 916 760
f 917 590 437
f 917 437 916
f 917 439 590
f 920 746 918
f 918 907 919
f 921 919 462
f 921 460 455
f 921 462 460
f 919 883 463
f 883 919 741
f 717 892 718
f 922 910 912
f 922 912 911
f 922 911 894
f 923 896 898
f 923 912 910
f 930 931 296
f 924 875 406
f 881 430 933
f 758 917 916
f 758 925 917
f 925 758 756
f 926 925 756
f 927 917 925
f 927 439 917
f 928 746 920
f 928 749 746
f 929 456 447
f 929 455 456
f 929 921 455
f 929 920 921
f 918 919 921
f 918 921 920
f 882 738 884
f 930 296 897
f 932 401 905
f 932 924 406
f 932 406 401
f 933 228 879
f 933 880 881
f 933 879 880
f 934 231 430
f 934 430 881
f 925 926 927
f 937 926 756
f 937 756 752
f 935 752 749
f 935 937 752
f 935 749 928
f 935 939 937
f 935 928 939
f 936 926 937
f 936 927 926
f 936 447 445
f 936 445 927
f 937 447 936
f 929 928 920
f 929 939 928
f 883 738 882
f 883 741 738
f 938 930 852
f 938 303 931
f 938 931 930
f 938 852 940
f 939 447 937
f 939 929 447
f 854 305 303
f 854 310 305
f 854 938 940
f 854 303 938
f 855 314 311
f 855 311 310
f 855 310 854
f 941 317 314
f 941 844 317
f 941 314 855
f 1212 511 1014
f 944 1212 1016
f 639 1027 1024
f 1031 1219 1220
f 947 636 1030
f 949 951 630
f 951 949 950
f 951 950 1043
f 1231 952 954
f 957 955 956
f 957 956 1048
f 1048 624 1052
f 1238 1236 1055
f 959 1238 1058
f 960 621 1057
f 962 1064 1062
f 616 1064 962
f 619 1072 1073
f 966 1077 967
f 1087 1084 968
f 969 1251 38
f 631 1087 970
f 971 634 1096
f 972 642 641
f 972 1104 1259
f 972 641 1104
f 1106 645 644
f 645 1106 1261
f 1115 645 976
f 977 645 1115
f 980 1116 981
f 650 980 981
f 1127 652 1128
f 1268 652 1127
f 655 1132 985
f 987 986 1134
f 1143 657 1137
f 1143 658 657
f 1143 1137 988
f 991 661 989
f 660 661 991
f 1149 990 1148
f 1152 660 991
f 1152 663 660
f 1152 991 1277
f 993 665 1154
f 1158 1159 994
f 1164 668 1157
f 1164 1157 996
f 1164 669 668
f 672 998 999
f 672 999 1287
f 1000 673 1174
f 1178 1000 1177
f 1178 673 1000
f 1003 1002 1186
f 1191 1183 1187
f 1005 678 1004
f 677 1005 1004
f 1300 1194 1296
f 680 1194 1300
f 1007 684 683
f 1007 683 1199
f 1007 1199 1305
f 1008 1304 1009
f 1011 1206 120
f 1010 1204 1305
f 1011 120 265
f 1011 265 264
f 1010 1305 1012
f 1212 942 1015
f 1014 1016 1212
f 945 944 1016
f 943 261 263
f 943 263 516
f 943 1213 1017
f 944 942 1212
f 945 1019 944
f 1021 1017 1213
f 1022 1019 945
f 1017 646 261
f 1017 1021 1020
f 1020 646 1017
f 1217 1021 1214
f 1020 647 646
f 1022 946 1019
f 1022 1023 946
f 1024 648 1215
f 1026 1023 95
f 1026 946 1023
f 1027 648 1024
f 1027 638 648
f 1028 1024 1217
f 1220 1026 95
f 1026 1220 1219
f 1029 1031 1220
f 1030 635 639
f 1033 1031 1029
f 1033 1029 1032
f 1036 1031 1033
f 1032 948 1033
f 1032 1035 948
f 1036 1223 1031
f 1037 1036 948
f 949 947 950
f 1038 1035 98
f 1038 1224 948
f 1038 948 1035
f 636 947 949
f 1037 948 1224
f 949 632 636
f 950 1034 1040
f 1226 1038 98
f 1039 630 632
f 1039 949 630
f 1039 632 949
f 1041 1226 98
f 1041 952 1226
f 1041 953 952
f 1227 1224 1226
f 1227 1225 1224
f 1042 953 1041
f 1229 1043 1225
f 954 953 1042
f 954 952 953
f 1044 1042 142
f 1044 954 1042
f 1043 1229 956
f 1043 956 955
f 951 1043 955
f 1230 1227 952
f 1230 952 1231
f 1044 1231 954
f 955 629 951
f 1045 1231 1044
f 1045 1044 142
f 1045 142 1046
f 1047 1048 956
f 1047 956 1229
f 1046 958 1045
f 1049 1230 1231
f 1046 1234 958
f 1233 1050 1049
f 1233 1049 958
f 1048 626 957
f 1051 1234 1046
f 1052 626 1048
f 1236 1234 1051
f 1053 624 1048
f 1054 1233 1234
f 1236 1051 1055
f 1237 1233 1054
f 1240 1053 1235
f 960 1053 1240
f 1054 1236 1238
f 1057 620 623
f 1057 623 624
f 1056 1238 1055
f 961 959 1058
f 1063 1238 959
f 1061 960 1062
f 1061 617 621
f 1061 621 960
f 1061 1062 1064
f 1065 962 1062
f 1064 617 1061
f 963 959 961
f 963 961 22
f 1068 963 22
f 1069 1070 1068
f 1072 618 616
f 964 1069 28
f 1075 1074 964
f 1075 1245 1074
f 967 619 1073
f 965 28 1076
f 1247 1075 964
f 619 967 1077
f 1077 622 619
f 1078 965 1076
f 1081 967 1246
f 1078 1076 1079
f 1080 1078 1079
f 968 966 967
f 1249 1081 1250
f 1082 625 966
f 1082 627 625
f 1086 1249 1085
f 1084 627 1082
f 1084 1082 968
f 36 38 1251
f 1088 969 38
f 970 1087 968
f 1089 1251 969
f 1088 1253 969
f 1092 1253 1088
f 1093 631 970
f 1096 633 631
f 1097 1253 1095
f 1097 1095 43
f 1257 1096 1093
f 1257 1254 1094
f 1098 1097 43
f 1098 43 1100
f 1101 1257 1094
f 1100 1099 1098
f 971 1257 1101
f 1099 1100 102
f 971 637 634
f 971 1259 1104
f 1105 1102 1099
f 1105 1099 102
f 1105 102 974
f 1104 637 971
f 1104 641 637
f 1105 974 973
f 48 974 49
f 48 973 974
f 1106 972 1259
f 972 1106 640
f 972 640 642
f 48 975 1262
f 1109 1106 644
f 1109 644 640
f 1109 640 1106
f 1261 1107 1108
f 1112 975 48
f 1110 1263 1108
f 1112 1113 975
f 975 1111 1262
f 1264 1111 975
f 978 975 1113
f 1114 976 1263
f 978 1266 1264
f 1113 979 978
f 1114 1264 1266
f 1118 979 1113
f 1116 977 1115
f 1265 1115 1114
f 1117 978 979
f 977 1116 649
f 1115 981 1116
f 1120 979 1118
f 1119 649 1116
f 1120 1118 108
f 109 1120 108
f 1116 980 1119
f 1124 1120 109
f 1121 1122 1117
f 1121 1117 1123
f 1124 109 111
f 1121 1125 1122
f 1127 650 981
f 1127 651 650
f 111 57 983
f 1129 1125 1121
f 983 982 111
f 1129 1127 1125
f 1128 651 1127
f 57 984 983
f 56 984 57
f 1268 653 652
f 1132 653 1268
f 986 984 56
f 1269 985 1132
f 985 1269 1267
f 985 1267 1270
f 1134 986 56
f 1134 1135 987
f 655 988 1137
f 1137 654 655
f 1137 657 654
f 1139 1141 1142
f 658 1143 656
f 989 1143 988
f 1142 1141 65
f 1144 659 656
f 1144 656 1143
f 144 1142 65
f 1145 991 989
f 1144 989 661
f 1144 661 659
f 144 1148 990
f 1275 990 1149
f 1275 1146 990
f 1149 1148 114
f 1150 1149 114
f 1150 992 1149
f 136 992 1150
f 136 1155 992
f 1278 992 1155
f 148 1155 136
f 1152 664 663
f 1154 664 1152
f 1153 1278 1155
f 994 1155 148
f 994 1159 1155
f 1157 993 1282
f 1158 994 151
f 1157 665 993
f 1157 666 665
f 1282 996 1157
f 995 1158 151
f 1157 668 666
f 1162 995 151
f 1160 996 1282
f 1162 997 995
f 1162 1167 997
f 669 1164 667
f 1163 995 997
f 996 1160 1285
f 997 1284 1163
f 1165 670 667
f 1165 667 1164
f 999 1165 1164
f 999 670 1165
f 998 670 999
f 1168 1167 138
f 1285 1287 999
f 1169 1167 1168
f 1168 138 1170
f 1170 1172 1168
f 1171 672 1287
f 1172 1170 139
f 1171 671 672
f 1287 1177 1000
f 1171 1000 674
f 1171 674 671
f 1175 1172 139
f 1172 1175 1001
f 1174 674 1000
f 1177 1176 1182
f 1181 1001 1175
f 1178 675 673
f 1178 1177 1002
f 1292 1001 1181
f 1182 1186 1002
f 1187 1183 1185
f 1189 1003 1186
f 1003 676 1002
f 1189 676 1003
f 1191 1187 75
f 1189 1004 678
f 1188 1183 1191
f 1189 678 676
f 1192 1191 75
f 1191 1192 1006
f 1194 677 1004
f 1195 1192 80
f 1194 679 677
f 1298 1006 1195
f 1196 1195 80
f 1196 80 82
f 1196 1299 1195
f 1194 680 679
f 1197 1196 82
f 1197 82 1198
f 1197 1299 1196
f 1302 1296 1297
f 1199 680 1300
f 1199 681 680
f 1300 1296 1302
f 1300 1305 1199
f 1201 1197 1198
f 1201 1198 87
f 1200 683 681
f 1200 1199 683
f 1200 681 1199
f 1201 1299 1197
f 1009 87 90
f 87 1304 1201
f 87 1009 1304
f 1205 1009 90
f 1204 1007 1305
f 1205 90 1206
f 1007 682 684
f 1204 682 1007
f 1205 1008 1009
f 1205 1206 1011
f 1207 1208 1013
f 1209 1012 1306
f 1208 1011 264
f 1210 1012 1209
f 1211 1210 1013
f 1010 1210 164
f 1010 164 685
f 164 1210 1211
f 1213 943 516
f 1213 613 1015
f 1213 516 613
f 1213 1015 942
f 1213 942 944
f 1017 261 943
f 1213 944 1214
f 1213 1214 1021
f 1018 944 1019
f 1214 944 1018
f 1215 647 1020
f 1215 1020 1021
f 1216 1214 1018
f 1216 1217 1214
f 1019 946 1025
f 1217 1215 1021
f 1217 1024 1215
f 647 1215 648
f 1216 1018 1025
f 1025 1219 1218
f 1219 946 1026
f 1219 1025 946
f 1218 1216 1025
f 1218 1028 1217
f 1218 1217 1216
f 1218 1221 1028
f 1218 1219 1221
f 1028 639 1024
f 1221 1222 1028
f 1221 1219 1031
f 1222 1030 639
f 1222 639 1028
f 1222 947 1030
f 1221 1034 1222
f 1034 1221 1031
f 1223 1034 1031
f 1222 1034 950
f 1222 950 947
f 1033 948 1036
f 1223 1040 1034
f 1223 1225 1040
f 1223 1036 1037
f 1223 1037 1225
f 1040 1043 950
f 1224 1225 1037
f 1226 1224 1038
f 1227 1226 952
f 1228 1229 1225
f 1228 1225 1227
f 1228 1227 1230
f 1228 1047 1229
f 1232 1228 1230
f 1232 1047 1228
f 1231 1045 958
f 1232 1230 1049
f 1049 1231 958
f 1050 1047 1232
f 1050 1232 1049
f 1050 1053 1047
f 1047 1053 1048
f 1233 958 1234
f 1235 1050 1233
f 1053 1050 1235
f 1237 1240 1235
f 1237 1235 1233
f 960 624 1053
f 960 1057 624
f 1239 1240 1237
f 1239 1237 1054
f 1238 1059 1054
f 1238 1056 1058
f 1239 1054 1059
f 1239 1060 1240
f 1239 1059 1241
f 1239 1241 1060
f 1240 1062 960
f 1240 1060 1062
f 1063 1059 1238
f 1063 1241 1059
f 1242 1241 1063
f 1241 1065 1060
f 1242 1065 1241
f 1065 1062 1060
f 1067 1063 959
f 1067 1242 1063
f 1242 1066 1065
f 1067 959 963
f 1066 962 1065
f 1067 963 1071
f 1067 1071 1243
f 1243 1066 1242
f 1243 1242 1067
f 1243 1073 1066
f 963 1070 1071
f 963 1068 1070
f 962 1072 616
f 1243 1071 1244
f 1243 1244 1073
f 1073 962 1066
f 1073 1072 962
f 964 1070 1069
f 1244 1071 1074
f 1244 1245 1246
f 1244 1074 1245
f 1246 1073 1244
f 1246 967 1073
f 965 1247 964
f 965 964 28
f 1245 1075 1248
f 1245 1248 1246
f 1248 1075 1247
f 1248 1081 1246
f 1247 965 1078
f 1248 1250 1081
f 1248 1247 1250
f 1081 968 967
f 1250 1247 1083
f 1083 1247 1078
f 1083 1078 1080
f 1250 1083 1085
f 1250 1085 1249
f 968 1082 966
f 1083 36 1251
f 1083 1080 36
f 968 1081 1249
f 1085 1083 1251
f 1086 968 1249
f 1086 970 968
f 1252 1251 1089
f 1252 1086 1085
f 1252 1085 1251
f 1252 1091 1086
f 1091 970 1086
f 1089 969 1253
f 1089 1253 1090
f 1252 1254 1091
f 1252 1255 1254
f 1252 1089 1090
f 1252 1090 1255
f 1254 970 1091
f 1254 1093 970
f 1253 1092 1095
f 1255 1094 1254
f 1255 1090 1094
f 1093 1096 631
f 1257 1093 1254
f 1256 1090 1253
f 1097 1256 1253
f 1094 1090 1256
f 1257 971 1096
f 1103 1256 1097
f 1102 1097 1098
f 1102 1103 1097
f 1258 1101 1094
f 1258 1256 1103
f 1258 1094 1256
f 1102 1098 1099
f 1101 1259 971
f 1102 1260 1103
f 1258 1107 1101
f 1258 1260 1107
f 1258 1103 1260
f 1102 1105 973
f 1259 1101 1107
f 1260 1102 973
f 1260 973 1110
f 1260 1108 1107
f 1260 1110 1108
f 1261 1259 1107
f 1261 1106 1259
f 1262 1110 973
f 1262 973 48
f 1108 1263 976
f 1108 976 1261
f 1111 1110 1262
f 976 645 1261
f 1263 1110 1111
f 976 1114 1115
f 975 978 1264
f 1264 1263 1111
f 1264 1114 1263
f 1266 1265 1114
f 1266 978 1117
f 1266 1125 1265
f 1266 1122 1125
f 1266 1117 1122
f 1265 981 1115
f 1123 979 1120
f 1123 1117 979
f 1123 1120 982
f 1124 982 1120
f 1125 1127 981
f 1125 981 1265
f 1126 1123 982
f 1126 1121 1123
f 111 982 1124
f 1131 1121 1126
f 1131 1129 1121
f 982 983 1130
f 1129 1131 1269
f 1129 1269 1268
f 1129 1268 1127
f 1130 983 984
f 1267 1131 1130
f 1131 1267 1269
f 1267 1130 1270
f 1269 1132 1268
f 984 1133 1130
f 986 1133 984
f 1270 1130 1133
f 1270 1272 985
f 987 1133 986
f 1272 655 985
f 1271 1272 1270
f 1271 1270 1133
f 1271 1133 987
f 988 655 1272
f 1271 1138 1272
f 1271 1136 1138
f 1271 987 1136
f 1272 1138 988
f 1136 987 1140
f 987 1135 1139
f 1273 1138 1136
f 1273 1136 1140
f 1140 987 1139
f 1140 1139 1142
f 1138 989 988
f 1273 1145 1138
f 1147 1145 1273
f 1147 1273 1140
f 989 1144 1143
f 1145 989 1138
f 1146 1140 1142
f 1146 1147 1140
f 990 1146 1142
f 990 1142 144
f 1147 1274 1145
f 1145 1274 991
f 1274 1147 1146
f 1274 1146 1276
f 1274 1276 1277
f 991 1274 1277
f 1276 1146 1275
f 1275 1149 992
f 1276 1275 1151
f 1278 1151 1275
f 1278 1275 992
f 1151 1277 1276
f 1151 1279 1277
f 1280 1279 1151
f 1280 1151 1278
f 1277 1154 1152
f 1279 1154 1277
f 1279 993 1154
f 1156 1279 1280
f 1156 993 1279
f 1281 1278 1153
f 1281 1156 1280
f 1281 1280 1278
f 1159 1153 1155
f 1156 1282 993
f 1283 1282 1156
f 1283 1281 1153
f 1283 1153 1159
f 1283 1156 1281
f 1282 1283 1160
f 1163 1159 1158
f 1163 1158 995
f 1161 1283 1159
f 1161 1160 1283
f 1161 1159 1163
f 1284 1160 1161
f 1284 1285 1160
f 1284 1161 1163
f 996 999 1164
f 1284 1166 1285
f 1284 997 1166
f 1285 999 996
f 1169 997 1167
f 1166 1287 1285
f 1166 1286 1287
f 1166 1169 1286
f 1166 997 1169
f 1173 1286 1169
f 1173 1169 1168
f 1287 1000 1171
f 1173 1168 1172
f 1286 1176 1287
f 1286 1173 1289
f 1286 1289 1176
f 1287 1176 1177
f 1288 1173 1172
f 1289 1173 1288
f 1288 1172 1001
f 1288 1001 1290
f 1289 1288 1290
f 1289 1290 1291
f 1289 1291 1176
f 1290 1001 1179
f 1291 1182 1176
f 1291 1290 1179
f 1291 1180 1182
f 1291 1179 1180
f 1182 1002 1177
f 1292 1184 1179
f 1292 1179 1001
f 1180 1179 1184
f 1185 1183 1181
f 1292 1181 1183
f 1180 1186 1182
f 1180 1190 1186
f 1293 1190 1180
f 1293 1180 1184
f 1189 1186 1190
f 1190 1004 1189
f 1293 1193 1190
f 1294 1293 1188
f 1294 1193 1293
f 1193 1004 1190
f 1193 1194 1004
f 1006 1188 1191
f 1006 1295 1188
f 1295 1193 1294
f 1295 1294 1188
f 1006 1192 1195
f 1296 1194 1193
f 1296 1193 1295
f 1297 1295 1006
f 1297 1296 1295
f 1297 1006 1298
f 1195 1299 1298
f 1301 1298 1299
f 1301 1297 1298
f 1301 1302 1297
f 1301 1299 1202
f 1301 1203 1302
f 1302 1305 1300
f 1302 1203 1305
f 1202 1299 1201
f 1303 1203 1301
f 1303 1301 1202
f 1306 1202 1304
f 1306 1303 1202
f 1306 1203 1303
f 1306 1304 1008
f 1012 1203 1306
f 1012 1305 1203
f 1207 1306 1008
f 1207 1209 1306
f 1008 1205 1208
f 1008 1208 1207
f 1011 1208 1205
f 1207 1013 1210
f 1207 1210 1209
f 1210 1010 1012
f 1013 1208 264
f 1018 1019 1025
f 1040 1225 1043
f 1054 1234 1236
f 1074 1071 1070
f 1074 1070 964
f 1126 982 1130
f 1126 1130 1131
f 1184 1188 1293
f 1184 1183 1188
f 1184 1292 1183
f 1304 1202 1201
f 1400 712 714
f 1307 712 1400
f 1307 709 712
f 1400 1308 1309
f 1310 709 1307
f 1310 708 709
f 1307 1309 1311
f 1307 1400 1309
f 1312 708 1310
f 1312 706 708
f 1310 1311 2609
f 1310 1307 1311
f 1314 706 1312
f 1314 704 706
f 1312 2609 1313
f 1312 1313 2445
f 1312 1310 2609
f 1401 704 1314
f 1401 702 704
f 1314 2445 2616
f 1314 2616 2618
f 1314 1312 2445
f 1315 700 702
f 1315 702 1401
f 1401 1314 2618
f 1316 700 1315
f 1316 699 700
f 1315 2618 2452
f 1315 2452 1317
f 1315 1401 2618
f 1318 697 699
f 1318 699 1316
f 1316 1315 1317
f 1402 697 1318
f 1402 693 696
f 1402 696 697
f 1318 1317 2627
f 1318 2627 1319
f 1318 1316 1317
f 1320 693 1402
f 1402 1318 1319
f 1402 1319 2632
f 1402 2632 1321
f 1322 693 1320
f 1322 692 693
f 1320 1402 1321
f 1324 692 1322
f 1324 689 692
f 1322 1321 2640
f 1322 2640 1323
f 1322 1320 1321
f 1326 689 1324
f 1326 687 689
f 1324 1322 1323
f 1324 1323 2651
f 1325 687 1326
f 1326 2651 2652
f 1326 1324 2651
f 1327 687 1325
f 1327 686 687
f 1325 2652 1329
f 1325 1326 2652
f 1328 686 1327
f 1328 688 686
f 1403 1329 1330
f 1403 1325 1329
f 1331 688 1328
f 1331 690 688
f 1404 1403 1330
f 1405 690 1331
f 1405 691 690
f 1332 1330 2661
f 1332 2661 2665
f 1332 1404 1330
f 1335 691 1405
f 1335 694 691
f 1333 2665 1334
f 1333 1334 2669
f 1333 1332 2665
f 1406 695 694
f 1406 694 1335
f 1335 1333 2669
f 1336 695 1406
f 1337 2669 1338
f 1337 1338 2674
f 1337 1406 1335
f 1337 1335 2669
f 1341 695 1336
f 1341 698 695
f 1336 1337 2674
f 1336 2674 1339
f 1336 1339 1340
f 1343 701 698
f 1343 698 1341
f 1341 1340 1342
f 1341 1336 1340
f 1407 703 701
f 1407 701 1343
f 1343 1342 1344
f 1343 1341 1342
f 1345 703 1407
f 1407 1343 1344
f 1407 1344 2686
f 1407 2686 2690
f 1409 705 703
f 1409 703 1345
f 1345 1407 2690
f 1346 705 1409
f 1346 707 705
f 1347 1345 2690
f 1347 2690 1348
f 1347 1348 1349
f 1351 707 1346
f 1351 710 707
f 1346 1347 1349
f 1350 710 1351
f 1350 711 710
f 1351 1346 1349
f 1351 1349 2704
f 1351 2704 1352
f 1353 713 711
f 1353 711 1350
f 1350 1351 1352
f 1354 713 1353
f 1353 1350 1352
f 1353 1352 2711
f 1353 2711 2713
f 1355 716 713
f 1355 713 1354
f 1354 2713 2716
f 1354 1353 2713
f 1356 721 716
f 1356 716 1355
f 1355 2716 2717
f 1355 2717 2724
f 1355 1354 2716
f 1358 721 1356
f 1358 723 721
f 1356 1355 2724
f 1357 725 723
f 1357 723 1358
f 1358 2724 2523
f 1358 2523 2727
f 1358 1356 2724
f 1410 725 1357
f 1357 2727 1359
f 1357 1358 2727
f 1360 725 1410
f 1360 730 725
f 1410 1359 2736
f 1410 2736 2738
f 1410 1357 1359
f 1363 732 730
f 1363 730 1360
f 1360 2738 1361
f 1360 1410 2738
f 1362 732 1363
f 1362 736 732
f 1363 1361 2536
f 1363 1360 1361
f 1364 736 1362
f 1364 739 736
f 1362 1363 2536
f 1362 2536 2742
f 1365 739 1364
f 1364 2742 2747
f 1364 2747 2751
f 1364 1362 2742
f 1366 739 1365
f 1366 742 739
f 1365 1364 2751
f 1368 744 742
f 1368 742 1366
f 1366 1365 2751
f 1366 2751 2752
f 1366 2752 1367
f 1371 744 1368
f 1371 747 744
f 1368 1366 1367
f 1368 1367 2755
f 1368 2755 1369
f 1370 750 747
f 1370 747 1371
f 1371 1368 1369
f 1371 1369 1372
f 1374 753 750
f 1374 750 1370
f 1370 1371 1372
f 1370 1372 2760
f 1370 2760 1373
f 1411 754 753
f 1411 753 1374
f 1374 1370 1373
f 1374 1373 1375
f 1376 759 754
f 1376 754 1411
f 1377 1374 1375
f 1377 1375 2563
f 1377 2563 2565
f 1378 761 759
f 1378 759 1376
f 1379 1377 2565
f 1414 761 1378
f 1380 1379 2565
f 1380 2565 2772
f 1380 2772 2775
f 1381 767 761
f 1381 761 1414
f 1382 1380 2775
f 1382 2775 2776
f 1382 2776 1383
f 1415 767 1381
f 1384 1382 1383
f 1384 1383 2781
f 1385 773 770
f 1385 770 767
f 1385 767 1415
f 1386 1384 2781
f 1386 2781 1387
f 1416 773 1385
f 1388 1386 1387
f 1388 1387 2789
f 1417 776 773
f 1417 773 1416
f 1389 1388 2789
f 1389 2789 2582
f 1389 2582 1391
f 1418 779 776
f 1418 776 1417
f 1390 1389 1391
f 1419 783 779
f 1419 779 1418
f 1392 1391 2589
f 1392 2589 1393
f 1392 1390 1391
f 1420 786 783
f 1420 783 1419
f 1419 1392 1393
f 1395 786 1420
f 1395 788 786
f 1420 1419 1393
f 1420 1393 2803
f 1420 2803 1394
f 1397 790 788
f 1397 788 1395
f 1395 1420 1394
f 1395 1394 1396
f 1398 792 790
f 1398 790 1397
f 1397 1395 1396
f 1397 1396 2811
f 1399 793 792
f 1399 792 1398
f 1398 2811 2816
f 1398 1397 2811
f 1399 2816 1421
f 1399 1398 2816
f 1400 714 1592
f 1400 1592 1308
f 1403 1327 1325
f 1404 1328 1327
f 1404 1327 1403
f 1328 1404 1332
f 1331 1332 1333
f 1331 1328 1332
f 1405 1331 1333
f 1405 1333 1335
f 1406 1337 1336
f 1408 1345 1347
f 1408 1409 1345
f 1409 1347 1346
f 1409 1408 1347
f 1411 1374 1377
f 1412 1377 1379
f 1412 1376 1411
f 1412 1411 1377
f 1413 1378 1376
f 1413 1412 1379
f 1413 1379 1380
f 1413 1376 1412
f 1414 1380 1382
f 1414 1378 1413
f 1414 1413 1380
f 1384 1414 1382
f 1384 1381 1414
f 1415 1384 1386
f 1415 1381 1384
f 1388 1385 1415
f 1388 1415 1386
f 1416 1385 1388
f 1416 1388 1389
f 1390 1416 1389
f 1390 1417 1416
f 1417 1390 1392
f 1418 1417 1392
f 1418 1392 1419
f 1421 1422 793
f 1421 793 1399
f 1423 1422 1601
f 1424 1422 1423
f 1426 2824 2605
f 1429 1426 2605
f 1429 2605 1428
f 1430 1604 1425
f 1434 1430 1614
f 1617 1432 1429
f 1617 1429 1609
f 1436 1615 1434
f 1435 1616 1432
f 1439 1621 1435
f 1624 1438 1436
f 1442 1626 1439
f 1446 1444 1441
f 1448 1635 1444
f 1639 1447 1445
f 1450 1447 1644
f 1652 1453 1450
f 1455 1451 1659
f 1452 1453 1652
f 1456 1454 1453
f 1458 1455 1662
f 1460 1660 1456
f 1459 1666 1458
f 1462 1463 1672
f 1464 1461 1465
f 1469 1678 1466
f 1470 1681 1684
f 1686 1469 1468
f 1471 1888 1469
f 1472 1470 1890
f 1473 1474 1471
f 1473 1475 1474
f 1477 1911 1695
f 1479 1475 1478
f 1479 1480 1475
f 1481 1702 1477
f 1708 1482 1481
f 1484 1701 1480
f 1485 1482 1715
f 1487 1894 1484
f 1489 1716 1487
f 1721 1490 1486
f 1493 1490 1729
f 1494 1492 1731
f 1494 1495 1492
f 1496 1497 1493
f 1501 1496 1499
f 1500 1505 1495
f 1503 1739 1501
f 1507 1505 1504
f 1510 1744 1507
f 1750 1509 1503
f 1512 1513 1510
f 1511 1516 1508
f 1514 1519 1513
f 1517 1516 1761
f 1764 1522 1519
f 1761 1520 1517
f 1524 1768 1520
f 1528 1523 1522
f 1525 1524 1526
f 1778 1530 1525
f 1529 1531 1528
f 1532 1530 1533
f 1534 1779 1531
f 1790 1535 1534
f 1536 1532 1537
f 1793 1539 1535
f 1543 1538 1540
f 1541 1542 1539
f 1544 1545 1543
f 1546 1549 1541
f 1808 1552 1549
f 1551 1804 1550
f 1912 1551 1553
f 1559 1817 1556
f 1561 1558 1825
f 1566 1562 1560
f 1563 1561 1564
f 1568 1829 1566
f 1570 1833 1569
f 1571 1573 1568
f 1913 1572 1570
f 1575 1574 1573
f 1578 1579 1576
f 1580 1581 1575
f 1862 1582 1578
f 1859 1583 1581
f 1585 1860 1582
f 1584 1586 1583
f 1588 1585 1587
f 1590 1589 1586
f 1869 1591 1588
f 1593 1870 1590
f 1875 1592 2431
f 1594 1592 1875
f 1880 1595 1593
f 1879 2435 1597
f 1600 1599 1998
f 1423 1601 1425
f 1602 1424 1423
f 1604 1602 1423
f 2825 1426 1881
f 1603 1425 1601
f 1603 2825 1881
f 1604 1423 1425
f 1603 1427 1425
f 1881 1427 1603
f 1606 1881 1426
f 1606 1426 1429
f 1605 1602 1604
f 1605 1604 1430
f 1427 1430 1425
f 1605 1430 1431
f 1431 1607 1605
f 1608 1430 1427
f 1610 1608 1427
f 1612 1881 1606
f 1612 1610 1881
f 1431 1430 1434
f 1612 1429 1432
f 1612 1606 1429
f 1608 1614 1430
f 1613 1607 1431
f 1882 1614 1608
f 1611 1617 1609
f 1616 1610 1612
f 1616 1882 1610
f 1613 1431 1434
f 1613 1434 1615
f 1616 1612 1432
f 1617 1433 1432
f 1437 1615 1436
f 1437 1619 1615
f 1618 1436 1434
f 1618 1434 1614
f 1433 1435 1432
f 1883 1882 1616
f 1614 1883 1618
f 1616 1435 1621
f 1616 1621 1883
f 1618 1624 1436
f 1620 1433 1617
f 1620 1435 1433
f 1623 1618 1883
f 1623 1624 1618
f 1437 1436 1438
f 1622 1619 1437
f 1627 1435 1620
f 1626 1883 1621
f 1626 1621 1439
f 1627 1631 1439
f 1627 1439 1435
f 1622 1437 1438
f 1622 1438 1440
f 1440 1625 1622
f 1884 1438 1624
f 1440 1438 1441
f 1440 1441 1443
f 1626 1442 1629
f 1623 1633 1624
f 1625 1440 1443
f 1631 1442 1439
f 1884 1624 1633
f 1630 1628 1625
f 1630 1625 1443
f 1629 1633 1623
f 1629 1442 1445
f 1630 1441 1444
f 1630 1443 1441
f 1636 1631 1627
f 1632 1630 1444
f 1632 1628 1630
f 1884 1441 1438
f 1637 1633 1629
f 1635 1632 1444
f 1637 1629 1445
f 1634 1446 1441
f 1634 1441 1884
f 1636 1442 1631
f 1634 1884 1633
f 1640 1634 1633
f 1635 1448 1638
f 1639 1442 1636
f 1641 1640 1633
f 1637 1641 1633
f 1639 1445 1442
f 1446 1448 1444
f 1637 1445 1447
f 1641 1637 1447
f 1639 1636 1647
f 1642 1643 1638
f 1642 1638 1448
f 1646 1448 1446
f 1646 1446 1649
f 1642 1448 1449
f 1644 1639 1647
f 1641 1447 1450
f 1641 1450 1645
f 1644 1447 1639
f 1640 1649 1446
f 1646 1449 1448
f 1645 1649 1640
f 1648 1644 1647
f 1648 1450 1644
f 1642 1449 1451
f 1650 1643 1642
f 1650 1642 1451
f 1449 1646 1649
f 1652 1450 1648
f 1653 1449 1649
f 1654 1651 1650
f 1454 1450 1453
f 1652 1648 1656
f 1653 1451 1449
f 1654 1650 1451
f 1654 1451 1455
f 1649 1655 1653
f 1653 1659 1451
f 1657 1655 1649
f 1452 1652 1656
f 1651 1654 1455
f 1657 1454 1456
f 1663 1651 1455
f 1452 1656 1661
f 1663 1455 1458
f 1452 1456 1453
f 1452 1457 1456
f 1657 1456 1660
f 1655 1658 1659
f 1659 1662 1455
f 1660 1658 1655
f 1661 1457 1452
f 1662 1659 1658
f 1664 1663 1458
f 1665 1458 1662
f 1457 1661 1667
f 1665 1662 1658
f 1666 1664 1458
f 1457 1668 1460
f 1457 1460 1456
f 1666 1671 1664
f 1667 1668 1457
f 1669 1660 1460
f 1669 1658 1660
f 1885 1665 1658
f 1670 1666 1459
f 1670 1671 1666
f 1670 1459 1461
f 1459 1458 1665
f 1669 1885 1658
f 1669 1460 1463
f 1459 1665 1885
f 1672 1668 1667
f 1672 1460 1668
f 1671 1670 1461
f 1467 1673 1671
f 1467 1671 1461
f 1672 1667 1676
f 1886 1459 1885
f 1675 1461 1459
f 1672 1463 1460
f 1674 1886 1885
f 1467 1461 1464
f 1465 1461 1675
f 1462 1672 1676
f 1887 1673 1467
f 1465 1675 1886
f 1678 1463 1466
f 1887 1467 1464
f 1680 1673 1887
f 1462 1466 1463
f 1886 1677 1465
f 1465 1679 1464
f 1680 1887 1681
f 1682 1466 1462
f 1682 1462 1676
f 1679 1465 1677
f 1678 1677 1886
f 1683 1681 1470
f 1683 1680 1681
f 1684 1681 1679
f 1888 1677 1678
f 1468 1682 1688
f 1468 1466 1682
f 1683 1685 1680
f 1678 1469 1888
f 1468 1469 1466
f 1684 1679 1677
f 1685 1683 1470
f 1686 1468 1688
f 1687 1685 1470
f 1889 1684 1677
f 1888 1889 1677
f 1890 1470 1684
f 1890 1684 1889
f 1687 1472 1892
f 1687 1470 1472
f 1888 1471 1690
f 1686 1471 1469
f 1686 1692 1471
f 1690 1471 1474
f 1688 1692 1686
f 1891 1890 1889
f 1689 1687 1892
f 1691 1472 1890
f 1697 1891 1889
f 1697 1889 1690
f 1697 1690 1474
f 1689 1911 1693
f 1689 1892 1911
f 1692 1688 1700
f 1692 1473 1471
f 1700 1473 1692
f 1697 1474 1475
f 1694 1693 1911
f 1694 1911 1477
f 1695 1911 1691
f 1476 1891 1697
f 1694 1696 1693
f 1891 1698 1695
f 1476 1697 1475
f 1476 1698 1891
f 1702 1699 1696
f 1702 1696 1694
f 1703 1477 1695
f 1478 1473 1700
f 1703 1695 1698
f 1476 1701 1698
f 1702 1694 1477
f 1476 1475 1480
f 1478 1475 1473
f 1701 1476 1480
f 1704 1699 1702
f 1705 1703 1698
f 1707 1478 1700
f 1707 1479 1478
f 1704 1481 1482
f 1704 1702 1481
f 1893 1705 1698
f 1705 1477 1703
f 1705 1481 1477
f 1701 1893 1698
f 1706 1704 1482
f 1705 1708 1481
f 1709 1701 1484
f 1483 1479 1707
f 1483 1480 1479
f 1706 1482 1485
f 1711 1706 1485
f 1709 1484 1894
f 1893 1710 1708
f 1483 1707 1712
f 1483 1484 1480
f 1708 1715 1482
f 1894 1710 1893
f 1711 1485 1486
f 1488 1711 1486
f 1488 1714 1711
f 1718 1483 1712
f 1716 1710 1894
f 1718 1487 1484
f 1718 1484 1483
f 1716 1894 1487
f 1710 1713 1715
f 1715 1486 1485
f 1715 1717 1486
f 1491 1714 1488
f 1716 1713 1710
f 1717 1715 1713
f 1491 1488 1486
f 1491 1486 1490
f 1724 1717 1713
f 2379 1714 1491
f 1720 1724 1713
f 1720 1713 1716
f 1719 1487 1718
f 1716 1489 1492
f 1716 1492 1720
f 1719 1489 1487
f 1717 1721 1486
f 2379 1491 1490
f 2379 1490 1723
f 1724 1721 1717
f 1723 1725 2379
f 1723 1493 1726
f 1723 1490 1493
f 1725 1723 1726
f 1733 1489 1719
f 1731 1489 1733
f 1721 1729 1490
f 1731 1492 1489
f 1728 1724 1720
f 1722 1729 1721
f 1726 1493 1497
f 1728 1720 1492
f 1497 1725 1726
f 1727 1493 1729
f 1727 1729 1895
f 1728 1492 1495
f 1728 1498 1895
f 1728 1495 1498
f 1896 1727 1895
f 1732 1497 1496
f 1732 1730 1497
f 1734 1496 1493
f 1734 1493 1727
f 1732 1496 1501
f 1896 1734 1727
f 1494 1731 1733
f 1498 1495 1505
f 1502 1498 1505
f 1494 1500 1495
f 1734 1499 1496
f 1736 1494 1733
f 1736 1500 1494
f 1737 1730 1732
f 1735 1896 1502
f 1737 1732 1501
f 1737 1501 1739
f 1500 1504 1505
f 1738 1735 1502
f 1738 1502 1505
f 1740 1501 1499
f 1739 1503 1741
f 1738 1742 1735
f 1504 1500 1736
f 1738 1505 1507
f 1738 1507 1744
f 1742 1738 1744
f 1740 1503 1501
f 1740 1506 1503
f 1745 1740 1742
f 1745 1506 1740
f 1741 1503 1509
f 1743 1741 1509
f 1747 1507 1504
f 1752 1507 1747
f 1743 1509 1508
f 1506 1750 1503
f 1752 1510 1507
f 1746 1745 1744
f 1746 1744 1510
f 1746 1510 1513
f 1748 1750 1506
f 1750 1508 1509
f 1743 1508 1751
f 1752 1512 1510
f 1746 1753 1749
f 1746 1513 1753
f 1750 1511 1508
f 1897 1511 1750
f 1897 1750 1748
f 1754 1752 1747
f 1754 1512 1752
f 1751 1508 1516
f 1751 1516 1515
f 1755 1748 1753
f 1755 1513 1519
f 1755 1753 1513
f 1515 1516 1756
f 1754 1513 1512
f 1754 1514 1513
f 1757 1755 1519
f 1756 1517 1759
f 1756 1516 1517
f 1758 1516 1511
f 1897 1758 1511
f 1514 1518 1519
f 1758 1897 1765
f 1758 1761 1516
f 1759 1517 1520
f 1763 1757 1519
f 1760 1759 1520
f 1763 1519 1522
f 1518 1514 1762
f 1764 1518 1762
f 1763 1522 1523
f 1764 1519 1518
f 1765 1763 1523
f 1760 1520 1768
f 1764 1762 1521
f 1768 1524 1770
f 1768 1766 1760
f 1769 1520 1761
f 1769 1761 1767
f 1770 1766 1768
f 1769 1524 1520
f 1521 1522 1764
f 1773 1767 1523
f 1773 1523 1528
f 1771 1770 1524
f 1526 1524 1769
f 1771 1524 1525
f 1521 1528 1522
f 1774 1528 1521
f 1527 1528 1774
f 1771 1525 1530
f 1776 1771 1530
f 1775 1525 1526
f 1777 1772 1773
f 1777 1773 1528
f 1777 1528 1531
f 1527 1529 1528
f 1772 1898 1775
f 1775 1778 1525
f 1777 1898 1772
f 1781 1527 1774
f 1781 1529 1527
f 1779 1898 1777
f 1776 1532 1782
f 1776 1530 1532
f 1779 1777 1531
f 1778 1775 1780
f 1898 1780 1775
f 1785 1529 1781
f 1785 1531 1529
f 1778 1533 1530
f 1779 1780 1898
f 1779 1534 1535
f 1786 1782 1532
f 1786 1783 1782
f 1785 1781 1788
f 1784 1780 1779
f 1785 1534 1531
f 1786 1532 1536
f 1784 1779 1535
f 1780 1787 1533
f 1533 1537 1532
f 1788 1534 1785
f 1784 1787 1780
f 1787 1537 1533
f 1788 1790 1534
f 1786 1536 1538
f 1789 1786 1538
f 1789 1783 1786
f 1542 1784 1535
f 1542 1535 1539
f 1542 1787 1784
f 1790 1793 1535
f 1791 1789 1538
f 1791 1792 1789
f 1899 1537 1787
f 1791 1538 1543
f 1791 1543 1792
f 1540 1538 1536
f 1540 1536 1537
f 1542 1899 1787
f 1540 1537 1899
f 1794 1539 1793
f 1795 1543 1545
f 1795 1792 1543
f 1547 1542 1541
f 1547 1541 1549
f 1796 1543 1540
f 1794 1541 1539
f 1799 1541 1794
f 1899 1797 1796
f 1796 1544 1543
f 1799 1546 1541
f 1802 1797 1899
f 1797 1544 1796
f 1802 1547 1549
f 1798 1545 1900
f 1546 1548 1549
f 1803 1797 1801
f 1798 1900 1550
f 1803 1805 1544
f 1800 1798 1550
f 1799 1548 1546
f 1802 1801 1797
f 1901 1803 1801
f 1804 1800 1550
f 1805 1550 1900
f 1548 1799 1810
f 1552 1801 1802
f 1802 1549 1552
f 1548 1808 1549
f 1805 1803 1901
f 1805 1902 1550
f 1804 1551 1806
f 1810 1808 1548
f 1807 1901 1801
f 1807 1801 1552
f 1809 1805 1901
f 1807 1552 1554
f 1902 1551 1550
f 1806 1551 1912
f 1806 1912 1555
f 1809 1901 1807
f 1808 1554 1552
f 1902 1553 1551
f 1556 1807 1554
f 1813 1808 1810
f 1813 1554 1808
f 1811 1902 1809
f 1811 1809 1556
f 1553 1812 1912
f 1812 1553 1811
f 1811 1556 1817
f 1559 1813 1819
f 1814 1812 1811
f 1818 1815 1558
f 1559 1554 1813
f 1559 1556 1554
f 1814 1811 1817
f 1814 1816 1812
f 1812 1557 1558
f 1557 1812 1816
f 1817 1816 1814
f 1818 1558 1561
f 1818 1561 1820
f 1562 1816 1817
f 1559 1560 1817
f 1562 1817 1560
f 1557 1825 1558
f 1821 1560 1559
f 1821 1559 1819
f 1823 1557 1816
f 1824 1820 1561
f 1822 1816 1562
f 1822 1562 1566
f 1822 1823 1816
f 1824 1561 1563
f 1565 1560 1821
f 1565 1821 1831
f 1565 1566 1560
f 1825 1564 1561
f 1564 1825 1823
f 1829 1822 1566
f 1826 1824 1563
f 1829 1823 1822
f 1827 1564 1823
f 1830 1563 1564
f 1829 1827 1823
f 1565 1567 1566
f 1828 1826 1903
f 1831 1567 1565
f 1904 1830 1827
f 1903 1569 1833
f 1832 1569 1830
f 1567 1568 1566
f 1905 1827 1829
f 1905 1904 1827
f 1828 1903 1833
f 1832 1830 1904
f 1835 1568 1567
f 1835 1567 1831
f 1835 1831 1839
f 1833 1834 1828
f 1905 1829 1568
f 1836 1834 1833
f 1838 1832 1904
f 1574 1904 1905
f 1905 1568 1573
f 1836 1833 1570
f 1574 1838 1904
f 1835 1571 1568
f 1832 1570 1569
f 1837 1834 1836
f 1574 1905 1573
f 1842 1570 1832
f 1839 1571 1835
f 1842 1832 1838
f 1837 1836 1570
f 1837 1570 1572
f 1840 1837 1572
f 1571 1843 1573
f 1842 1913 1570
f 1843 1839 1847
f 1843 1571 1839
f 1844 1574 1575
f 1841 1840 1572
f 1841 1576 1849
f 1841 1572 1576
f 1846 1842 1838
f 1849 1845 1841
f 1844 1846 1838
f 1844 1575 1577
f 1847 1573 1843
f 1848 1573 1847
f 1848 1575 1573
f 1849 1576 1579
f 1845 1849 1579
f 1852 1913 1846
f 1851 1577 1575
f 1851 1575 1581
f 1854 1850 1845
f 1854 1845 1579
f 1853 1848 1847
f 1852 1576 1572
f 1851 1846 1577
f 1853 1575 1848
f 1853 1580 1575
f 1854 1579 1578
f 1906 1846 1851
f 1852 1578 1576
f 1846 1906 1852
f 1907 1852 1906
f 1907 1578 1852
f 1858 1580 1853
f 1855 1851 1581
f 1854 1578 1582
f 1856 1850 1854
f 1856 1854 1582
f 1857 1907 1906
f 1859 1580 1858
f 1862 1578 1907
f 1855 1857 1906
f 1862 1907 1857
f 1859 1581 1580
f 1855 1581 1583
f 1856 1582 1860
f 1859 1858 1866
f 1861 1857 1855
f 1861 1583 1586
f 1861 1855 1583
f 1864 1582 1862
f 1864 1585 1582
f 1861 1586 1589
f 1864 1862 1863
f 1863 1861 1589
f 1584 1859 1866
f 1584 1583 1859
f 1865 1860 1585
f 1868 1584 1866
f 1868 1586 1584
f 1865 1585 1588
f 1867 1865 1588
f 1864 1587 1585
f 1587 1864 1908
f 1867 1588 1591
f 1870 1908 1589
f 1869 1588 1587
f 1870 1589 1590
f 1871 1586 1868
f 1871 1590 1586
f 1867 1591 1873
f 1872 1869 1909
f 1874 1908 1870
f 1874 1870 1593
f 1872 1591 1869
f 1873 1591 1877
f 1873 1877 1875
f 1875 2431 1873
f 1878 1590 1871
f 1878 1871 1876
f 1872 1877 1591
f 1878 1593 1590
f 1596 1910 1874
f 1910 1877 1872
f 1596 1874 1593
f 1596 1593 1595
f 1878 1880 1593
f 2432 1594 1877
f 2432 1910 1597
f 2432 1877 1910
f 1878 1876 1599
f 1879 1910 1596
f 1879 1596 1595
f 1880 1878 1599
f 1880 1598 1595
f 1879 1597 1910
f 1879 1595 2440
f 1598 1880 1599
f 1600 2440 1595
f 1600 1595 1598
f 1600 1598 1599
f 2440 2435 1879
f 1609 1429 1428
f 1609 1428 1611
f 1610 1427 1881
f 1882 1608 1610
f 1883 1614 1882
f 1623 1883 1626
f 1626 1629 1623
f 1634 1640 1446
f 1645 1640 1641
f 1645 1450 1454
f 1645 1454 1649
f 1454 1657 1649
f 1659 1653 1655
f 1660 1655 1657
f 1669 1674 1885
f 1669 1463 1674
f 1459 1886 1675
f 1674 1463 1678
f 1674 1678 1886
f 1888 1690 1889
f 1890 1891 1691
f 1891 1695 1691
f 1709 1893 1701
f 1705 1893 1708
f 1894 1893 1709
f 1715 1708 1710
f 1724 1722 1721
f 1724 1728 1722
f 1722 1728 1895
f 1895 1729 1722
f 1896 1895 1498
f 1896 1498 1502
f 1735 1734 1896
f 1742 1499 1734
f 1735 1742 1734
f 1742 1740 1499
f 1745 1742 1744
f 1749 1506 1745
f 1749 1745 1746
f 1749 1748 1506
f 1748 1749 1753
f 1897 1748 1755
f 1897 1755 1757
f 1897 1757 1763
f 1897 1763 1765
f 1765 1761 1758
f 1767 1761 1765
f 1767 1765 1523
f 1769 1767 1773
f 1772 1769 1773
f 1772 1526 1769
f 1775 1526 1772
f 1533 1778 1780
f 1542 1547 1899
f 1540 1899 1796
f 1547 1802 1899
f 1797 1803 1544
f 1900 1545 1544
f 1902 1805 1809
f 1809 1807 1556
f 1902 1811 1553
f 1912 1558 1815
f 1912 1815 1555
f 1825 1557 1823
f 1564 1827 1830
f 1903 1826 1563
f 1844 1838 1574
f 1913 1842 1846
f 1577 1846 1844
f 1852 1572 1913
f 1906 1851 1855
f 1863 1862 1857
f 1863 1857 1861
f 1908 1864 1863
f 1908 1863 1589
f 1909 1869 1587
f 1908 1909 1587
f 1909 1908 1874
f 1909 1910 1872
f 1909 1874 1910
f 1875 1877 1594
f 1681 1464 1679
f 1681 1887 1464
f 1911 1472 1691
f 1911 1892 1472
f 1900 1544 1805
f 1912 1812 1558
f 1569 1563 1830
f 1569 1903 1563
f 1916 2777 1915
f 1916 1915 1914
f 1917 2785 2777
f 1917 2777 1916
f 1918 1915 1919
f 1918 1914 1915
f 1920 2785 1917
f 1920 1924 2785
f 1921 1918 1919
f 1921 1919 1922
f 1923 1924 1920
f 1925 1921 1922
f 1925 1922 2756
f 1926 1924 1923
f 1926 2795 1924
f 1927 1925 2756
f 1927 2756 2753
f 1928 2800 2795
f 1928 2795 1926
f 1929 1927 2753
f 1928 1931 2800
f 1929 2753 2750
f 1930 1936 1931
f 1930 1931 1928
f 1932 1929 2750
f 1932 2750 1933
f 1935 1936 1930
f 1932 1933 1934
f 1935 2812 1936
f 1937 1932 1934
f 1939 2815 2812
f 1939 2812 1935
f 1937 1934 1938
f 1939 2818 2815
f 1941 1937 1938
f 1940 2820 2818
f 1940 2818 1939
f 1941 1938 1942
f 1944 2820 1940
f 1943 1941 1942
f 1944 1945 2820
f 1943 1942 2726
f 1946 1428 1945
f 1946 1945 1944
f 1948 1943 2726
f 1948 2726 2721
f 1947 1611 1428
f 1947 1428 1946
f 1947 1617 1611
f 1949 2721 2513
f 1949 1948 2721
f 1950 1617 1947
f 1949 2513 2710
f 1950 1620 1617
f 1627 1620 1950
f 1951 1949 2710
f 1951 2710 1952
f 1953 1627 1950
f 1636 1627 1953
f 1954 1951 1952
f 1955 1636 1953
f 1956 1954 1952
f 1957 1956 1952
f 1647 1636 1955
f 1956 1957 2693
f 2687 1956 2693
f 1958 1647 1955
f 1959 1956 2687
f 1961 1647 1958
f 1648 1647 1961
f 1960 1959 2687
f 1960 2687 2681
f 1961 1656 1648
f 1962 1960 2681
f 1963 1656 1961
f 1661 1656 1963
f 1962 2681 2678
f 1965 1661 1963
f 1964 1962 2678
f 1667 1661 1965
f 1966 1667 1965
f 2670 1964 2678
f 1967 1964 2670
f 1676 1667 1966
f 1968 1676 1966
f 1969 1967 2670
f 1682 1676 1968
f 2666 1969 2670
f 1970 1682 1968
f 1688 1682 1970
f 1972 1969 2666
f 1972 2666 1971
f 1973 1688 1970
f 1976 1972 1971
f 1976 1971 1975
f 1974 1688 1973
f 1700 1688 1974
f 1977 1976 1975
f 2649 1977 1975
f 1978 1700 1974
f 1979 1977 2649
f 1707 1700 1978
f 1980 1979 2649
f 1982 1707 1978
f 1981 1979 1980
f 2638 1981 1980
f 1712 1707 1982
f 1983 1981 2638
f 1984 1712 1982
f 1983 1985 1981
f 1718 1712 1984
f 1986 1985 1983
f 1719 1718 1984
f 1987 1986 1983
f 1988 1719 1984
f 1733 1719 1988
f 1987 1989 1986
f 1990 1733 1988
f 2624 1989 1987
f 2624 1991 1989
f 1992 1733 1990
f 2623 1991 2624
f 1993 1991 2623
f 1736 1992 1994
f 1736 1733 1992
f 2619 1993 2623
f 1995 1993 2619
f 1995 1996 1993
f 1504 1736 1994
f 1747 1994 1997
f 1747 1504 1994
f 1998 1996 1995
f 1998 1999 1996
f 1747 1997 2000
f 1754 2000 2001
f 1754 1747 2000
f 1599 2002 1999
f 1599 1999 1998
f 1514 1754 2001
f 1514 2001 1762
f 1876 2002 1599
f 1876 2003 2002
f 1521 1762 2004
f 1876 2005 2003
f 1521 2004 2006
f 1871 2005 1876
f 1774 1521 2006
f 1868 2005 1871
f 1868 2007 2005
f 1774 2006 2008
f 1866 2007 1868
f 1781 1774 2008
f 1866 2009 2007
f 1788 2008 2010
f 1788 1781 2008
f 1858 2009 1866
f 1858 2011 2009
f 1790 1788 2010
f 1853 2011 1858
f 1793 2010 2012
f 1793 1790 2010
f 1847 2011 1853
f 1847 2013 2011
f 1794 1793 2012
f 1794 2012 2015
f 1839 2013 1847
f 1839 2014 2013
f 1799 1794 2015
f 1799 2015 2017
f 1839 2016 2014
f 1810 1799 2017
f 1831 2016 1839
f 1831 2019 2016
f 1810 2017 2018
f 1813 1810 2018
f 1813 2018 2021
f 1821 2019 1831
f 1821 2020 2019
f 1819 1813 2021
f 1819 2020 1821
f 1819 2021 2020
f 2022 1946 1944
f 2022 2214 1946
f 2023 2022 1944
f 2023 1944 1940
f 2024 1940 1939
f 2024 2023 1940
f 2025 2024 1939
f 2025 1939 1935
f 2026 1935 1930
f 2026 2025 1935
f 2027 2026 1930
f 2028 1930 1928
f 2028 2027 1930
f 2029 1928 1926
f 2029 2028 1928
f 2030 1926 1923
f 2030 2029 1926
f 2030 1923 1920
f 2031 2030 1920
f 2032 2031 1920
f 2032 1920 1917
f 2033 2032 1917
f 2033 1917 1916
f 2034 2033 1916
f 2034 1916 1914
f 2035 2034 1914
f 2035 1914 1918
f 2036 2035 1918
f 2037 2036 1918
f 2037 1918 1921
f 2038 1921 1925
f 2038 2037 1921
f 2039 1925 1927
f 2039 2038 1925
f 2040 1927 1929
f 2040 2039 1927
f 2041 2040 1929
f 2041 1929 1932
f 2042 2041 1932
f 2042 1932 1937
f 2043 1937 1941
f 2043 2042 1937
f 2044 2043 1941
f 2045 1941 1943
f 2045 2044 1941
f 2046 1943 1948
f 2046 2045 1943
f 2047 2046 1948
f 2047 1948 1949
f 2048 2047 1949
f 2048 1949 1951
f 2049 2048 1951
f 2050 1951 1954
f 2050 2049 1951
f 2051 1954 1956
f 2051 2050 1954
f 2052 2051 1956
f 2052 1956 1959
f 2053 2052 1959
f 2053 1959 1960
f 2054 2053 1960
f 2054 1960 1962
f 2055 2054 1962
f 2055 1962 1964
f 2056 2055 1964
f 2056 1964 1967
f 2057 2056 1967
f 2058 2057 1967
f 2058 1967 1969
f 2059 2058 1969
f 2059 1969 1972
f 2060 2059 1972
f 2060 1972 1976
f 2061 2060 1976
f 2061 1976 1977
f 2062 2061 1977
f 2062 1977 1979
f 2063 1979 1981
f 2063 2062 1979
f 2064 1981 1985
f 2064 2063 1981
f 2065 1985 1986
f 2065 2064 1985
f 2066 1986 1989
f 2066 2065 1986
f 2067 2066 1989
f 2067 1989 1991
f 2068 2067 1991
f 2068 1991 1993
f 2069 2068 1993
f 2069 1993 1996
f 2070 2069 1996
f 2070 1996 1999
f 2071 2070 1999
f 2074 2072 2073
f 2073 2075 2076
f 2072 2075 2073
f 2076 2077 2079
f 2075 2077 2076
f 2077 2078 2079
f 2079 2080 2081
f 2078 2080 2079
f 2081 2082 2084
f 2080 2082 2081
f 2082 2083 2084
f 2084 2085 2086
f 2083 2085 2084
f 2086 2087 2088
f 2085 2087 2086
f 2088 2089 2091
f 2087 2089 2088
f 2089 2090 2091
f 2091 2092 2093
f 2090 2092 2091
f 2093 2094 2095
f 2092 2094 2093
f 2095 2096 2097
f 2094 2096 2095
f 2096 2098 2097
f 2098 2099 2097
f 2097 2099 2101
f 2099 2100 2101
f 2101 2100 2102
f 2100 2103 2102
f 2102 2104 2106
f 2103 2104 2102
f 2104 2105 2106
f 2105 2107 2106
f 2106 2107 2108
f 2108 2109 2110
f 2107 2109 2108
f 2110 2111 2112
f 2109 2111 2110
f 2111 2113 2112
f 2112 2114 2115
f 2113 2114 2112
f 2115 2116 2117
f 2114 2116 2115
f 2116 2118 2117
f 2117 2119 2121
f 2118 2119 2117
f 2119 2120 2121
f 2121 2122 2123
f 2120 2122 2121
f 2123 2124 2126
f 2122 2124 2123
f 2124 2125 2126
f 2126 2127 2128
f 2125 2127 2126
f 2128 2129 2130
f 2127 2129 2128
f 2130 2131 2133
f 2129 2131 2130
f 2131 2132 2133
f 2133 2134 2135
f 2132 2134 2133
f 2135 2136 2137
f 2134 2136 2135
f 2137 2138 2139
f 2136 2138 2137
f 2138 2140 2139
f 2139 2141 2143
f 2140 2141 2139
f 2141 2142 2143
f 2143 2142 2145
f 2142 2144 2145
f 2144 2146 2145
f 2145 2146 2147
f 2146 2148 2147
f 2148 2149 2147
f 2147 2149 2150
f 2149 2151 2150
f 2151 2152 2150
f 2150 2152 2153
f 2152 2154 2153
f 2153 2154 2155
f 2154 2156 2155
f 2155 2156 2158
f 2156 2157 2158
f 2157 2159 2158
f 2160 2159 2161
f 2158 2159 2160
f 2159 2162 2161
f 2162 2163 2161
f 2161 2163 2165
f 2163 2164 2165
f 2165 2164 2166
f 2164 2167 2166
f 2166 2167 2168
f 2167 2169 2168
f 2169 2170 2168
f 2168 2170 2171
f 2170 2172 2171
f 2171 2172 2174
f 2172 2173 2174
f 2174 2175 2176
f 2173 2175 2174
f 2175 2177 2176
f 2176 2178 2179
f 2177 2178 2176
f 2178 2180 2179
f 2180 2181 2179
f 2179 2181 2183
f 2181 2182 2183
f 2182 2184 2183
f 2183 2184 2186
f 2184 2185 2186
f 2186 2185 2189
f 2185 2187 2189
f 2187 2188 2189
f 2190 2034 2035
f 2191 2033 2034
f 2191 2034 2190
f 2193 2033 2191
f 2192 2035 2036
f 2192 2190 2035
f 2193 2032 2033
f 2194 2036 2037
f 2194 2192 2036
f 2195 2032 2193
f 2195 2031 2032
f 2196 2031 2195
f 2196 2030 2031
f 2197 2194 2037
f 2197 2037 2038
f 2198 2197 2038
f 2198 2038 2039
f 2199 2030 2196
f 2199 2029 2030
f 2200 2198 2039
f 2200 2039 2040
f 2202 2029 2199
f 2202 2028 2029
f 2201 2040 2041
f 2201 2200 2040
f 2204 2201 2041
f 2203 2028 2202
f 2203 2027 2028
f 2205 2026 2027
f 2205 2027 2203
f 2042 2204 2041
f 2206 2204 2042
f 2207 2025 2026
f 2207 2026 2205
f 2208 2025 2207
f 2043 2206 2042
f 2209 2206 2043
f 2208 2024 2025
f 2044 2209 2043
f 2211 2023 2024
f 2211 2024 2208
f 2210 2209 2044
f 2045 2210 2044
f 2212 2023 2211
f 2212 2022 2023
f 2213 2210 2045
f 2073 2022 2212
f 2073 2214 2022
f 2046 2213 2045
f 2215 2213 2046
f 2047 2215 2046
f 2216 2214 2073
f 2076 2216 2073
f 2217 2215 2047
f 2079 2216 2076
f 2048 2217 2047
f 2218 2216 2079
f 2219 2217 2048
f 2049 2219 2048
f 2081 2218 2079
f 2220 2218 2081
f 2221 2219 2049
f 2084 2220 2081
f 2050 2221 2049
f 2222 2220 2084
f 2223 2221 2050
f 2051 2223 2050
f 2224 2223 2051
f 2086 2222 2084
f 2052 2224 2051
f 2225 2222 2086
f 2227 2224 2052
f 2088 2225 2086
f 2053 2227 2052
f 2226 2225 2088
f 2091 2226 2088
f 2228 2227 2053
f 2054 2228 2053
f 2229 2226 2091
f 2230 2228 2054
f 2093 2229 2091
f 2055 2230 2054
f 2095 2229 2093
f 2231 2229 2095
f 2232 2230 2055
f 2056 2232 2055
f 2233 2232 2056
f 2097 2231 2095
f 2057 2233 2056
f 2234 2231 2097
f 2101 2234 2097
f 2235 2234 2101
f 2236 2233 2057
f 2058 2236 2057
f 2238 2236 2058
f 2102 2235 2101
f 2059 2238 2058
f 2237 2235 2102
f 2106 2237 2102
f 2240 2237 2106
f 2239 2238 2059
f 2060 2239 2059
f 2242 2239 2060
f 2108 2240 2106
f 2061 2242 2060
f 2241 2240 2108
f 2110 2241 2108
f 2244 2241 2110
f 2243 2242 2061
f 2062 2243 2061
f 2246 2243 2062
f 2112 2244 2110
f 2063 2246 2062
f 2245 2244 2112
f 2115 2245 2112
f 2247 2246 2063
f 2064 2247 2063
f 2248 2245 2115
f 2249 2247 2064
f 2117 2248 2115
f 2065 2249 2064
f 2250 2248 2117
f 2251 2249 2065
f 2121 2250 2117
f 2066 2251 2065
f 2252 2250 2121
f 2253 2251 2066
f 2123 2252 2121
f 2067 2253 2066
f 2255 2252 2123
f 2254 2253 2067
f 2126 2255 2123
f 2068 2254 2067
f 2257 2254 2068
f 2069 2257 2068
f 2256 2255 2126
f 2128 2256 2126
f 2258 2256 2128
f 2259 2257 2069
f 2130 2258 2128
f 2070 2259 2069
f 2260 2258 2130
f 2189 2259 2070
f 2133 2260 2130
f 2071 2189 2070
f 2261 2260 2133
f 2135 2261 2133
f 2262 2186 2189
f 2262 2189 2071
f 2137 2261 2135
f 2263 2261 2137
f 2264 2186 2262
f 2264 2183 2186
f 2139 2263 2137
f 2265 2263 2139
f 2143 2265 2139
f 2266 2183 2264
f 2266 2179 2183
f 2267 2265 2143
f 2267 2143 2145
f 2268 2179 2266
f 2268 2176 2179
f 2269 2267 2145
f 2270 2174 2176
f 2270 2176 2268
f 2269 2145 2147
f 2271 2147 2150
f 2271 2269 2147
f 2272 2174 2270
f 2272 2171 2174
f 2273 2271 2150
f 2274 2171 2272
f 2273 2150 2153
f 2274 2168 2171
f 2275 2273 2153
f 2275 2153 2155
f 2276 2168 2274
f 2276 2166 2168
f 2277 2275 2155
f 2277 2155 2158
f 2278 2166 2276
f 2278 2165 2166
f 2279 2277 2158
f 2279 2158 2160
f 2280 2165 2278
f 2280 2161 2165
f 2281 2279 2160
f 2281 2161 2280
f 2281 2160 2161
f 2282 2283 2284
f 2282 2285 2283
f 2282 2286 2285
f 2282 2287 2286
f 2282 2288 2287
f 2289 2284 2290
f 2289 2282 2284
f 2291 2292 2282
f 2291 2282 2289
f 2293 2294 2295
f 2293 2289 2294
f 2293 2296 2291
f 2293 2291 2289
f 2297 2298 2296
f 2297 2296 2293
f 2299 2293 2300
f 2301 2299 2302
f 2301 2293 2299
f 2303 2293 2301
f 2304 2305 2306
f 2304 2307 2305
f 2308 2306 2297
f 2308 2309 2304
f 2308 2304 2306
f 2310 2311 2312
f 2310 2313 2311
f 2314 2315 2308
f 2074 2314 2308
f 2072 2074 2308
f 2316 2317 2318
f 2075 2072 2308
f 2319 2317 2316
f 2319 2313 2310
f 2319 2310 2317
f 2319 2303 2313
f 2319 2297 2293
f 2319 2308 2297
f 2319 2293 2303
f 2078 2077 2075
f 2320 2319 2321
f 2080 2078 2075
f 2322 2319 2320
f 2323 2308 2319
f 2323 2319 2322
f 2085 2075 2308
f 2085 2080 2075
f 2085 2082 2080
f 2085 2083 2082
f 2324 2323 2325
f 2089 2085 2308
f 2089 2087 2085
f 2326 2327 2328
f 2326 2329 2327
f 2330 2324 2329
f 2330 2308 2323
f 2330 2323 2324
f 2330 2329 2326
f 2096 2094 2092
f 2331 2330 2332
f 2331 2308 2330
f 2099 2098 2096
f 2100 2096 2092
f 2100 2099 2096
f 2100 2090 2089
f 2100 2092 2090
f 2333 2331 2334
f 2333 2308 2331
f 2335 2336 2337
f 2335 2333 2336
f 2107 2105 2104
f 2109 2104 2103
f 2109 2107 2104
f 2338 2335 2339
f 2338 2333 2335
f 2111 2109 2103
f 2340 2333 2338
f 2113 2111 2103
f 2116 2113 2103
f 2116 2114 2113
f 2341 2342 2343
f 2341 2340 2342
f 2341 2308 2333
f 2341 2333 2340
f 2120 2118 2116
f 2120 2119 2118
f 2344 2345 2346
f 2344 2341 2345
f 2344 2308 2341
f 2125 2124 2122
f 2125 2116 2103
f 2125 2120 2116
f 2125 2122 2120
f 2347 2348 2349
f 2347 2344 2348
f 2188 2347 2350
f 2131 2127 2125
f 2131 2129 2127
f 2134 2132 2131
f 2184 2308 2344
f 2184 2089 2308
f 2184 2344 2347
f 2184 2187 2185
f 2184 2188 2187
f 2184 2347 2188
f 2181 2184 2182
f 2140 2136 2134
f 2140 2138 2136
f 2140 2131 2125
f 2140 2134 2131
f 2142 2141 2140
f 2178 2181 2180
f 2177 2184 2181
f 2177 2181 2178
f 2144 2140 2125
f 2144 2142 2140
f 2175 2184 2177
f 2148 2146 2144
f 2148 2125 2103
f 2148 2144 2125
f 2172 2175 2173
f 2172 2184 2175
f 2152 2151 2149
f 2154 2152 2149
f 2167 2170 2169
f 2157 2156 2154
f 2159 2154 2149
f 2159 2170 2167
f 2159 2157 2154
f 2159 2149 2148
f 2159 2167 2164
f 2159 2172 2170
f 2159 2089 2184
f 2159 2100 2089
f 2159 2103 2100
f 2159 2148 2103
f 2159 2184 2172
f 2162 2164 2163
f 2162 2159 2164
f 2352 798 795
f 2352 795 793
f 2351 798 2352
f 2351 802 798
f 2352 1424 1602
f 2353 802 2351
f 2353 805 802
f 2351 2352 1602
f 2354 805 2353
f 2354 808 805
f 2353 2351 1602
f 2353 1602 1605
f 2415 808 2354
f 2415 812 808
f 2354 1605 1607
f 2354 2353 1605
f 2354 1607 1613
f 2355 812 2415
f 2355 815 812
f 2356 2354 1613
f 2356 1613 1615
f 2356 1615 1619
f 2357 820 815
f 2357 815 2355
f 2355 2356 1619
f 2359 820 2357
f 2357 2355 1619
f 2357 1619 1622
f 2357 1622 1625
f 2358 820 2359
f 2358 824 820
f 2359 2357 1625
f 2359 1625 1628
f 2360 824 2358
f 2360 828 825
f 2360 825 824
f 2358 2359 1628
f 2358 1628 1632
f 2358 1632 1635
f 2361 828 2360
f 2361 832 828
f 2360 2358 1635
f 2360 1635 1638
f 2360 1638 1643
f 2362 832 2361
f 2361 2360 1643
f 2364 832 2362
f 2364 836 832
f 2363 2361 1643
f 2363 1643 1650
f 2363 1650 1651
f 2366 843 840
f 2366 840 836
f 2366 836 2364
f 2364 1651 1663
f 2364 2363 1651
f 2364 2362 2363
f 2365 843 2366
f 2366 1663 1664
f 2366 2364 1663
f 2367 843 2365
f 2367 847 843
f 2365 1664 1671
f 2365 2366 1664
f 2368 847 2367
f 2368 842 847
f 2416 1671 1673
f 2416 2365 1671
f 2369 842 2368
f 2369 838 842
f 2370 2416 1673
f 2372 838 2369
f 2371 1673 1680
f 2371 2370 1673
f 2373 830 833
f 2373 833 838
f 2373 838 2372
f 2372 1680 1685
f 2372 2371 1680
f 2373 1685 1687
f 2373 2372 1685
f 2374 826 830
f 2375 830 2373
f 2375 1687 1689
f 2375 1689 1693
f 2375 2373 1687
f 2420 826 2374
f 2420 822 826
f 2419 1693 1696
f 2419 1696 1699
f 2419 2375 1693
f 2376 822 2420
f 2376 816 818
f 2376 818 822
f 2420 2419 1699
f 2421 816 2376
f 2376 1699 1704
f 2376 2420 1699
f 2376 1704 1706
f 2377 813 816
f 2377 816 2421
f 2421 2376 1706
f 2421 1706 1711
f 2421 1711 1714
f 2422 813 2377
f 2422 810 813
f 2377 2421 1714
f 2378 810 2422
f 2378 807 810
f 2379 2422 2377
f 2379 2377 1714
f 2381 807 2378
f 2381 800 807
f 2378 2379 1725
f 2380 800 2381
f 2380 796 800
f 2381 1725 1497
f 2381 1497 1730
f 2381 2378 1725
f 2382 794 796
f 2382 796 2380
f 2380 2381 1730
f 2383 794 2382
f 2382 1730 1737
f 2382 1737 1739
f 2382 2380 1730
f 2384 791 794
f 2384 794 2383
f 2383 1739 1741
f 2383 2382 1739
f 2385 789 791
f 2385 791 2384
f 2384 1741 1743
f 2384 1743 1751
f 2384 2383 1741
f 2387 787 789
f 2387 789 2385
f 2385 2384 1751
f 2386 784 787
f 2386 787 2387
f 2387 1751 1515
f 2387 1515 1756
f 2387 2385 1751
f 2388 781 784
f 2388 784 2386
f 2386 1756 1759
f 2386 2387 1756
f 2389 781 2388
f 2388 2386 1759
f 2388 1759 1760
f 2388 1760 1766
f 2391 777 781
f 2391 781 2389
f 2389 1766 1770
f 2389 1770 1771
f 2389 2388 1766
f 2390 777 2391
f 2390 774 777
f 2391 2389 1771
f 2392 774 2390
f 2392 771 774
f 2390 2391 1771
f 2390 1771 1776
f 2393 768 771
f 2393 771 2392
f 2392 2390 1776
f 2392 1776 1782
f 2392 1782 1783
f 2394 768 2393
f 2393 2392 1783
f 2423 768 2394
f 2423 762 764
f 2423 764 768
f 2394 2393 1783
f 2394 1783 1789
f 2394 1789 1792
f 2396 762 2423
f 2395 2394 1792
f 2395 1792 1795
f 2395 1795 1545
f 2397 757 762
f 2397 762 2396
f 2396 2395 1545
f 2396 1545 1798
f 2398 757 2397
f 2398 755 757
f 2397 2396 1798
f 2397 1798 1800
f 2424 751 755
f 2424 755 2398
f 2398 2397 1800
f 2398 1800 1804
f 2398 1804 1806
f 2399 748 751
f 2399 751 2424
f 2400 2398 1806
f 2400 1806 1555
f 2400 1555 1815
f 2402 745 748
f 2402 748 2399
f 2401 2400 1815
f 2403 745 2402
f 2402 2401 1815
f 2402 1815 1818
f 2402 1818 1820
f 2404 743 745
f 2404 745 2403
f 2403 2402 1820
f 2403 1820 1824
f 2426 740 743
f 2426 743 2404
f 2404 1824 1826
f 2404 2403 1824
f 2427 737 740
f 2427 740 2426
f 2405 2404 1826
f 2405 1826 1828
f 2405 2426 2404
f 2406 734 737
f 2406 737 2427
f 2407 1828 1834
f 2407 2405 1828
f 2408 734 2406
f 2406 1834 1837
f 2406 1837 1840
f 2406 2407 1834
f 2429 731 734
f 2429 734 2408
f 2408 1840 1841
f 2408 2406 1840
f 2409 726 728
f 2409 728 731
f 2409 731 2429
f 2428 1841 1845
f 2428 1845 1850
f 2428 2408 1841
f 2430 726 2409
f 2409 2428 1850
f 2410 726 2430
f 2410 722 726
f 2430 2409 1850
f 2430 1850 1856
f 2430 1856 1860
f 2411 719 722
f 2411 722 2410
f 2410 2430 1860
f 2410 1860 1865
f 2412 715 719
f 2412 719 2411
f 2411 2410 1865
f 2411 1865 1867
f 2413 714 715
f 2413 715 2412
f 2412 2411 1867
f 2412 1867 1873
f 2413 2412 1873
f 2413 1873 2431
f 2414 2352 793
f 2414 1424 2352
f 2414 793 1422
f 2414 1422 1424
f 2415 2354 2356
f 2355 2415 2356
f 2362 2361 2363
f 2416 2367 2365
f 2417 2368 2367
f 2417 2416 2370
f 2417 2367 2416
f 2418 2370 2371
f 2418 2417 2370
f 2418 2368 2417
f 2418 2369 2368
f 2371 2369 2418
f 2371 2372 2369
f 2374 830 2375
f 2374 2375 2419
f 2419 2420 2374
f 2422 2379 2378
f 2423 2394 2395
f 2395 2396 2423
f 2424 2398 2400
f 2425 2399 2424
f 2425 2400 2401
f 2425 2424 2400
f 2401 2402 2399
f 2401 2399 2425
f 2426 2405 2407
f 2427 2407 2406
f 2427 2426 2407
f 2428 2429 2408
f 2429 2428 2409
f 2431 714 2413
f 2431 1592 714
f 2434 1592 1594
f 1308 1592 2434
f 2606 2432 1597
f 2435 2606 1597
f 2437 2436 2433
f 2439 2440 1600
f 2439 1600 1998
f 2439 2443 2440
f 2447 2612 2443
f 2444 2445 2614
f 2619 2450 2447
f 2448 2444 2622
f 2622 2449 2448
f 2460 2456 2455
f 2459 2630 2456
f 2633 2631 2458
f 2463 2636 2462
f 2641 2466 2463
f 2468 2464 2647
f 2465 2466 2641
f 2469 2467 2466
f 2471 2468 2650
f 2473 2648 2469
f 2472 2654 2471
f 2475 2476 2658
f 2477 2474 2478
f 2482 2663 2479
f 2483 2854 2667
f 2668 2482 2481
f 2484 2832 2482
f 2836 2483 2834
f 2485 2486 2484
f 2485 2487 2486
f 2489 2855 2675
f 2491 2492 2487
f 2491 2487 2490
f 2493 1340 2489
f 2495 2679 2492
f 2496 2493 2691
f 2499 2838 2495
f 2501 2692 2499
f 2697 2502 2497
f 2504 2502 2703
f 2505 2506 2503
f 2505 2503 2705
f 2508 2704 2504
f 2511 2508 2509
f 2510 2514 2506
f 2512 2713 2511
f 2516 2514 2513
f 2519 2718 2516
f 2515 2518 2512
f 2520 2524 2517
f 2522 2525 2521
f 2526 2524 2730
f 2733 2529 2525
f 2734 2529 2733
f 2527 2736 2526
f 2531 2738 2527
f 2535 2530 2529
f 2532 2531 2533
f 2744 2538 2532
f 2537 2539 2535
f 2540 2538 2541
f 2543 2745 2539
f 2545 2540 2544
f 2542 2547 2543
f 2551 2545 2548
f 2549 2550 2547
f 2552 2553 2551
f 2554 2557 2549
f 2766 2560 2557
f 2856 2559 2561
f 2564 2765 2562
f 2569 2774 2564
f 2567 2568 2566
f 2571 2568 2780
f 2576 2572 2570
f 2573 2571 2574
f 2578 2783 2576
f 2580 2787 2579
f 2581 2583 2578
f 2584 2582 2580
f 2586 2585 2583
f 2590 2591 2586
f 2806 2592 2587
f 2804 2594 2591
f 2595 2803 2592
f 2597 2595 2809
f 2598 2814 2596
f 2813 2599 2597
f 2603 2600 2598
f 2601 2599 2602
f 2817 1422 1421
f 1601 1422 2817
f 1603 1601 2601
f 1603 2601 2821
f 2605 2603 1945
f 2433 1594 2432
f 2433 2434 1594
f 2436 1308 2434
f 2436 1309 1308
f 2436 2434 2433
f 2607 2433 2432
f 2607 2432 2606
f 2608 1311 1309
f 2608 1309 2436
f 2608 2436 2437
f 2608 2437 2438
f 2441 2606 2435
f 2609 2608 2438
f 2609 1311 2608
f 2441 2440 2443
f 2441 2435 2440
f 2607 2437 2433
f 2609 2438 2442
f 1313 2609 2442
f 2613 2438 2437
f 2610 2613 2437
f 2610 2437 2607
f 2612 2610 2441
f 2611 2439 1998
f 2610 2826 2613
f 2611 2443 2439
f 2612 2441 2443
f 2613 2442 2438
f 2445 1313 2442
f 2445 2442 2614
f 2614 2442 2613
f 2614 2613 2826
f 2612 2447 2446
f 2611 1998 1995
f 2617 2443 2611
f 2617 2611 1995
f 2617 2447 2443
f 2616 2445 2444
f 2615 2614 2826
f 2615 2444 2614
f 2617 2619 2447
f 2827 2826 2446
f 2616 2444 2448
f 2446 2447 2450
f 2446 2450 2621
f 2446 2621 2827
f 2618 2616 2448
f 2615 2622 2444
f 2619 2617 1995
f 2452 2618 2448
f 2620 2622 2615
f 2620 2615 2827
f 2452 2448 2449
f 2620 2827 2621
f 2621 2451 2453
f 2621 2450 2451
f 2621 2453 2620
f 2623 2450 2619
f 2452 2449 2454
f 2454 1317 2452
f 2828 2449 2622
f 2454 2455 2626
f 2454 2449 2455
f 2453 2451 2458
f 2624 2450 2623
f 2620 2628 2622
f 1317 2454 2626
f 2624 2451 2450
f 2624 2457 2451
f 2828 2622 2628
f 2625 2628 2620
f 2626 2455 2456
f 1987 2457 2624
f 2627 2626 2456
f 2627 1317 2626
f 2828 2455 2449
f 2457 2458 2451
f 2630 2627 2456
f 2629 2460 2455
f 2629 2455 2828
f 2630 1319 2627
f 2629 2828 2628
f 2631 2625 2458
f 2631 2628 2625
f 2634 2629 2628
f 1319 2630 2459
f 1319 2459 2632
f 2633 2457 1987
f 2635 2634 2628
f 2631 2635 2628
f 2633 2458 2457
f 2460 2459 2456
f 2633 1987 1983
f 1321 2632 2459
f 2637 2459 2460
f 2637 2460 2639
f 1321 2459 2461
f 2462 2633 1983
f 2635 2462 2636
f 2635 2631 2462
f 2462 2631 2633
f 2634 2639 2460
f 2637 2461 2459
f 2636 2639 2634
f 2638 2462 1983
f 1321 2461 2464
f 2640 1321 2464
f 2461 2637 2639
f 2641 2462 2638
f 2641 2463 2462
f 2642 2461 2639
f 2643 1323 2640
f 2467 2463 2466
f 2641 2638 1980
f 2642 2464 2461
f 2643 2640 2464
f 2643 2464 2468
f 2639 2644 2642
f 2642 2647 2464
f 2645 2644 2639
f 2465 2641 1980
f 1323 2643 2468
f 2645 2467 2469
f 2651 1323 2468
f 2465 1980 2649
f 2651 2468 2471
f 2465 2469 2466
f 2465 2470 2469
f 2645 2469 2648
f 2644 2646 2647
f 2647 2650 2468
f 2648 2646 2644
f 2649 2470 2465
f 2650 2647 2646
f 2652 2651 2471
f 2653 2471 2650
f 2470 2649 1975
f 2653 2650 2646
f 2654 2652 2471
f 2470 2655 2473
f 2470 2473 2469
f 2654 1329 2652
f 1975 2655 2470
f 2656 2648 2473
f 2656 2646 2648
f 2829 2653 2646
f 2657 1329 2654
f 2657 2472 2474
f 2657 2654 2472
f 2472 2471 2653
f 2656 2829 2646
f 2656 2473 2476
f 2472 2653 2829
f 2658 2655 1975
f 2658 2473 2655
f 1329 2657 2474
f 2480 1329 2474
f 2480 1330 1329
f 2658 1975 1971
f 2830 2472 2829
f 2660 2474 2472
f 2658 2476 2473
f 2659 2830 2829
f 2480 2474 2477
f 2478 2474 2660
f 2475 2658 1971
f 2831 1330 2480
f 2478 2660 2830
f 2663 2476 2479
f 2831 2480 2477
f 2661 1330 2831
f 2475 2479 2476
f 2830 2662 2478
f 2478 2664 2477
f 2661 2831 2854
f 2661 2854 2665
f 2666 2479 2475
f 2666 2475 1971
f 2664 2478 2662
f 2663 2662 2830
f 1334 2665 2854
f 1334 2854 2483
f 2667 2854 2664
f 2832 2662 2663
f 2481 2666 2670
f 2481 2479 2666
f 2663 2482 2832
f 2481 2482 2479
f 2667 2664 2662
f 2668 2481 2670
f 2669 1334 2483
f 2833 2667 2662
f 2832 2833 2662
f 2834 2483 2667
f 2834 2667 2833
f 2669 2483 2836
f 2832 2484 2671
f 2668 2484 2482
f 2668 2673 2484
f 2671 2484 2486
f 2670 2673 2668
f 2835 2834 2833
f 1338 2669 2836
f 2672 2836 2834
f 2676 2833 2671
f 2676 2835 2833
f 2676 2671 2486
f 1338 2836 2855
f 1338 2855 2674
f 2673 2670 2678
f 2673 2485 2484
f 2678 2485 2673
f 2676 2486 2487
f 1339 2855 2489
f 1339 2674 2855
f 2675 2855 2672
f 2488 2835 2676
f 2835 2677 2675
f 2488 2676 2487
f 2488 2677 2835
f 2680 2489 2675
f 2490 2485 2678
f 2680 2675 2677
f 2488 2679 2677
f 1340 1339 2489
f 2488 2487 2492
f 2490 2487 2485
f 2679 2488 2492
f 2682 2680 2677
f 2681 2490 2678
f 2681 2491 2490
f 1342 1340 2493
f 2837 2682 2677
f 2682 2489 2680
f 2682 2493 2489
f 2679 2837 2677
f 1344 1342 2493
f 2682 2683 2493
f 2684 2679 2495
f 2494 2491 2681
f 2494 2492 2491
f 1344 2493 2496
f 2686 1344 2496
f 2684 2495 2838
f 2837 2685 2683
f 2494 2681 2687
f 2494 2495 2492
f 2683 2691 2493
f 2838 2685 2837
f 2686 2496 2497
f 2500 2686 2497
f 2500 2690 2686
f 2688 2494 2687
f 2692 2685 2838
f 2688 2499 2495
f 2688 2495 2494
f 2688 2498 2499
f 2692 2838 2499
f 2685 2689 2691
f 2691 2497 2496
f 2691 2694 2497
f 2693 2688 2687
f 2693 2498 2688
f 2692 2689 2685
f 2694 2691 2689
f 2500 2497 2502
f 2699 2694 2689
f 1348 2690 2500
f 2696 2699 2689
f 2696 2689 2692
f 2695 2498 2693
f 2695 2693 1957
f 2692 2503 2696
f 2692 2501 2503
f 2695 2499 2498
f 2695 2501 2499
f 2694 2697 2497
f 1348 2500 2502
f 1348 2502 2700
f 2699 2697 2694
f 1957 2501 2695
f 2700 1349 1348
f 2700 2502 2504
f 1952 2501 1957
f 2705 2501 1952
f 2697 2703 2502
f 2705 2503 2501
f 2702 2699 2696
f 2698 2703 2697
f 2700 2504 2704
f 2702 2696 2503
f 2704 1349 2700
f 2701 2504 2703
f 2701 2703 2839
f 2702 2503 2506
f 2702 2507 2839
f 2702 2506 2507
f 2840 2701 2839
f 2707 2504 2701
f 2707 2508 2504
f 2704 2511 2706
f 2704 2508 2511
f 2840 2707 2701
f 2706 1352 2704
f 2505 2705 1952
f 2507 2506 2514
f 2708 2507 2514
f 2505 2510 2506
f 2707 2509 2508
f 2710 2505 1952
f 2710 2510 2505
f 2711 1352 2706
f 2709 2840 2708
f 2711 2706 2511
f 2711 2511 2713
f 2510 2513 2514
f 2712 2708 2514
f 2712 2709 2708
f 2714 2511 2509
f 2713 2512 2716
f 2712 2715 2709
f 2513 2510 2710
f 2712 2514 2516
f 2712 2516 2718
f 2715 2712 2718
f 2714 2512 2511
f 2714 2515 2512
f 2719 2714 2715
f 2719 2515 2714
f 2716 2512 2518
f 2717 2716 2518
f 2721 2516 2513
f 2722 2516 2721
f 2717 2518 2517
f 2722 2519 2516
f 2720 2719 2718
f 2720 2519 2521
f 2720 2718 2519
f 2515 2517 2518
f 2717 2517 2724
f 2722 2521 2519
f 2720 2725 2723
f 2720 2521 2725
f 2515 2520 2517
f 2841 2515 2723
f 2841 2520 2515
f 2726 2521 2722
f 2726 2722 2721
f 2724 2524 2523
f 2724 2517 2524
f 2725 2521 2525
f 2523 2524 2727
f 2726 2522 2521
f 2728 2725 2525
f 2522 2726 1942
f 2727 2524 2526
f 2727 2526 1359
f 2729 2524 2520
f 2841 2729 2520
f 2522 2733 2525
f 2729 2841 2732
f 2729 2730 2524
f 1942 2733 2522
f 2731 2728 2525
f 2736 1359 2526
f 2731 2525 2529
f 2731 2529 2530
f 2732 2731 2530
f 2734 1942 1938
f 2734 2733 1942
f 2736 2527 2738
f 2737 2526 2730
f 2737 2730 2735
f 2737 2527 2526
f 2528 2734 1938
f 2528 2529 2734
f 2740 2735 2530
f 1361 2738 2531
f 2740 2530 2535
f 2536 1361 2531
f 2533 2527 2737
f 2533 2531 2527
f 2528 1938 1934
f 2536 2531 2532
f 2528 2535 2529
f 1934 2535 2528
f 2534 2535 1934
f 2536 2532 2538
f 2742 2536 2538
f 2741 2532 2533
f 2743 2739 2740
f 2743 2535 2539
f 2743 2740 2535
f 2534 2537 2535
f 2739 2842 2741
f 2741 2744 2532
f 2743 2842 2739
f 1933 2534 1934
f 1933 2537 2534
f 2745 2842 2743
f 2742 2538 2540
f 2742 2540 2747
f 2745 2743 2539
f 2744 2741 2746
f 2842 2746 2741
f 2748 2537 1933
f 2748 2539 2537
f 2744 2541 2538
f 2745 2746 2842
f 2751 2747 2540
f 2748 1933 2750
f 2546 2746 2745
f 2748 2543 2539
f 2751 2540 2545
f 2546 2745 2543
f 2746 2749 2541
f 2541 2544 2540
f 2750 2543 2748
f 2546 2749 2746
f 2749 2544 2541
f 2750 2542 2543
f 2752 2751 2545
f 2546 2543 2547
f 2542 2750 2753
f 2550 2546 2547
f 2550 2749 2546
f 2843 2544 2749
f 2752 2551 1367
f 2752 2545 2551
f 2548 2545 2544
f 2550 2843 2749
f 2753 2547 2542
f 2548 2544 2843
f 2754 2547 2753
f 2755 1367 2551
f 2755 2551 2553
f 2555 2549 2557
f 2555 2550 2549
f 2756 2754 2753
f 2553 1369 2755
f 2757 2551 2548
f 2754 2549 2547
f 2553 2552 2759
f 2756 2549 2754
f 2843 2758 2757
f 1369 2553 2759
f 2757 2552 2551
f 2756 2554 2549
f 2759 1372 1369
f 2762 2758 2843
f 2758 2552 2757
f 2762 2555 2557
f 1922 2554 2756
f 2760 1372 2759
f 2760 2759 2558
f 2554 2556 2557
f 2763 2758 2761
f 2763 2764 2552
f 1922 2556 2554
f 2762 2761 2758
f 1373 2760 2558
f 2844 2763 2761
f 1373 2558 2559
f 2556 1922 1919
f 2560 2761 2762
f 2764 2559 2558
f 2762 2557 2560
f 2556 2766 2557
f 2764 2763 2844
f 2845 2559 2764
f 1375 1373 2559
f 2845 2764 2844
f 1919 2766 2556
f 2765 2844 2761
f 2765 2761 2560
f 2767 2845 2844
f 2765 2560 2562
f 1375 2559 2856
f 1375 2856 2563
f 2767 2844 2765
f 2766 2562 2560
f 2845 2561 2559
f 2770 2766 1919
f 2770 2562 2766
f 2768 2845 2767
f 2768 2767 2564
f 2770 1919 1915
f 2770 2564 2562
f 2561 2769 2856
f 2769 2561 2768
f 2768 2564 2774
f 2772 2566 2568
f 2772 2565 2566
f 2569 2770 1915
f 2771 2769 2768
f 2569 2564 2770
f 2771 2768 2774
f 2771 2773 2769
f 2769 2567 2566
f 2772 2568 2775
f 2567 2769 2773
f 2774 2773 2771
f 2775 2568 2571
f 2775 2571 2776
f 2572 2773 2774
f 2569 2570 2774
f 2572 2774 2570
f 2567 2780 2568
f 2777 2570 2569
f 2777 2569 1915
f 2779 2567 2773
f 2778 2773 2572
f 1383 2776 2571
f 2778 2572 2576
f 2778 2779 2773
f 1383 2571 2573
f 2575 2777 2785
f 2575 2570 2777
f 2575 2576 2570
f 2780 2574 2571
f 2574 2780 2779
f 2783 2778 2576
f 2781 1383 2573
f 2783 2779 2778
f 2782 2574 2779
f 2784 2573 2574
f 2783 2782 2779
f 2575 2577 2576
f 1387 2781 2846
f 2785 2577 2575
f 2847 2784 2782
f 2846 2579 2787
f 2786 2579 2784
f 2577 2578 2576
f 2848 2782 2783
f 2848 2847 2782
f 1387 2846 2787
f 2786 2784 2847
f 2788 2578 2577
f 2788 2577 2785
f 2788 2785 1924
f 2787 2789 1387
f 2848 2783 2578
f 2790 2786 2847
f 2585 2847 2848
f 2848 2578 2583
f 2789 2787 2580
f 2585 2790 2847
f 2788 2581 2578
f 2786 2580 2579
f 2585 2848 2583
f 2791 2580 2786
f 1924 2581 2788
f 2791 2786 2790
f 2582 2789 2580
f 2581 2792 2583
f 2791 2584 2580
f 2792 1924 2795
f 2792 2581 1924
f 2793 2585 2586
f 1391 2587 2589
f 1391 2584 2587
f 2794 2791 2790
f 2793 2794 2790
f 2793 2586 2588
f 2795 2583 2792
f 2796 2583 2795
f 2796 2586 2583
f 2797 2588 2586
f 2797 2586 2591
f 2802 1393 2589
f 2800 2796 2795
f 2798 2587 2584
f 2797 2794 2588
f 2800 2586 2796
f 2800 2590 2586
f 2802 2589 2587
f 2849 2794 2797
f 2794 2799 2798
f 2850 2798 2799
f 2850 2587 2798
f 1931 2590 2800
f 2849 2799 2794
f 2801 2797 2591
f 2802 2587 2592
f 2801 2799 2849
f 2803 2802 2592
f 2803 1393 2802
f 2807 2850 2799
f 2804 2590 1931
f 2806 2587 2850
f 2805 2807 2799
f 2801 2805 2799
f 2806 2850 2807
f 2804 2591 2590
f 2801 2591 2594
f 2801 2594 2805
f 2804 1931 1936
f 2803 2595 1394
f 2808 2595 2592
f 2808 2592 2806
f 2805 2594 2810
f 2808 2806 2807
f 2807 2805 2810
f 2593 2804 1936
f 2593 2594 2804
f 1396 1394 2595
f 2810 2594 2596
f 2809 2595 2808
f 2812 2593 1936
f 2812 2594 2593
f 2812 2596 2594
f 2851 2807 2810
f 1396 2595 2597
f 2810 2596 2814
f 2810 2814 2851
f 2811 1396 2597
f 2852 2809 2851
f 2811 2597 2599
f 2813 2597 2809
f 2815 2596 2812
f 2813 2809 2852
f 2814 2598 2600
f 2815 2598 2596
f 2852 2814 2600
f 2811 2599 2816
f 2818 2598 2815
f 2602 2599 2813
f 2816 2601 2817
f 2816 2599 2601
f 2853 2602 2813
f 2817 1421 2816
f 2819 2598 2818
f 2819 2603 2598
f 2604 2853 2600
f 2821 2601 2602
f 2820 2819 2818
f 2604 2600 2603
f 2821 2602 2822
f 2823 2819 2820
f 2823 2603 2819
f 2821 2822 1603
f 2824 2604 2603
f 2824 2603 2605
f 2823 1945 2603
f 2825 2824 1426
f 2825 1603 2822
f 2824 2825 2822
f 1945 2823 2820
f 2605 1945 1428
f 2610 2606 2441
f 2610 2607 2606
f 2826 2610 2612
f 2826 2612 2446
f 2827 2615 2826
f 2453 2458 2625
f 2453 2625 2620
f 2629 2634 2460
f 2636 2634 2635
f 2636 2463 2467
f 2636 2467 2639
f 2467 2645 2639
f 2647 2642 2644
f 2648 2644 2645
f 2656 2659 2829
f 2656 2476 2659
f 2472 2830 2660
f 2659 2663 2830
f 2659 2476 2663
f 2832 2671 2833
f 2834 2835 2672
f 2835 2675 2672
f 2684 2837 2679
f 2682 2837 2683
f 2838 2837 2684
f 2691 2683 2685
f 2699 2698 2697
f 2699 2702 2698
f 2698 2702 2839
f 2839 2703 2698
f 2840 2839 2507
f 2840 2507 2708
f 2709 2707 2840
f 2715 2509 2707
f 2709 2715 2707
f 2715 2714 2509
f 2719 2715 2718
f 2723 2515 2719
f 2723 2719 2720
f 2841 2723 2725
f 2841 2725 2728
f 2841 2728 2731
f 2841 2731 2732
f 2732 2730 2729
f 2735 2730 2732
f 2735 2732 2530
f 2737 2735 2740
f 2739 2737 2740
f 2739 2533 2737
f 2741 2533 2739
f 2541 2744 2746
f 2550 2555 2843
f 2548 2843 2757
f 2555 2762 2843
f 2758 2763 2552
f 2558 2759 2552
f 2767 2765 2564
f 2845 2768 2561
f 2856 2566 2565
f 2856 2565 2563
f 2780 2567 2779
f 2574 2782 2784
f 2846 2781 2573
f 2582 2584 1391
f 2793 2790 2585
f 2798 2584 2791
f 2798 2791 2794
f 2588 2794 2793
f 2849 2797 2801
f 2851 2808 2807
f 2851 2809 2808
f 2852 2851 2814
f 2853 2813 2852
f 2853 2852 2600
f 2853 2822 2602
f 2817 2601 1601
f 2822 2604 2824
f 2822 2853 2604
f 2854 2831 2477
f 2854 2477 2664
f 2855 2836 2672
f 2558 2552 2764
f 2856 2769 2566
f 2579 2573 2784
f 2579 2846 2573
f 2071 1999 2002
f 2262 2071 2002
f 2262 2002 2003
f 2264 2262 2003
f 2264 2003 2005
f 2266 2005 2007
f 2266 2264 2005
f 2266 2007 2009
f 2268 2266 2009
f 2270 2009 2011
f 2270 2268 2009
f 2272 2011 2013
f 2272 2270 2011
f 2274 2013 2014
f 2274 2272 2013
f 2274 2014 2016
f 2276 2274 2016
f 2278 2276 2016
f 2278 2016 2019
f 2280 2278 2019
f 2280 2019 2020
f 2281 2280 2020
f 2281 2020 2021
f 2279 2281 2021
f 2279 2021 2018
f 2277 2279 2018
f 2277 2018 2017
f 2275 2277 2017
f 2273 2275 2017
f 2273 2017 2015
f 2273 2015 2012
f 2271 2273 2012
f 2271 2012 2010
f 2269 2271 2010
f 2267 2010 2008
f 2267 2269 2010
f 2265 2008 2006
f 2265 2267 2008
f 2263 2265 2006
f 2263 2006 2004
f 2261 2004 1762
f 2261 2263 2004
f 2261 1762 2001
f 2260 2261 2001
f 2260 2001 2000
f 2258 2000 1997
f 2258 2260 2000
f 2256 1997 1994
f 2256 2258 1997
f 2255 2256 1994
f 2255 1994 1992
f 2252 2255 1992
f 2252 1992 1990
f 2250 2252 1990
f 2250 1990 1988
f 2248 2250 1988
f 2248 1988 1984
f 2245 2248 1984
f 2245 1984 1982
f 2244 2245 1982
f 2244 1982 1978
f 2241 1978 1974
f 2241 2244 1978
f 2240 2241 1974
f 2240 1974 1973
f 2237 1973 1970
f 2237 2240 1973
f 2235 2237 1970
f 2235 1970 1968
f 2234 1968 1966
f 2234 2235 1968
f 2231 2234 1966
f 2231 1966 1965
f 2229 2231 1965
f 2229 1965 1963
f 2226 1963 1961
f 2226 2229 1963
f 2225 1961 1958
f 2225 2226 1961
f 2222 1958 1955
f 2222 2225 1958
f 2220 2222 1955
f 2220 1955 1953
f 2218 2220 1953
f 2218 1953 1950
f 2216 2218 1950
f 2216 1950 1947
f 2214 2216 1947
f 2214 1947 1946
f 2188 2350 2189
f 2189 2350 2259
f 2350 2347 2259
f 2259 2347 2257
f 2347 2349 2257
f 2349 2348 2257
f 2257 2348 2254
f 2254 2344 2253
f 2348 2344 2254
f 2253 2346 2251
f 2344 2346 2253
f 2346 2345 2251
f 2251 2341 2249
f 2345 2341 2251
f 2249 2343 2247
f 2341 2343 2249
f 2247 2342 2246
f 2343 2342 2247
f 2342 2340 2246
f 2246 2338 2243
f 2340 2338 2246
f 2243 2339 2242
f 2338 2339 2243
f 2242 2335 2239
f 2339 2335 2242
f 2335 2337 2239
f 2337 2336 2239
f 2239 2336 2238
f 2336 2333 2238
f 2238 2333 2236
f 2333 2334 2236
f 2334 2331 2236
f 2236 2331 2233
f 2331 2332 2233
f 2332 2330 2233
f 2233 2330 2232
f 2330 2326 2232
f 2232 2326 2230
f 2326 2328 2230
f 2230 2328 2228
f 2328 2327 2228
f 2327 2329 2228
f 2228 2329 2227
f 2227 2324 2224
f 2329 2324 2227
f 2324 2325 2224
f 2224 2323 2223
f 2325 2323 2224
f 2223 2322 2221
f 2323 2322 2223
f 2221 2320 2219
f 2322 2320 2221
f 2320 2321 2219
f 2219 2319 2217
f 2321 2319 2219
f 2217 2316 2215
f 2319 2316 2217
f 2316 2318 2215
f 2215 2317 2213
f 2318 2317 2215
f 2213 2310 2210
f 2317 2310 2213
f 2310 2312 2210
f 2210 2311 2209
f 2312 2311 2210
f 2209 2313 2206
f 2311 2313 2209
f 2313 2303 2206
f 2303 2301 2206
f 2301 2302 2206
f 2206 2302 2204
f 2302 2299 2204
f 2204 2299 2201
f 2299 2300 2201
f 2201 2300 2200
f 2300 2293 2200
f 2200 2295 2198
f 2293 2295 2200
f 2295 2294 2198
f 2198 2289 2197
f 2294 2289 2198
f 2197 2290 2194
f 2289 2290 2197
f 2194 2284 2192
f 2290 2284 2194
f 2284 2283 2192
f 2190 2285 2191
f 2192 2285 2190
f 2283 2285 2192
f 2285 2286 2191
f 2191 2287 2193
f 2286 2287 2191
f 2193 2288 2195
f 2287 2288 2193
f 2195 2282 2196
f 2288 2282 2195
f 2282 2292 2196
f 2196 2291 2199
f 2292 2291 2196
f 2199 2296 2202
f 2291 2296 2199
f 2296 2298 2202
f 2202 2297 2203
f 2298 2297 2202
f 2297 2306 2203
f 2205 2305 2207
f 2203 2305 2205
f 2306 2305 2203
f 2305 2307 2207
f 2307 2304 2207
f 2207 2304 2208
f 2304 2309 2208
f 2309 2308 2208
f 2208 2308 2211
f 2211 2315 2212
f 2308 2315 2211
f 2315 2314 2212
f 2212 2074 2073
f 2314 2074 2212
