# USD → MuJoCo (world-space)
v -0.010631 -0.003206 -0.077273
v -0.008741 -0.003978 -0.077009
v -0.011638 -0.003158 -0.075733
v -0.009293 -0.003565 -0.077934
v -0.009734 -0.003203 -0.078836
v -0.008947 -0.003149 -0.080422
v -0.010284 -0.002632 -0.080569
v -0.008271 -0.003044 -0.082032
v -0.010064 -0.002892 -0.079714
v -0.008886 -0.003544 -0.078724
v -0.010499 -0.002900 -0.078930
v -0.011083 -0.003638 -0.070407
v -0.011931 -0.003449 -0.068526
v -0.010268 -0.003790 -0.072448
v -0.009488 -0.003903 -0.074649
v -0.008763 -0.004573 -0.068526
v -0.009935 -0.004091 -0.069526
v -0.010576 -0.003516 -0.075251
v -0.008440 -0.004072 -0.061105
v -0.011432 -0.002990 -0.060438
v -0.010127 -0.002939 -0.058747
v -0.009080 -0.001771 -0.053204
v -0.008885 -0.002856 -0.056956
v -0.007704 -0.002739 -0.055065
v -0.006586 -0.002590 -0.053075
v -0.009187 -0.003224 -0.076895
v -0.011610 -0.002697 -0.075235
v -0.007926 -0.003784 -0.076500
v -0.010374 -0.002724 -0.077185
v -0.008100 -0.003132 -0.079057
v -0.007261 -0.002330 -0.083881
v -0.008199 -0.002540 -0.081508
v -0.009237 -0.002671 -0.079276
v -0.010300 -0.002269 -0.079389
v -0.010151 -0.001874 -0.081487
v -0.009212 -0.002177 -0.081550
v -0.010951 -0.003221 -0.070282
v -0.012010 -0.002977 -0.068526
v -0.009917 -0.003437 -0.072197
v -0.008909 -0.003624 -0.074269
v -0.008122 -0.004288 -0.068526
v -0.009546 -0.003744 -0.069463
v -0.010269 -0.003150 -0.074811
v -0.010662 -0.003255 -0.067457
v -0.009347 -0.003593 -0.066335
v -0.010954 -0.003054 -0.066932
v -0.009934 -0.003200 -0.065279
v -0.008660 -0.003616 -0.064093
v -0.008007 -0.003700 -0.061798
v -0.011241 -0.002846 -0.066414
v -0.011598 -0.001836 -0.062268
v -0.010505 -0.002776 -0.064249
v -0.008952 -0.003415 -0.063568
v -0.009240 -0.003207 -0.063050
v -0.010307 -0.002036 -0.060540
v -0.009860 -0.000883 -0.056083
v -0.009098 -0.002181 -0.058686
v -0.007972 -0.002271 -0.056704
v -0.006928 -0.002306 -0.054595
v -0.008301 -0.001663 -0.083722
v -0.008469 -0.000088 -0.085831
v -0.009374 -0.001009 -0.083467
v -0.010478 -0.000369 -0.083117
v -0.011613 0.000257 -0.082671
v -0.007707 -0.001354 -0.054190
v -0.007721 -0.000033 -0.052553
v -0.008538 -0.000485 -0.053842
v -0.009803 0.000114 -0.054167
v -0.011121 0.000630 -0.054548
v -0.008907 -0.000648 -0.054445
v -0.007888 -0.001430 -0.054488
v -0.009985 0.000038 -0.054465
v -0.009251 -0.000769 -0.055019
v -0.008063 -0.001495 -0.054779
v -0.010160 -0.000027 -0.054756
v -0.011728 -0.001911 -0.076979
v -0.013695 -0.000310 -0.075805
v -0.011767 -0.001156 -0.078800
v -0.011729 -0.000434 -0.080697
v -0.012855 -0.001619 -0.072023
v -0.014103 -0.000492 -0.068526
v -0.013054 -0.000725 -0.062786
v -0.013677 0.000010 -0.061323
v -0.012430 -0.001530 -0.064144
v -0.013263 -0.000617 -0.063301
v -0.013472 -0.000501 -0.063829
v -0.012847 -0.001324 -0.065161
v -0.013265 -0.001082 -0.066230
v -0.012221 -0.002218 -0.066387
v -0.012430 -0.002111 -0.066902
v -0.012638 -0.001994 -0.067430
v -0.011632 -0.001157 -0.060449
v -0.011564 -0.000520 -0.058556
v -0.011394 0.000076 -0.056589
v -0.001883 -0.000179 -0.041064
v -0.001984 -0.000458 -0.043019
v 0.000000 -0.000637 -0.043019
v 0.000000 -0.000349 -0.041065
v -0.003755 0.000089 -0.041064
v -0.003958 -0.000187 -0.043019
v -0.002640 0.004723 -0.043391
v -0.004620 0.004553 -0.044591
v -0.003153 0.004762 -0.043019
v 0.000000 0.004762 -0.043019
v -0.001943 0.004710 -0.043723
v -0.001063 0.004724 -0.044013
v 0.000000 0.004763 -0.044262
v -0.006321 0.000018 -0.046314
v -0.004509 -0.000566 -0.045945
v -0.005466 0.000269 -0.043019
v -0.007809 -0.001514 -0.051434
v -0.006648 -0.001894 -0.051340
v -0.006624 -0.001227 -0.049635
v -0.005524 -0.000911 -0.047805
v -0.006515 -0.000590 -0.047959
v -0.006414 -0.003843 -0.080066
v -0.004422 -0.004743 -0.077853
v -0.004221 -0.003607 -0.083372
v -0.002161 -0.004390 -0.080849
v 0.000000 -0.005230 -0.078262
v 0.000000 -0.003980 -0.083911
v -0.006582 -0.004658 -0.072978
v -0.004402 -0.005338 -0.068526
v -0.002206 -0.005280 -0.073291
v 0.000000 -0.005808 -0.068526
v -0.004242 -0.004819 -0.060713
v -0.002161 -0.005310 -0.064527
v 0.000000 -0.005275 -0.060344
v -0.006985 -0.003865 -0.058973
v -0.005002 -0.004193 -0.058723
v -0.005646 -0.003612 -0.056787
v -0.006174 -0.003078 -0.054905
v -0.004423 -0.003314 -0.054549
v -0.006678 -0.004150 -0.059934
v -0.004115 -0.003598 -0.055510
v -0.003316 -0.002969 -0.052257
v -0.007264 -0.003592 -0.058025
v -0.004701 -0.003041 -0.053601
v -0.003008 -0.004460 -0.058489
v -0.002660 -0.003514 -0.054224
v -0.001889 -0.004080 -0.056228
v -0.000887 -0.003678 -0.053932
v -0.000487 -0.004468 -0.057124
v 0.000000 -0.003255 -0.051599
v -0.003408 -0.004174 -0.057482
v -0.001287 -0.003393 -0.052925
v -0.004004 -0.004465 -0.077212
v -0.003723 -0.002772 -0.085137
v -0.001932 -0.003804 -0.081410
v 0.000000 -0.004901 -0.077573
v 0.000000 -0.003079 -0.085717
v -0.006033 -0.004384 -0.072691
v -0.004080 -0.004999 -0.068526
v 0.000000 -0.005435 -0.068526
v -0.006061 -0.004371 -0.065059
v -0.004034 -0.004498 -0.061386
v 0.000000 -0.004943 -0.061034
v -0.002925 -0.004169 -0.059345
v -0.003500 -0.002773 -0.053661
v -0.001883 -0.003823 -0.057260
v -0.000908 -0.003460 -0.055132
v 0.000000 -0.003079 -0.052961
v -0.006778 -0.003530 -0.059861
v -0.005617 -0.003319 -0.057860
v -0.004525 -0.003067 -0.055793
v -0.004813 -0.002085 -0.085421
v -0.004414 -0.000445 -0.087675
v -0.005967 -0.001409 -0.085631
v -0.007186 -0.000743 -0.085768
v -0.002034 -0.001743 -0.086730
v 0.000000 -0.000677 -0.088389
v -0.001854 -0.001732 -0.052114
v 0.000000 -0.000682 -0.050486
v -0.003916 -0.000393 -0.051349
v -0.002263 -0.000904 -0.045724
v -0.001062 -0.000786 -0.044330
v 0.000000 -0.001146 -0.045557
v -0.003806 -0.002360 -0.050791
v -0.004169 -0.001757 -0.049250
v -0.004403 -0.001159 -0.047635
v -0.003152 -0.001333 -0.047450
v -0.003282 -0.002149 -0.049881
v -0.003879 -0.000948 -0.046726
v -0.000763 -0.002659 -0.050222
v -0.002289 -0.002522 -0.050490
v -0.001395 -0.002068 -0.048784
v -0.001895 -0.001483 -0.047285
v -0.000632 -0.001610 -0.047140
v -0.002556 -0.002228 -0.049748
v -0.000365 -0.002431 -0.049392
v -0.007144 0.004313 -0.045671
v -0.008737 0.004275 -0.047210
v -0.006223 0.004037 -0.043019
v -0.006018 0.004250 -0.043903
v -0.005683 0.004407 -0.044460
v -0.005186 0.004403 -0.043739
v -0.004782 0.004500 -0.043834
v -0.005560 0.004294 -0.043572
v -0.004328 0.004515 -0.043222
v -0.003939 0.004619 -0.043353
v -0.005467 0.004464 -0.044615
v -0.004759 0.004552 -0.044358
v -0.005217 0.004508 -0.044689
v -0.003927 0.004644 -0.043615
v -0.005931 0.004454 -0.045254
v -0.004704 0.004559 -0.044511
v -0.004935 0.004538 -0.044681
v -0.005290 0.004283 -0.043157
v -0.004288 0.004605 -0.044140
v -0.005288 0.004509 -0.044953
v -0.004957 0.004532 -0.044780
v -0.004458 0.004581 -0.044374
v -0.006840 0.004401 -0.045976
v -0.003801 0.004669 -0.043685
v -0.005732 0.004478 -0.045289
v -0.004212 0.004612 -0.044142
v -0.003682 0.004687 -0.043578
v -0.005177 0.004516 -0.044941
v -0.006956 0.004395 -0.046073
v -0.004151 0.004620 -0.044085
v -0.005788 0.004474 -0.045333
v -0.005204 0.004514 -0.044962
v -0.005880 0.004717 -0.046728
v -0.004817 0.004794 -0.046728
v -0.006107 0.004572 -0.046105
v -0.006279 0.004739 -0.047067
v -0.006888 0.004604 -0.046809
v -0.007447 0.004439 -0.046622
v -0.007693 0.004652 -0.047477
v -0.007840 0.004457 -0.046969
v -0.008239 0.004479 -0.047308
v -0.009377 0.004794 -0.048705
v -0.006021 0.004488 -0.045624
v -0.007816 0.004759 -0.047904
v -0.007385 0.004386 -0.046408
v -0.006000 0.004467 -0.045504
v -0.007370 0.004372 -0.046355
v -0.005994 0.004462 -0.045474
v -0.007366 0.004369 -0.046341
v -0.005993 0.004461 -0.045466
v -0.007365 0.004368 -0.046338
v -0.005992 0.004461 -0.045464
v -0.003502 0.004653 -0.044987
v -0.003576 0.004747 -0.045944
v -0.001192 0.004773 -0.045444
v 0.000000 0.004794 -0.045505
v -0.001167 0.004732 -0.044711
v -0.002359 0.004726 -0.045272
v -0.002995 0.004774 -0.046044
v -0.002903 0.004652 -0.044693
v -0.011493 0.001217 -0.086002
v -0.010096 0.002152 -0.088711
v -0.009327 -0.000121 -0.086998
v -0.012842 0.000364 -0.083578
v -0.013706 0.002472 -0.084719
v -0.012227 0.003553 -0.087200
v -0.010701 0.004794 -0.089874
v -0.014406 0.004794 -0.085495
v -0.016491 0.001497 -0.072617
v -0.017191 0.002533 -0.068526
v -0.016804 0.002582 -0.076915
v -0.015773 0.000502 -0.076501
v -0.016197 0.000371 -0.068526
v -0.017558 0.004794 -0.077234
v -0.017931 0.004794 -0.068526
v -0.015140 0.003812 -0.055705
v -0.017374 0.004794 -0.059469
v -0.016648 0.002644 -0.059835
v -0.013021 0.003017 -0.052061
v -0.013517 0.004794 -0.051455
v -0.015629 0.000606 -0.060136
v -0.007403 0.000850 -0.088989
v -0.005324 0.001893 -0.091192
v -0.004865 -0.000524 -0.089055
v -0.007949 0.003408 -0.090603
v -0.005674 0.004794 -0.092634
v -0.002547 0.000594 -0.090510
v 0.000000 0.001771 -0.092000
v 0.000000 -0.000764 -0.089795
v 0.000000 0.004794 -0.093468
v -0.007046 0.003335 -0.044173
v -0.006572 0.002813 -0.043019
v -0.007057 0.003921 -0.044355
v -0.007376 0.003583 -0.044842
v -0.007572 0.003262 -0.045207
v -0.007768 0.003822 -0.045570
v -0.007744 0.003385 -0.045549
v -0.007932 0.003506 -0.045905
v -0.007973 0.003206 -0.046119
v -0.007041 0.003042 -0.044082
v -0.007866 0.004103 -0.045752
v -0.007788 0.003232 -0.045678
v -0.007876 0.003293 -0.045851
v -0.007060 0.004068 -0.044401
v -0.007414 0.003137 -0.044880
v -0.007523 0.003122 -0.045116
v -0.007040 0.002969 -0.044060
v -0.007890 0.004173 -0.045798
v -0.007752 0.003164 -0.045621
v -0.007060 0.004104 -0.044412
v -0.007396 0.003066 -0.044841
v -0.007510 0.003087 -0.045093
v -0.007897 0.004190 -0.045809
v -0.007039 0.002950 -0.044054
v -0.007743 0.003147 -0.045607
v -0.007061 0.004114 -0.044415
v -0.007391 0.003049 -0.044831
v -0.007507 0.003078 -0.045088
v -0.007898 0.004194 -0.045812
v -0.007039 0.002946 -0.044053
v -0.007741 0.003142 -0.045604
v -0.007061 0.004116 -0.044416
v -0.007390 0.003044 -0.044828
v -0.007506 0.003076 -0.045086
v -0.007899 0.004196 -0.045813
v -0.007039 0.002945 -0.044052
v -0.007740 0.003141 -0.045603
v -0.014434 0.001882 -0.056170
v -0.012437 0.001261 -0.052649
v -0.012083 0.003697 -0.050828
v -0.012480 0.003749 -0.051167
v -0.012039 0.003922 -0.050705
v -0.011683 0.003663 -0.050460
v -0.012740 0.004533 -0.051040
v -0.011955 0.004342 -0.050507
v -0.011508 0.003864 -0.050233
v -0.010293 0.004456 -0.049115
v -0.010825 0.004514 -0.049586
v -0.010362 0.004169 -0.049092
v -0.010658 0.004638 -0.049489
v -0.010261 0.004586 -0.049150
v -0.013002 0.004237 -0.051370
v -0.012091 0.004681 -0.050531
v -0.010935 0.004021 -0.049654
v -0.011163 0.004220 -0.049858
v -0.011021 0.003933 -0.049747
v -0.011699 0.004585 -0.050265
v -0.011389 0.004433 -0.050039
v -0.010214 0.003934 -0.048893
v -0.010618 0.003925 -0.049334
v -0.011305 0.004507 -0.049969
v -0.010993 0.004375 -0.049709
v -0.009959 0.004169 -0.048665
v -0.009707 0.004369 -0.048496
v -0.009553 0.004187 -0.048209
v -0.010077 0.004506 -0.048945
v -0.009861 0.004551 -0.048782
v -0.011616 0.003493 -0.050448
v -0.012805 0.004729 -0.051008
v -0.011151 0.003794 -0.049897
v -0.010950 0.003790 -0.049691
v -0.011179 0.004612 -0.049877
v -0.011376 0.004651 -0.050025
v -0.009883 0.004065 -0.048544
v -0.010981 0.004577 -0.049722
v -0.009680 0.004078 -0.048309
v -0.009476 0.004096 -0.048066
v -0.011053 0.004707 -0.049800
v -0.010018 0.004341 -0.048799
v -0.010732 0.004755 -0.049589
v -0.009428 0.004287 -0.048124
v -0.009146 0.004222 -0.047724
v -0.009303 0.004378 -0.048054
v -0.010336 0.004690 -0.049272
v -0.010046 0.004624 -0.048998
v -0.010138 0.004664 -0.049102
v -0.010015 0.004733 -0.049068
v -0.009739 0.004625 -0.048741
v -0.009617 0.004690 -0.048714
v -0.009817 0.004710 -0.048895
v -0.009460 0.004534 -0.048384
v -0.009338 0.004604 -0.048351
v -0.009696 0.004768 -0.048879
v -0.009596 0.004757 -0.048792
v -0.009497 0.004747 -0.048703
v -0.010546 0.003794 -0.049257
v -0.010914 0.003718 -0.049663
v -0.012125 0.004766 -0.050537
v -0.010177 0.003875 -0.048843
v -0.011769 0.004742 -0.050298
v -0.011572 0.004694 -0.050165
v -0.009845 0.004013 -0.048483
v -0.011411 0.004722 -0.050053
v -0.009107 0.004183 -0.047642
v -0.009583 0.004456 -0.048433
v -0.010214 0.004762 -0.049234
v -0.010374 0.004742 -0.049332
v -0.009320 0.004495 -0.048195
v -0.009038 0.004431 -0.047795
v -0.010054 0.004779 -0.049140
v -0.009357 0.004703 -0.048521
v -0.011599 0.003450 -0.050445
v -0.012821 0.004778 -0.051000
v -0.011081 0.003644 -0.049852
v -0.010897 0.003682 -0.049649
v -0.009827 0.003987 -0.048453
v -0.009642 0.004029 -0.048242
v -0.011250 0.004749 -0.049944
v -0.011429 0.004758 -0.050066
v -0.009457 0.004073 -0.048030
v -0.011072 0.004740 -0.049819
v -0.011090 0.004772 -0.049838
v -0.010751 0.004784 -0.049614
v -0.010473 0.004758 -0.049412
v -0.009092 0.004331 -0.047751
v -0.010393 0.004768 -0.049362
v -0.009198 0.004567 -0.048158
v -0.009207 0.004617 -0.048243
v -0.009715 0.004788 -0.048921
v -0.010528 0.003762 -0.049237
v -0.010888 0.003664 -0.049642
v -0.012134 0.004787 -0.050538
v -0.010168 0.003861 -0.048831
v -0.011777 0.004762 -0.050303
v -0.011786 0.004781 -0.050307
v -0.011608 0.004769 -0.050188
v -0.009817 0.003974 -0.048438
v -0.011438 0.004776 -0.050073
v -0.009097 0.004174 -0.047621
v -0.010233 0.004786 -0.049267
v -0.010402 0.004781 -0.049378
v -0.008972 0.004444 -0.047730
v -0.010064 0.004790 -0.049158
v -0.009123 0.004525 -0.048017
v -0.009292 0.004707 -0.048472
v -0.011594 0.003440 -0.050444
v -0.012825 0.004790 -0.050998
v -0.011063 0.003606 -0.049841
v -0.010883 0.003655 -0.049639
v -0.009812 0.003967 -0.048430
v -0.009632 0.004017 -0.048226
v -0.011268 0.004783 -0.049960
v -0.011442 0.004785 -0.050077
v -0.009452 0.004067 -0.048021
v -0.011094 0.004781 -0.049843
v -0.011099 0.004789 -0.049848
v -0.010755 0.004792 -0.049620
v -0.010492 0.004785 -0.049440
v -0.010407 0.004788 -0.049385
v -0.009132 0.004575 -0.048101
v -0.009174 0.004620 -0.048216
v -0.009720 0.004793 -0.048931
v -0.010523 0.003754 -0.049233
v -0.010881 0.003651 -0.049637
v -0.012136 0.004792 -0.050539
v -0.010166 0.003857 -0.048828
v -0.011788 0.004786 -0.050308
v -0.011790 0.004791 -0.050309
v -0.011616 0.004788 -0.050193
v -0.009810 0.003964 -0.048426
v -0.011445 0.004790 -0.050079
v -0.009095 0.004171 -0.047616
v -0.010238 0.004792 -0.049275
v -0.010409 0.004791 -0.049389
v -0.008956 0.004447 -0.047714
v -0.010066 0.004793 -0.049162
v -0.009276 0.004707 -0.048460
v -0.011593 0.003437 -0.050444
v -0.012826 0.004793 -0.050997
v -0.011059 0.003597 -0.049838
v -0.010880 0.003648 -0.049636
v -0.009809 0.003962 -0.048424
v -0.009630 0.004014 -0.048222
v -0.011273 0.004791 -0.049964
v -0.011446 0.004792 -0.050080
v -0.009451 0.004066 -0.048019
v -0.011100 0.004791 -0.049849
v -0.011101 0.004793 -0.049850
v -0.010756 0.004794 -0.049621
v -0.010496 0.004792 -0.049448
v -0.010411 0.004793 -0.049391
v -0.009116 0.004577 -0.048087
v -0.009166 0.004621 -0.048209
v -0.009721 0.004794 -0.048934
v -0.010879 0.003647 -0.049636
v -0.010522 0.003752 -0.049231
v -0.012136 0.004794 -0.050539
v -0.010165 0.003856 -0.048827
v -0.011791 0.004792 -0.050309
v -0.011791 0.004793 -0.050309
v -0.011618 0.004793 -0.050195
v -0.009808 0.003961 -0.048424
v -0.011446 0.004793 -0.050080
v -0.009094 0.004171 -0.047615
v -0.010411 0.004793 -0.049392
v -0.010239 0.004794 -0.049278
v -0.008951 0.004448 -0.047710
v -0.010067 0.004794 -0.049163
v -0.009272 0.004708 -0.048457
v -0.012102 0.002679 -0.051355
v -0.011793 0.002935 -0.050890
v -0.011486 0.003182 -0.050449
v -0.011164 0.002418 -0.050463
v -0.011173 0.003093 -0.050156
v -0.010542 0.002940 -0.049510
v -0.009579 0.002774 -0.048384
v -0.009930 0.003423 -0.048650
v -0.009491 0.003156 -0.048176
v -0.009269 0.003030 -0.047919
v -0.008962 0.003277 -0.047478
v -0.009328 0.003868 -0.047883
v -0.011003 0.002037 -0.050470
v -0.010407 0.003525 -0.049166
v -0.010106 0.003748 -0.048783
v -0.008844 0.003795 -0.047297
v -0.011557 0.002341 -0.050954
v -0.011566 0.003373 -0.050445
v -0.009491 0.002612 -0.048318
v -0.009420 0.004016 -0.047985
v -0.010963 0.001941 -0.050472
v -0.010493 0.003694 -0.049215
v -0.010150 0.003829 -0.048816
v -0.011586 0.003420 -0.050444
v -0.009469 0.002571 -0.048301
v -0.009443 0.004053 -0.048010
v -0.010953 0.001917 -0.050473
v -0.010515 0.003737 -0.049227
v -0.010161 0.003849 -0.048824
v -0.011591 0.003432 -0.050444
v -0.009463 0.002561 -0.048297
v -0.009449 0.004062 -0.048016
v -0.010950 0.001911 -0.050473
v -0.010520 0.003747 -0.049230
v -0.010164 0.003854 -0.048826
v -0.011592 0.003435 -0.050444
v -0.009462 0.002559 -0.048296
v -0.009450 0.004065 -0.048018
v -0.010950 0.001910 -0.050473
v -0.010521 0.003750 -0.049231
v -0.010165 0.003855 -0.048827
v -0.005163 0.000554 -0.041062
v -0.006234 0.002899 -0.041064
v -0.005843 0.004003 -0.041063
v -0.002971 0.004763 -0.041066
v 0.000000 0.004763 -0.041067
v -0.006374 0.001556 -0.043019
v -0.006050 0.001742 -0.041063
v -0.008942 -0.002619 -0.082239
v -0.009787 -0.002175 -0.082266
v -0.009278 -0.001976 -0.083385
v -0.010805 -0.001712 -0.082114
v -0.011996 -0.001230 -0.081781
v -0.008596 -0.001796 -0.084684
v -0.010122 -0.002394 -0.081328
v -0.008834 -0.002200 -0.083394
v -0.009131 -0.002726 -0.081747
v -0.010610 -0.002165 -0.081274
v -0.010690 -0.000696 -0.084260
v -0.011894 -0.002567 -0.077046
v -0.014236 -0.001178 -0.075884
v -0.012039 -0.002049 -0.078492
v -0.012073 -0.001603 -0.080070
v -0.013712 -0.000385 -0.079436
v -0.014017 -0.000776 -0.077586
v -0.014566 -0.001361 -0.068526
v -0.012984 -0.002205 -0.064418
v -0.014005 -0.001020 -0.060181
v -0.011454 -0.002214 -0.058565
v -0.011410 -0.001479 -0.056692
v -0.011299 -0.000787 -0.054819
v -0.011121 -0.000136 -0.052945
v -0.013298 0.000178 -0.056478
v -0.006384 0.000864 -0.044585
v -0.007375 0.001613 -0.045989
v -0.007074 0.002297 -0.044536
v -0.009736 -0.000105 -0.051275
v -0.008731 -0.000634 -0.050814
v -0.009587 0.000177 -0.050673
v -0.008474 -0.000069 -0.049613
v -0.008163 0.000494 -0.048409
v -0.007471 -0.000310 -0.048560
v -0.007336 -0.000028 -0.047959
v -0.007187 0.000254 -0.047358
v -0.008478 0.002362 -0.047188
v -0.008895 0.002334 -0.047746
v -0.008903 0.002067 -0.047928
v -0.009322 0.002303 -0.048298
v -0.008903 0.001539 -0.048304
v -0.009466 0.002028 -0.048669
v -0.009727 0.001486 -0.049426
v -0.009952 0.000953 -0.050204
v -0.010590 0.001422 -0.050524
v -0.010052 0.000691 -0.050601
v -0.010515 0.000914 -0.050944
v -0.010469 0.000663 -0.051159
v -0.010896 0.000632 -0.051711
v -0.008693 0.001157 -0.048307
v -0.010860 0.001788 -0.050486
v -0.009426 0.002494 -0.048296
v -0.009917 0.000508 -0.050620
v -0.008641 0.001062 -0.048307
v -0.010927 0.001879 -0.050476
v -0.009453 0.002542 -0.048296
v -0.009884 0.000462 -0.050625
v -0.008628 0.001038 -0.048307
v -0.010944 0.001902 -0.050474
v -0.009459 0.002554 -0.048296
v -0.009875 0.000451 -0.050626
v -0.008625 0.001032 -0.048308
v -0.010948 0.001908 -0.050473
v -0.009461 0.002557 -0.048296
v -0.009873 0.000448 -0.050626
v -0.008624 0.001030 -0.048308
v -0.010949 0.001909 -0.050473
v -0.004435 -0.002268 -0.086336
v -0.006806 -0.001177 -0.086768
v -0.002164 -0.003107 -0.085145
v 0.000000 -0.002573 -0.086963
v -0.002325 -0.001532 -0.088037
v -0.002962 0.004763 -0.040959
v 0.000000 0.004763 -0.040959
v -0.005825 0.004002 -0.040957
v -0.001879 -0.000169 -0.040958
v 0.000000 -0.000339 -0.040958
v -0.003747 0.000099 -0.040958
v -0.005151 0.000564 -0.040957
v -0.006220 0.002903 -0.040958
v -0.006036 0.001749 -0.040957
v -0.002919 0.004654 -0.040909
v 0.000000 0.004653 -0.040908
v -0.005744 0.003920 -0.040916
v 0.000000 -0.000225 -0.040912
v -0.001851 -0.000057 -0.040912
v -0.003691 0.000207 -0.040913
v -0.005052 0.000647 -0.040916
v -0.006099 0.002874 -0.040916
v -0.005922 0.001783 -0.040917
v -0.005447 0.004670 -0.091704
v 0.000000 0.004670 -0.092510
v -0.005221 0.004546 -0.090774
v 0.000000 0.004545 -0.091552
v -0.010274 0.004670 -0.089054
v -0.009847 0.004546 -0.088234
v -0.004649 0.004670 -0.047640
v -0.009033 0.004671 -0.049479
v -0.008688 0.004547 -0.050252
v -0.004482 0.004546 -0.048551
v -0.002367 0.004732 -0.046637
v 0.000000 0.004670 -0.046675
v -0.002283 0.004608 -0.047678
v 0.000000 0.004545 -0.047845
v -0.016814 0.004667 -0.076908
v -0.017179 0.004666 -0.068526
v -0.016428 0.004539 -0.068526
v -0.016070 0.004541 -0.076582
v -0.013821 0.004670 -0.084841
v -0.013236 0.004545 -0.084187
v -0.012972 0.004670 -0.052173
v -0.012428 0.004547 -0.052891
v -0.016639 0.004668 -0.059870
v -0.015905 0.004541 -0.060272
v -0.006061 0.001169 -0.051134
v -0.004262 0.002437 -0.049600
v -0.008347 0.002664 -0.051036
v -0.006445 0.003548 -0.049860
v 0.000000 0.002309 -0.048775
v -0.002186 0.003459 -0.048693
v -0.002336 0.000903 -0.089021
v 0.000000 0.002309 -0.090387
v -0.004929 0.002425 -0.089634
v -0.009355 0.002594 -0.087350
v -0.007338 0.003528 -0.088998
v -0.014606 0.001108 -0.064762
v -0.015583 0.002400 -0.068526
v -0.015061 0.002516 -0.060674
v -0.014360 0.000332 -0.066684
v -0.013347 0.000768 -0.059445
v -0.012946 0.001481 -0.057521
v -0.012471 0.002147 -0.055552
v -0.011924 0.002767 -0.053538
v -0.013829 0.003593 -0.056844
v -0.013524 0.000511 -0.077670
v -0.015211 0.002491 -0.076283
v -0.013293 0.001292 -0.079593
v -0.013001 0.002032 -0.081574
v -0.012651 0.002731 -0.083612
v -0.014292 0.003577 -0.080166
v -0.014648 0.001022 -0.072285
v -0.015823 0.003492 -0.072479
v -0.008738 0.000772 -0.052704
v -0.009778 0.001507 -0.052919
v -0.010840 0.002172 -0.053197
v 0.010631 -0.003206 -0.077273
v 0.011638 -0.003158 -0.075733
v 0.008742 -0.003978 -0.077009
v 0.009293 -0.003565 -0.077934
v 0.009734 -0.003203 -0.078836
v 0.008947 -0.003149 -0.080422
v 0.008271 -0.003044 -0.082032
v 0.010285 -0.002632 -0.080569
v 0.010064 -0.002892 -0.079714
v 0.008886 -0.003544 -0.078724
v 0.010499 -0.002900 -0.078930
v 0.011083 -0.003638 -0.070407
v 0.011931 -0.003449 -0.068526
v 0.010268 -0.003790 -0.072448
v 0.009488 -0.003903 -0.074649
v 0.008763 -0.004573 -0.068526
v 0.009935 -0.004091 -0.069526
v 0.010576 -0.003516 -0.075251
v 0.010142 -0.003771 -0.064649
v 0.011432 -0.002990 -0.060438
v 0.008440 -0.004072 -0.061105
v 0.008885 -0.002856 -0.056956
v 0.009080 -0.001771 -0.053204
v 0.007704 -0.002739 -0.055065
v 0.006586 -0.002590 -0.053075
v 0.009187 -0.003224 -0.076895
v 0.007926 -0.003784 -0.076500
v 0.011610 -0.002697 -0.075235
v 0.010374 -0.002724 -0.077185
v 0.008100 -0.003132 -0.079057
v 0.007261 -0.002330 -0.083881
v 0.009237 -0.002671 -0.079276
v 0.008199 -0.002540 -0.081508
v 0.010300 -0.002269 -0.079389
v 0.010151 -0.001874 -0.081487
v 0.009212 -0.002177 -0.081550
v 0.010951 -0.003221 -0.070282
v 0.012011 -0.002977 -0.068526
v 0.009917 -0.003437 -0.072197
v 0.008909 -0.003624 -0.074269
v 0.008122 -0.004288 -0.068526
v 0.009546 -0.003744 -0.069463
v 0.010269 -0.003150 -0.074811
v 0.009382 -0.003722 -0.067430
v 0.010610 -0.003095 -0.066387
v 0.009047 -0.003779 -0.066873
v 0.008007 -0.003700 -0.061798
v 0.009275 -0.003336 -0.064145
v 0.009934 -0.003200 -0.065279
v 0.011121 -0.002496 -0.064301
v 0.011598 -0.001836 -0.062268
v 0.010785 -0.002553 -0.063744
v 0.010453 -0.002617 -0.063180
v 0.010307 -0.002036 -0.060540
v 0.009860 -0.000883 -0.056083
v 0.009098 -0.002181 -0.058686
v 0.007972 -0.002271 -0.056704
v 0.006928 -0.002306 -0.054595
v 0.008302 -0.001663 -0.083722
v 0.008470 -0.000088 -0.085831
v 0.009374 -0.001009 -0.083467
v 0.010478 -0.000369 -0.083117
v 0.011613 0.000257 -0.082671
v 0.007707 -0.001354 -0.054190
v 0.007721 -0.000033 -0.052553
v 0.008538 -0.000485 -0.053842
v 0.009804 0.000114 -0.054167
v 0.011121 0.000630 -0.054548
v 0.008908 -0.000648 -0.054445
v 0.007889 -0.001430 -0.054488
v 0.009985 0.000038 -0.054465
v 0.009251 -0.000769 -0.055019
v 0.008064 -0.001495 -0.054779
v 0.010160 -0.000027 -0.054756
v 0.011728 -0.001911 -0.076979
v 0.013696 -0.000310 -0.075805
v 0.011768 -0.001156 -0.078800
v 0.011729 -0.000434 -0.080697
v 0.012855 -0.001619 -0.072023
v 0.014103 -0.000492 -0.068526
v 0.013054 -0.000725 -0.062786
v 0.013677 0.000010 -0.061323
v 0.012430 -0.001530 -0.064144
v 0.013263 -0.000617 -0.063301
v 0.013472 -0.000501 -0.063829
v 0.013265 -0.001082 -0.066230
v 0.012847 -0.001324 -0.065161
v 0.012221 -0.002218 -0.066387
v 0.012430 -0.002111 -0.066902
v 0.012639 -0.001994 -0.067430
v 0.011632 -0.001157 -0.060449
v 0.011564 -0.000520 -0.058556
v 0.011394 0.000076 -0.056589
v 0.001884 -0.000179 -0.041064
v 0.001984 -0.000458 -0.043019
v 0.003755 0.000089 -0.041064
v 0.003958 -0.000187 -0.043019
v 0.002640 0.004723 -0.043391
v 0.003154 0.004762 -0.043019
v 0.004620 0.004553 -0.044591
v 0.001944 0.004710 -0.043723
v 0.001063 0.004724 -0.044013
v 0.005064 -0.000117 -0.044574
v 0.006321 0.000018 -0.046314
v 0.005466 0.000269 -0.043019
v 0.004510 -0.000566 -0.045945
v 0.007810 -0.001514 -0.051434
v 0.006648 -0.001894 -0.051340
v 0.006624 -0.001227 -0.049635
v 0.005524 -0.000911 -0.047805
v 0.006515 -0.000590 -0.047959
v 0.004422 -0.004743 -0.077853
v 0.004222 -0.003607 -0.083372
v 0.002161 -0.004390 -0.080849
v 0.006582 -0.004658 -0.072978
v 0.004402 -0.005338 -0.068526
v 0.002206 -0.005280 -0.073291
v 0.004242 -0.004819 -0.060713
v 0.002161 -0.005310 -0.064527
v 0.006985 -0.003865 -0.058973
v 0.005002 -0.004193 -0.058723
v 0.005646 -0.003612 -0.056787
v 0.004423 -0.003314 -0.054549
v 0.003316 -0.002969 -0.052257
v 0.006174 -0.003078 -0.054905
v 0.004376 -0.004049 -0.057611
v 0.007264 -0.003592 -0.058025
v 0.003008 -0.004460 -0.058489
v 0.001890 -0.004080 -0.056228
v 0.001003 -0.004667 -0.058268
v 0.000887 -0.003678 -0.053932
v 0.002661 -0.003514 -0.054224
v 0.002579 -0.004751 -0.059504
v 0.000458 -0.003969 -0.054947
v 0.003408 -0.004174 -0.057482
v 0.004004 -0.004465 -0.077212
v 0.003723 -0.002772 -0.085137
v 0.001932 -0.003804 -0.081410
v 0.006033 -0.004384 -0.072691
v 0.004080 -0.004999 -0.068526
v 0.002021 -0.004950 -0.072959
v 0.006061 -0.004371 -0.065059
v 0.004034 -0.004498 -0.061386
v 0.002029 -0.004969 -0.064868
v 0.002925 -0.004169 -0.059345
v 0.003500 -0.002773 -0.053661
v 0.001884 -0.003823 -0.057260
v 0.000909 -0.003460 -0.055132
v 0.006778 -0.003530 -0.059861
v 0.005617 -0.003319 -0.057860
v 0.004525 -0.003067 -0.055793
v 0.004813 -0.002085 -0.085421
v 0.004414 -0.000445 -0.087675
v 0.005967 -0.001409 -0.085631
v 0.007186 -0.000743 -0.085768
v 0.002034 -0.001743 -0.086730
v 0.001854 -0.001732 -0.052114
v 0.003916 -0.000393 -0.051349
v 0.002263 -0.000904 -0.045724
v 0.001062 -0.000786 -0.044330
v 0.003806 -0.002360 -0.050791
v 0.004169 -0.001757 -0.049250
v 0.004403 -0.001159 -0.047635
v 0.003152 -0.001333 -0.047450
v 0.003282 -0.002149 -0.049881
v 0.000763 -0.002659 -0.050222
v 0.002290 -0.002522 -0.050490
v 0.001395 -0.002068 -0.048784
v 0.000632 -0.001610 -0.047140
v 0.001895 -0.001483 -0.047285
v 0.001194 -0.002886 -0.051067
v 0.002326 -0.001710 -0.048130
v 0.000365 -0.002431 -0.049392
v 0.001497 -0.001255 -0.046455
v 0.007145 0.004313 -0.045671
v 0.006223 0.004037 -0.043019
v 0.008737 0.004275 -0.047210
v 0.005683 0.004407 -0.044460
v 0.006018 0.004250 -0.043903
v 0.005186 0.004403 -0.043739
v 0.005561 0.004294 -0.043572
v 0.004782 0.004500 -0.043834
v 0.004328 0.004515 -0.043222
v 0.003939 0.004619 -0.043353
v 0.005467 0.004464 -0.044615
v 0.005217 0.004508 -0.044689
v 0.004759 0.004552 -0.044358
v 0.003927 0.004644 -0.043615
v 0.005932 0.004454 -0.045254
v 0.004704 0.004559 -0.044511
v 0.004935 0.004538 -0.044681
v 0.005290 0.004283 -0.043157
v 0.004288 0.004605 -0.044140
v 0.005288 0.004509 -0.044953
v 0.004957 0.004532 -0.044780
v 0.004458 0.004581 -0.044374
v 0.006840 0.004401 -0.045976
v 0.003801 0.004669 -0.043685
v 0.005732 0.004478 -0.045289
v 0.004212 0.004612 -0.044142
v 0.003682 0.004687 -0.043578
v 0.005177 0.004516 -0.044941
v 0.006956 0.004395 -0.046073
v 0.004152 0.004620 -0.044085
v 0.005788 0.004474 -0.045333
v 0.005204 0.004514 -0.044962
v 0.005397 0.004603 -0.045704
v 0.004817 0.004794 -0.046728
v 0.006222 0.004683 -0.046746
v 0.005726 0.004561 -0.045740
v 0.006050 0.004516 -0.045784
v 0.006888 0.004604 -0.046809
v 0.007775 0.004723 -0.047761
v 0.009377 0.004794 -0.048705
v 0.007529 0.004510 -0.046907
v 0.008105 0.004682 -0.047797
v 0.008428 0.004637 -0.047842
v 0.008145 0.004400 -0.047040
v 0.007406 0.004403 -0.046479
v 0.006007 0.004474 -0.045544
v 0.007375 0.004377 -0.046372
v 0.005996 0.004464 -0.045484
v 0.007367 0.004370 -0.046346
v 0.005993 0.004461 -0.045469
v 0.007365 0.004368 -0.046339
v 0.005993 0.004461 -0.045465
v 0.007365 0.004368 -0.046337
v 0.003502 0.004653 -0.044987
v 0.003576 0.004747 -0.045944
v 0.001192 0.004773 -0.045444
v 0.001167 0.004732 -0.044711
v 0.002995 0.004774 -0.046044
v 0.002359 0.004726 -0.045272
v 0.001742 0.004698 -0.044583
v 0.011493 0.001217 -0.086002
v 0.010097 0.002152 -0.088711
v 0.013706 0.002472 -0.084719
v 0.012843 0.000364 -0.083578
v 0.009327 -0.000121 -0.086998
v 0.012227 0.003553 -0.087200
v 0.010701 0.004794 -0.089874
v 0.014406 0.004794 -0.085495
v 0.016491 0.001497 -0.072617
v 0.017191 0.002533 -0.068526
v 0.016197 0.000371 -0.068526
v 0.015773 0.000502 -0.076501
v 0.016805 0.002582 -0.076915
v 0.017559 0.004794 -0.077234
v 0.017931 0.004794 -0.068526
v 0.014781 0.001480 -0.080428
v 0.015140 0.003812 -0.055705
v 0.017374 0.004794 -0.059469
v 0.013517 0.004794 -0.051455
v 0.013021 0.003017 -0.052061
v 0.016649 0.002644 -0.059835
v 0.016416 0.001539 -0.064255
v 0.015629 0.000606 -0.060136
v 0.005324 0.001893 -0.091192
v 0.004865 -0.000524 -0.089055
v 0.007949 0.003408 -0.090603
v 0.005674 0.004794 -0.092634
v 0.002547 0.000594 -0.090510
v 0.008125 0.003871 -0.046208
v 0.007987 0.003939 -0.045958
v 0.007637 0.003449 -0.045328
v 0.007836 0.003323 -0.045754
v 0.006616 0.003615 -0.043491
v 0.006572 0.002813 -0.043019
v 0.006905 0.003208 -0.043862
v 0.007157 0.003981 -0.044539
v 0.007043 0.003140 -0.044113
v 0.007376 0.003583 -0.044842
v 0.007440 0.003232 -0.044933
v 0.007539 0.003169 -0.045146
v 0.008080 0.003534 -0.046194
v 0.007973 0.003206 -0.046119
v 0.007040 0.002993 -0.044067
v 0.007925 0.004131 -0.045853
v 0.007764 0.003186 -0.045640
v 0.007086 0.004082 -0.044448
v 0.007402 0.003090 -0.044854
v 0.007515 0.003099 -0.045101
v 0.007039 0.002957 -0.044056
v 0.007906 0.004180 -0.045823
v 0.007746 0.003152 -0.045612
v 0.007067 0.004108 -0.044424
v 0.007393 0.003054 -0.044834
v 0.007508 0.003081 -0.045089
v 0.007901 0.004192 -0.045815
v 0.007039 0.002947 -0.044053
v 0.007741 0.003144 -0.045605
v 0.007062 0.004114 -0.044418
v 0.007390 0.003046 -0.044829
v 0.007507 0.003077 -0.045087
v 0.007899 0.004195 -0.045813
v 0.007039 0.002945 -0.044052
v 0.007740 0.003142 -0.045603
v 0.007061 0.004116 -0.044416
v 0.007390 0.003043 -0.044828
v 0.007506 0.003076 -0.045086
v 0.014434 0.001882 -0.056170
v 0.012438 0.001261 -0.052649
v 0.012654 0.004272 -0.051082
v 0.012349 0.004429 -0.050788
v 0.012158 0.004239 -0.050700
v 0.012046 0.004568 -0.050523
v 0.011754 0.004436 -0.050327
v 0.011774 0.003889 -0.050475
v 0.010860 0.004359 -0.049593
v 0.010565 0.004066 -0.049285
v 0.011163 0.004220 -0.049858
v 0.010560 0.004481 -0.049357
v 0.010160 0.004263 -0.048912
v 0.010264 0.004012 -0.048959
v 0.009959 0.004169 -0.048665
v 0.012783 0.004664 -0.051018
v 0.011170 0.003973 -0.049888
v 0.011021 0.003933 -0.049747
v 0.011308 0.004389 -0.049974
v 0.011157 0.004454 -0.049850
v 0.011305 0.004507 -0.049969
v 0.011005 0.004620 -0.049748
v 0.009350 0.004202 -0.047970
v 0.009502 0.004126 -0.048114
v 0.009656 0.004308 -0.048400
v 0.010708 0.004716 -0.049556
v 0.010060 0.004484 -0.048916
v 0.010261 0.004586 -0.049150
v 0.009810 0.004491 -0.048686
v 0.012149 0.003880 -0.050818
v 0.011638 0.003549 -0.050452
v 0.010570 0.003838 -0.049283
v 0.010950 0.003790 -0.049691
v 0.012114 0.004738 -0.050535
v 0.010190 0.003895 -0.048860
v 0.011746 0.004690 -0.050287
v 0.011526 0.004594 -0.050135
v 0.011376 0.004651 -0.050025
v 0.009883 0.004065 -0.048544
v 0.009431 0.004401 -0.048220
v 0.010012 0.004582 -0.048938
v 0.009964 0.004673 -0.048973
v 0.009583 0.004456 -0.048433
v 0.010112 0.004631 -0.049058
v 0.010336 0.004690 -0.049272
v 0.009661 0.004541 -0.048587
v 0.010189 0.004729 -0.049190
v 0.010041 0.004764 -0.049116
v 0.009817 0.004710 -0.048895
v 0.009513 0.004586 -0.048494
v 0.009670 0.004742 -0.048824
v 0.009444 0.004699 -0.048585
v 0.009523 0.004770 -0.048761
v 0.011604 0.003465 -0.050446
v 0.012816 0.004762 -0.051002
v 0.011104 0.003694 -0.049867
v 0.010914 0.003718 -0.049663
v 0.009846 0.004013 -0.048483
v 0.009655 0.004046 -0.048265
v 0.011227 0.004703 -0.049921
v 0.011411 0.004722 -0.050053
v 0.009464 0.004081 -0.048042
v 0.011041 0.004686 -0.049787
v 0.011078 0.004751 -0.049825
v 0.010745 0.004775 -0.049605
v 0.009238 0.004313 -0.047917
v 0.009120 0.004196 -0.047669
v 0.009127 0.004413 -0.047881
v 0.010374 0.004742 -0.049332
v 0.010448 0.004723 -0.049373
v 0.009251 0.004612 -0.048279
v 0.009285 0.004556 -0.048233
v 0.009782 0.004767 -0.048939
v 0.009709 0.004781 -0.048907
v 0.010534 0.003773 -0.049244
v 0.010897 0.003682 -0.049649
v 0.012131 0.004780 -0.050538
v 0.010171 0.003866 -0.048835
v 0.011763 0.004729 -0.050295
v 0.011780 0.004768 -0.050304
v 0.011596 0.004744 -0.050180
v 0.009827 0.003987 -0.048453
v 0.011429 0.004758 -0.050066
v 0.009100 0.004177 -0.047628
v 0.010503 0.004607 -0.049357
v 0.009357 0.004482 -0.048221
v 0.010227 0.004778 -0.049256
v 0.010393 0.004768 -0.049362
v 0.008994 0.004439 -0.047752
v 0.009189 0.004515 -0.048076
v 0.010061 0.004787 -0.049152
v 0.009314 0.004706 -0.048488
v 0.011596 0.003443 -0.050444
v 0.012824 0.004786 -0.050998
v 0.011069 0.003619 -0.049845
v 0.010888 0.003664 -0.049642
v 0.009817 0.003974 -0.048438
v 0.009636 0.004021 -0.048231
v 0.011262 0.004771 -0.049955
v 0.011438 0.004776 -0.050073
v 0.009454 0.004069 -0.048024
v 0.011087 0.004767 -0.049835
v 0.011096 0.004783 -0.049845
v 0.010754 0.004789 -0.049618
v 0.010486 0.004776 -0.049431
v 0.010403 0.004781 -0.049378
v 0.009154 0.004572 -0.048120
v 0.009185 0.004619 -0.048225
v 0.009719 0.004791 -0.048928
v 0.010525 0.003756 -0.049234
v 0.010883 0.003655 -0.049639
v 0.012135 0.004791 -0.050538
v 0.010166 0.003858 -0.048829
v 0.011785 0.004778 -0.050306
v 0.011789 0.004788 -0.050308
v 0.011613 0.004782 -0.050191
v 0.009813 0.003967 -0.048430
v 0.011442 0.004785 -0.050077
v 0.009095 0.004172 -0.047618
v 0.010236 0.004790 -0.049273
v 0.010407 0.004788 -0.049385
v 0.008961 0.004446 -0.047719
v 0.010065 0.004792 -0.049161
v 0.009281 0.004707 -0.048464
v 0.011594 0.003438 -0.050444
v 0.012826 0.004792 -0.050997
v 0.011060 0.003600 -0.049839
v 0.010881 0.003651 -0.049637
v 0.009810 0.003964 -0.048426
v 0.009631 0.004015 -0.048223
v 0.011271 0.004788 -0.049963
v 0.011445 0.004790 -0.050079
v 0.009452 0.004066 -0.048020
v 0.011098 0.004787 -0.049847
v 0.011100 0.004791 -0.049850
v 0.010756 0.004793 -0.049621
v 0.010495 0.004790 -0.049445
v 0.010410 0.004791 -0.049389
v 0.009121 0.004577 -0.048092
v 0.009169 0.004621 -0.048211
v 0.009721 0.004793 -0.048933
v 0.010523 0.003752 -0.049232
v 0.010880 0.003648 -0.049636
v 0.012136 0.004793 -0.050539
v 0.010165 0.003856 -0.048827
v 0.011790 0.004790 -0.050309
v 0.011791 0.004793 -0.050309
v 0.011618 0.004791 -0.050194
v 0.009809 0.003962 -0.048424
v 0.011446 0.004792 -0.050080
v 0.009094 0.004171 -0.047615
v 0.010239 0.004793 -0.049277
v 0.010411 0.004793 -0.049391
v 0.008953 0.004448 -0.047711
v 0.010067 0.004794 -0.049163
v 0.009273 0.004708 -0.048458
v 0.011593 0.003437 -0.050444
v 0.012827 0.004794 -0.050997
v 0.011058 0.003595 -0.049838
v 0.010880 0.003647 -0.049636
v 0.009808 0.003961 -0.048424
v 0.011446 0.004793 -0.050080
v 0.009630 0.004014 -0.048221
v 0.011274 0.004793 -0.049965
v 0.009451 0.004066 -0.048019
v 0.011101 0.004792 -0.049850
v 0.011102 0.004793 -0.049851
v 0.010757 0.004794 -0.049622
v 0.010497 0.004793 -0.049449
v 0.010411 0.004793 -0.049392
v 0.009113 0.004578 -0.048085
v 0.009165 0.004621 -0.048208
v 0.009722 0.004794 -0.048934
v 0.011057 0.002164 -0.050468
v 0.011479 0.002143 -0.050975
v 0.011378 0.002927 -0.050453
v 0.010542 0.002940 -0.049510
v 0.010210 0.003415 -0.048975
v 0.009696 0.002991 -0.048473
v 0.010048 0.003639 -0.048738
v 0.009649 0.003436 -0.048315
v 0.009628 0.003650 -0.048255
v 0.009206 0.003671 -0.047748
v 0.012258 0.002548 -0.051596
v 0.011539 0.003309 -0.050446
v 0.009520 0.002666 -0.048340
v 0.009390 0.003967 -0.047951
v 0.009180 0.003974 -0.047706
v 0.010976 0.001973 -0.050472
v 0.010465 0.003638 -0.049198
v 0.010136 0.003802 -0.048805
v 0.008582 0.003571 -0.046959
v 0.011580 0.003405 -0.050444
v 0.009476 0.002585 -0.048307
v 0.009436 0.004041 -0.048001
v 0.010956 0.001925 -0.050472
v 0.010508 0.003723 -0.049223
v 0.010158 0.003842 -0.048821
v 0.011590 0.003428 -0.050444
v 0.009465 0.002565 -0.048299
v 0.009447 0.004059 -0.048014
v 0.010951 0.001913 -0.050473
v 0.010518 0.003744 -0.049229
v 0.010163 0.003852 -0.048825
v 0.011592 0.003434 -0.050444
v 0.009462 0.002560 -0.048297
v 0.009450 0.004064 -0.048017
v 0.010950 0.001910 -0.050473
v 0.010521 0.003749 -0.049230
v 0.010164 0.003855 -0.048826
v 0.011593 0.003436 -0.050444
v 0.009462 0.002558 -0.048296
v 0.009451 0.004065 -0.048018
v 0.005163 0.000554 -0.041062
v 0.006235 0.002899 -0.041064
v 0.005843 0.004003 -0.041063
v 0.002971 0.004763 -0.041066
v 0.006374 0.001556 -0.043019
v 0.006050 0.001742 -0.041063
v 0.009278 -0.001976 -0.083385
v 0.008596 -0.001796 -0.084684
v 0.011996 -0.001230 -0.081781
v 0.008942 -0.002619 -0.082239
v 0.009787 -0.002175 -0.082266
v 0.010805 -0.001712 -0.082114
v 0.010122 -0.002394 -0.081328
v 0.008709 -0.002517 -0.082776
v 0.009132 -0.002726 -0.081747
v 0.010994 -0.001819 -0.081622
v 0.010667 -0.002222 -0.081067
v 0.010690 -0.000696 -0.084260
v 0.011894 -0.002567 -0.077046
v 0.014236 -0.001178 -0.075884
v 0.012039 -0.002049 -0.078492
v 0.012073 -0.001603 -0.080070
v 0.013712 -0.000385 -0.079436
v 0.014017 -0.000776 -0.077586
v 0.014863 -0.000141 -0.077099
v 0.013093 -0.002286 -0.072167
v 0.014566 -0.001361 -0.068526
v 0.012984 -0.002205 -0.064418
v 0.014005 -0.001020 -0.060181
v 0.011454 -0.002214 -0.058565
v 0.011410 -0.001479 -0.056692
v 0.011299 -0.000787 -0.054819
v 0.011121 -0.000136 -0.052945
v 0.013298 0.000178 -0.056478
v 0.006384 0.000864 -0.044585
v 0.007375 0.001613 -0.045989
v 0.007074 0.002297 -0.044536
v 0.009587 0.000177 -0.050673
v 0.008163 0.000494 -0.048409
v 0.008475 -0.000069 -0.049613
v 0.009736 -0.000105 -0.051275
v 0.008731 -0.000634 -0.050814
v 0.007471 -0.000310 -0.048560
v 0.007336 -0.000028 -0.047959
v 0.007187 0.000254 -0.047358
v 0.009454 -0.000936 -0.052243
v 0.008239 0.001842 -0.047168
v 0.008506 0.001562 -0.047734
v 0.008726 0.001725 -0.047926
v 0.008763 0.001285 -0.048306
v 0.009182 0.002049 -0.048300
v 0.009076 0.001354 -0.048684
v 0.009727 0.001486 -0.049426
v 0.010413 0.001608 -0.050146
v 0.010232 0.000935 -0.050575
v 0.010770 0.001666 -0.050498
v 0.010763 0.001237 -0.050905
v 0.011037 0.001386 -0.051064
v 0.011295 0.001109 -0.051636
v 0.009392 0.002431 -0.048297
v 0.009962 0.000569 -0.050614
v 0.008659 0.001094 -0.048307
v 0.010905 0.001849 -0.050479
v 0.009444 0.002526 -0.048296
v 0.009895 0.000478 -0.050623
v 0.008633 0.001046 -0.048307
v 0.010938 0.001894 -0.050474
v 0.009457 0.002550 -0.048296
v 0.009878 0.000455 -0.050626
v 0.008626 0.001034 -0.048307
v 0.010947 0.001906 -0.050473
v 0.009460 0.002556 -0.048296
v 0.009874 0.000449 -0.050626
v 0.008624 0.001031 -0.048308
v 0.010949 0.001909 -0.050473
v 0.009461 0.002557 -0.048296
v 0.009873 0.000448 -0.050626
v 0.004435 -0.002268 -0.086336
v 0.002164 -0.003107 -0.085145
v 0.002325 -0.001532 -0.088037
v 0.002962 0.004763 -0.040959
v 0.005825 0.004002 -0.040957
v 0.001879 -0.000169 -0.040958
v 0.003747 0.000099 -0.040958
v 0.005151 0.000564 -0.040957
v 0.006220 0.002903 -0.040958
v 0.006036 0.001749 -0.040957
v 0.002919 0.004654 -0.040909
v 0.005744 0.003920 -0.040916
v 0.001851 -0.000057 -0.040912
v 0.003691 0.000207 -0.040913
v 0.005052 0.000647 -0.040916
v 0.006099 0.002874 -0.040916
v 0.005922 0.001783 -0.040917
v 0.005447 0.004670 -0.091704
v 0.005221 0.004546 -0.090774
v 0.010274 0.004670 -0.089054
v 0.009847 0.004546 -0.088234
v 0.004650 0.004670 -0.047640
v 0.009033 0.004671 -0.049479
v 0.008689 0.004547 -0.050252
v 0.004482 0.004546 -0.048551
v 0.002367 0.004732 -0.046637
v 0.002283 0.004608 -0.047678
v 0.017180 0.004666 -0.068526
v 0.016814 0.004667 -0.076908
v 0.016428 0.004539 -0.068526
v 0.016070 0.004541 -0.076582
v 0.013821 0.004670 -0.084841
v 0.013236 0.004545 -0.084187
v 0.012973 0.004670 -0.052173
v 0.012428 0.004547 -0.052891
v 0.016639 0.004668 -0.059870
v 0.015905 0.004541 -0.060272
v 0.004262 0.002437 -0.049600
v 0.008347 0.002664 -0.051036
v 0.006445 0.003548 -0.049860
v 0.002045 0.000918 -0.050052
v 0.002186 0.003459 -0.048693
v 0.002336 0.000903 -0.089021
v 0.004929 0.002425 -0.089634
v 0.002537 0.003456 -0.090587
v 0.009355 0.002594 -0.087350
v 0.007338 0.003528 -0.088998
v 0.014606 0.001108 -0.064762
v 0.015062 0.002516 -0.060674
v 0.015583 0.002400 -0.068526
v 0.014361 0.000332 -0.066684
v 0.013348 0.000768 -0.059445
v 0.012946 0.001481 -0.057521
v 0.012471 0.002147 -0.055552
v 0.011924 0.002767 -0.053538
v 0.013830 0.003593 -0.056844
v 0.013524 0.000511 -0.077670
v 0.015211 0.002491 -0.076283
v 0.013293 0.001292 -0.079593
v 0.013002 0.002032 -0.081574
v 0.012651 0.002731 -0.083612
v 0.014292 0.003577 -0.080166
v 0.014648 0.001022 -0.072285
v 0.015823 0.003492 -0.072479
v 0.008739 0.000772 -0.052704
v 0.009778 0.001507 -0.052919
v 0.010840 0.002172 -0.053197
v 0.010347 0.003631 -0.051929
v 0.010522 0.001373 -0.084866
v 0.011272 0.003604 -0.085846
v 0.003989 0.004436 -0.033701
v 0.002945 0.004763 -0.040678
v 0.002429 0.004770 -0.026712
v 0.004792 0.004209 -0.026734
v 0.005791 0.004002 -0.040679
v 0.000000 0.004763 -0.040678
v 0.000000 0.004770 -0.026698
v 0.005083 0.000524 0.055937
v 0.004015 0.001013 0.055541
v 0.005320 -0.000459 0.057956
v 0.006173 0.000020 0.056082
v 0.005581 0.000442 0.055764
v 0.005287 0.000651 0.055579
v 0.007326 -0.000076 0.055249
v 0.006983 0.000531 0.054711
v 0.006583 0.000272 0.055334
v 0.005851 0.000612 0.055307
v 0.005488 0.000780 0.055252
v 0.007596 0.000095 0.054792
v 0.007701 -0.000252 0.055164
v 0.007905 -0.000125 0.054806
v 0.008106 0.000003 0.054479
v 0.009251 -0.000540 0.053995
v 0.006516 -0.000360 0.056497
v 0.006429 0.000789 0.054733
v 0.006623 0.000923 0.054485
v 0.007932 0.000535 0.054098
v 0.007371 0.000799 0.054215
v 0.007880 -0.000448 0.055277
v 0.005317 0.000970 0.055045
v 0.006057 0.000850 0.054853
v 0.007092 0.000929 0.054249
v 0.007187 0.000997 0.054149
v 0.007561 0.000935 0.054013
v 0.007842 0.000803 0.053955
v 0.007748 0.001074 0.053844
v 0.006601 -0.000455 0.056601
v 0.006252 0.000984 0.054597
v 0.006534 0.001021 0.054428
v 0.008544 0.000133 0.053995
v 0.007925 -0.000497 0.055306
v 0.005274 0.001017 0.054993
v 0.005925 0.000995 0.054733
v 0.007141 0.001047 0.054132
v 0.008147 0.000603 0.053912
v 0.006623 -0.000478 0.056627
v 0.005903 0.001019 0.054713
v 0.006207 0.001032 0.054562
v 0.008698 0.000031 0.053958
v 0.006511 0.001045 0.054414
v 0.007937 -0.000509 0.055313
v 0.005263 0.001029 0.054980
v 0.005893 0.001031 0.054703
v 0.008223 0.000552 0.053899
v 0.007130 0.001060 0.054128
v 0.006628 -0.000484 0.056633
v 0.005887 0.001037 0.054698
v 0.006196 0.001044 0.054554
v 0.008737 0.000006 0.053948
v 0.006506 0.001051 0.054411
v 0.007939 -0.000512 0.055315
v 0.005260 0.001032 0.054977
v 0.005884 0.001040 0.054695
v 0.008242 0.000540 0.053895
v 0.007127 0.001063 0.054127
v 0.006630 -0.000486 0.056635
v 0.005883 0.001042 0.054694
v 0.006194 0.001047 0.054552
v 0.008747 -0.000000 0.053945
v 0.006504 0.001053 0.054410
v 0.001085 0.000669 0.056972
v 0.000000 0.001047 0.056350
v 0.002334 0.000292 0.057447
v 0.003745 -0.000084 0.057775
v 0.000000 -0.000432 0.059939
v 0.000604 0.000119 0.058400
v 0.003941 0.000465 0.056603
v 0.006727 -0.004869 0.053579
v 0.008141 -0.004702 0.053924
v 0.004652 -0.005022 0.057510
v 0.005387 -0.005064 0.053049
v 0.004121 -0.005287 0.052333
v 0.002928 -0.005538 0.051430
v 0.005567 -0.005053 0.051727
v 0.006821 -0.004865 0.052908
v 0.005827 -0.004993 0.049331
v 0.004215 -0.005283 0.051661
v 0.003166 -0.005172 0.056434
v 0.000000 -0.005131 0.059490
v 0.001055 -0.005214 0.057321
v 0.001895 -0.005309 0.055255
v 0.002519 -0.005417 0.053292
v 0.000840 -0.005433 0.053974
v 0.000501 -0.005277 0.056694
v 0.000000 -0.005544 0.052590
v 0.003505 -0.005225 0.055439
v 0.001179 -0.005485 0.052979
v 0.007135 0.002174 -0.010359
v 0.005758 0.002995 -0.026759
v 0.006069 0.003503 -0.010359
v 0.003674 -0.000583 -0.026806
v 0.006349 -0.001010 -0.010359
v 0.004547 -0.001614 -0.010359
v 0.005208 0.000028 -0.026804
v 0.003087 -0.001265 -0.018581
v 0.002281 -0.001962 -0.010359
v 0.001845 -0.000902 -0.026799
v 0.001032 -0.001538 -0.018577
v 0.000000 -0.002187 -0.010359
v 0.000000 -0.001101 -0.026792
v 0.000740 0.004227 -0.014444
v 0.000000 0.004044 -0.010359
v 0.003135 0.004051 -0.010359
v 0.002219 0.004229 -0.014446
v 0.001391 0.004409 -0.018532
v 0.001954 0.004590 -0.022621
v 0.000651 0.004589 -0.022616
v 0.000000 -0.000331 -0.040679
v 0.001873 -0.000162 -0.040679
v 0.004106 0.004133 -0.018541
v 0.003734 0.000107 -0.040679
v 0.004438 0.000032 -0.033742
v 0.005134 0.000574 -0.040678
v 0.005639 0.003334 -0.031393
v 0.005253 0.003939 -0.031385
v 0.005629 0.003503 -0.033713
v 0.005939 0.003069 -0.036037
v 0.005650 0.003670 -0.036033
v 0.005938 0.003153 -0.037197
v 0.006174 0.002805 -0.040678
v 0.005832 0.003032 -0.031397
v 0.005506 0.003971 -0.036031
v 0.005157 0.004090 -0.031383
v 0.006011 0.002919 -0.036038
v 0.005881 0.002957 -0.031398
v 0.005470 0.004046 -0.036031
v 0.005133 0.004127 -0.031382
v 0.006029 0.002881 -0.036039
v 0.005893 0.002938 -0.031399
v 0.005461 0.004065 -0.036031
v 0.005127 0.004137 -0.031382
v 0.006034 0.002872 -0.036039
v 0.005896 0.002933 -0.031399
v 0.005459 0.004070 -0.036031
v 0.005125 0.004139 -0.031382
v 0.006035 0.002869 -0.036039
v 0.005896 0.002932 -0.031399
v 0.005458 0.004071 -0.036031
v 0.006404 -0.003468 0.057795
v 0.005870 -0.003051 0.059591
v 0.006025 -0.003657 0.058075
v 0.006335 -0.003732 0.057442
v 0.006780 -0.003278 0.057486
v 0.006838 -0.003480 0.057050
v 0.006201 -0.004261 0.056783
v 0.006960 -0.003881 0.056251
v 0.005432 -0.004641 0.057203
v 0.007092 -0.004282 0.055553
v 0.007709 -0.003503 0.055607
v 0.007595 -0.004030 0.055161
v 0.008448 -0.003126 0.054850
v 0.007161 -0.004482 0.055241
v 0.007539 -0.004293 0.054961
v 0.007915 -0.004104 0.054653
v 0.005344 -0.004339 0.057849
v 0.007983 -0.003014 0.055790
v 0.005912 -0.004752 0.056432
v 0.006296 -0.004562 0.056222
v 0.008551 -0.003426 0.054373
v 0.009177 -0.002750 0.053980
v 0.007649 -0.004593 0.054554
v 0.006924 -0.003033 0.057662
v 0.006780 -0.004672 0.055493
v 0.007024 -0.004727 0.055150
v 0.008052 -0.002891 0.055835
v 0.005839 -0.004875 0.056344
v 0.007582 -0.004715 0.054530
v 0.006960 -0.002971 0.057706
v 0.006711 -0.004795 0.055437
v 0.006990 -0.004788 0.055127
v 0.008069 -0.002861 0.055847
v 0.005821 -0.004905 0.056322
v 0.006969 -0.002956 0.057717
v 0.006981 -0.004804 0.055121
v 0.008073 -0.002853 0.055850
v 0.005817 -0.004913 0.056317
v 0.006972 -0.002952 0.057720
v 0.006979 -0.004808 0.055120
v 0.008074 -0.002851 0.055850
v 0.005816 -0.004915 0.056315
v 0.006598 -0.002352 0.057883
v 0.006272 -0.002158 0.058202
v 0.006642 -0.002001 0.057575
v 0.006915 -0.002540 0.057540
v 0.007071 -0.002255 0.057133
v 0.007404 -0.001700 0.056380
v 0.006744 -0.001308 0.056997
v 0.006049 -0.000894 0.057522
v 0.007769 -0.001164 0.055709
v 0.008030 -0.002071 0.055672
v 0.008198 -0.001418 0.055268
v 0.008621 -0.002421 0.054872
v 0.007963 -0.000903 0.055404
v 0.008289 -0.001096 0.055085
v 0.008606 -0.001285 0.054742
v 0.005813 -0.001319 0.058125
v 0.007768 -0.002481 0.056206
v 0.008064 -0.002656 0.055806
v 0.006658 -0.000692 0.056726
v 0.007006 -0.000898 0.056463
v 0.008909 -0.002028 0.054407
v 0.008598 -0.000716 0.054677
v 0.006958 -0.002848 0.057676
v 0.008625 -0.002705 0.054904
v 0.007628 -0.000704 0.055701
v 0.007946 -0.000611 0.055337
v 0.007791 -0.002777 0.056290
v 0.008072 -0.002802 0.055839
v 0.006637 -0.000538 0.056658
v 0.008596 -0.000574 0.054660
v 0.006969 -0.002925 0.057709
v 0.007617 -0.000556 0.055659
v 0.007942 -0.000538 0.055321
v 0.006632 -0.000499 0.056641
v 0.008596 -0.000539 0.054656
v 0.007614 -0.000519 0.055649
v 0.007941 -0.000519 0.055317
v 0.006630 -0.000489 0.056637
v 0.008596 -0.000530 0.054655
v 0.007613 -0.000510 0.055646
v 0.007940 -0.000515 0.055315
v 0.006630 -0.000487 0.056636
v 0.008596 -0.000528 0.054655
v 0.001239 -0.004595 0.059742
v 0.002631 -0.004070 0.059843
v 0.004174 -0.003555 0.059793
v 0.000000 -0.003074 0.062781
v 0.000677 -0.003839 0.061205
v 0.004470 -0.004293 0.058595
v 0.000917 -0.001314 0.060489
v 0.001896 -0.002191 0.060904
v 0.001364 -0.001096 0.060078
v 0.003852 -0.002624 0.060315
v 0.003669 -0.001320 0.059296
v 0.002797 -0.001754 0.060067
v 0.001804 -0.000878 0.059684
v 0.004299 -0.002406 0.059904
v 0.004739 -0.002188 0.059511
v 0.006147 0.000234 -0.018577
v 0.005839 0.001446 -0.026785
v 0.007190 0.000471 -0.010359
v 0.006481 0.001771 -0.018565
v 0.005517 0.000907 -0.033736
v 0.005633 0.001155 -0.036049
v 0.005885 0.001582 -0.040678
v 0.005868 0.001971 -0.031410
v 0.005914 0.002207 -0.033725
v 0.005980 0.002424 -0.036041
v 0.005897 0.001758 -0.036046
v 0.009025 0.000468 0.037452
v 0.009203 -0.001568 0.036381
v 0.009203 -0.001565 0.036328
v 0.009026 0.000465 0.037505
v 0.009026 0.000462 0.037592
v 0.009204 -0.001574 0.036522
v 0.009204 -0.001572 0.036468
v 0.009026 0.000460 0.037646
v 0.008206 -0.003661 0.036147
v 0.008206 -0.003658 0.036094
v 0.008207 -0.003667 0.036288
v 0.008206 -0.003665 0.036234
v 0.007984 0.001429 0.039302
v 0.007985 0.001426 0.039355
v 0.007985 0.001423 0.039442
v 0.007985 0.001421 0.039497
v 0.005803 -0.004418 0.036094
v 0.005804 -0.004421 0.036147
v 0.005804 -0.004425 0.036234
v 0.005804 -0.004427 0.036288
v 0.002910 -0.004838 0.036094
v 0.002911 -0.004840 0.036147
v 0.002911 -0.004844 0.036234
v 0.002911 -0.004846 0.036288
v 0.000000 -0.005110 0.036094
v 0.000000 -0.005113 0.036147
v 0.000000 -0.005117 0.036234
v 0.000000 -0.005119 0.036288
v 0.000000 0.002133 0.044858
v 0.000000 0.002131 0.044914
v 0.004894 0.002194 0.043377
v 0.004893 0.002196 0.043322
v 0.000000 0.002127 0.045001
v 0.000000 0.002125 0.045060
v 0.004893 0.002188 0.043521
v 0.004894 0.002190 0.043464
v 0.006416 0.001743 0.041430
v 0.004868 0.002055 0.043418
v 0.007918 0.001305 0.039394
v 0.006416 0.001745 0.041386
v 0.000000 0.001992 0.044952
v 0.002878 -0.004707 0.036197
v 0.000000 -0.004978 0.036197
v 0.005738 -0.004294 0.036197
v 0.008090 -0.003565 0.036196
v 0.008685 0.000651 0.038031
v 0.008906 0.000411 0.037566
v 0.008739 0.000685 0.038047
v 0.008225 0.001157 0.038969
v 0.008185 0.001107 0.038948
v 0.008548 0.000756 0.038256
v 0.008459 0.000900 0.038499
v 0.008623 0.000813 0.038282
v 0.008482 0.000921 0.038508
v 0.008435 0.000879 0.038489
v 0.008305 0.001116 0.038861
v 0.008232 0.001032 0.038825
v 0.008665 0.000790 0.038227
v 0.008569 0.000721 0.038196
v 0.008325 0.001106 0.038834
v 0.008243 0.001013 0.038795
v 0.008676 0.000784 0.038213
v 0.008575 0.000712 0.038181
v 0.008330 0.001103 0.038828
v 0.008246 0.001009 0.038787
v 0.008678 0.000783 0.038210
v 0.008576 0.000710 0.038177
v 0.008332 0.001103 0.038826
v 0.008247 0.001007 0.038785
v 0.008679 0.000782 0.038209
v 0.008576 0.000709 0.038176
v 0.008685 0.000652 0.038009
v 0.008739 0.000688 0.037982
v 0.008299 0.000982 0.038703
v 0.008459 0.000902 0.038455
v 0.008364 0.001054 0.038668
v 0.008694 0.000761 0.038087
v 0.008603 0.000695 0.038134
v 0.008260 0.001001 0.038764
v 0.008340 0.001093 0.038721
v 0.008683 0.000779 0.038113
v 0.008583 0.000706 0.038165
v 0.008250 0.001006 0.038780
v 0.008334 0.001103 0.038734
v 0.008680 0.000784 0.038120
v 0.008578 0.000708 0.038173
v 0.008248 0.001007 0.038784
v 0.008332 0.001105 0.038738
v 0.008679 0.000785 0.038122
v 0.008577 0.000709 0.038175
v 0.008332 0.001106 0.038738
v 0.008247 0.001007 0.038784
v 0.009069 -0.001540 0.036434
v 0.009051 -0.000560 0.037015
v 0.009051 -0.000558 0.036972
v 0.000000 0.004763 -0.040786
v 0.002951 0.004763 -0.040786
v 0.005802 0.004002 -0.040785
v 0.000000 -0.000331 -0.040785
v 0.001875 -0.000161 -0.040785
v 0.003738 0.000107 -0.040785
v 0.005138 0.000573 -0.040785
v 0.006180 0.002803 -0.040785
v 0.005890 0.001580 -0.040785
v 0.002914 0.004654 -0.040838
v 0.000000 0.004653 -0.040837
v 0.005734 0.003921 -0.040847
v 0.001849 -0.000054 -0.040842
v 0.000000 -0.000221 -0.040842
v 0.003687 0.000210 -0.040843
v 0.005047 0.000651 -0.040846
v 0.006067 0.002768 -0.040847
v 0.005776 0.001604 -0.040847
v 0.007699 0.000968 -0.002678
v 0.008218 0.001549 0.005007
v 0.008253 -0.000321 0.004998
v 0.007270 -0.000696 -0.002681
v 0.007290 -0.001923 0.004996
v 0.005014 0.003536 -0.002649
v 0.003799 0.003579 0.005086
v 0.007055 0.003012 0.005037
v 0.000000 0.003569 0.005105
v 0.001230 -0.002573 -0.002681
v 0.000000 -0.003194 0.004998
v 0.002639 -0.002947 0.004997
v 0.003682 -0.002272 -0.002681
v 0.005261 -0.002566 0.004997
v 0.005862 -0.001778 -0.002681
v 0.007119 0.002559 -0.002668
v 0.008666 0.001133 0.015599
v 0.008916 -0.001086 0.020246
v 0.008694 -0.000818 0.015585
v 0.008893 0.000921 0.020254
v 0.007697 -0.002497 0.015583
v 0.007896 -0.002814 0.020244
v 0.000000 -0.003828 0.015585
v 0.002863 -0.003919 0.020245
v 0.000000 -0.004187 0.020245
v 0.002796 -0.003571 0.015584
v 0.001359 -0.003385 0.010291
v 0.005574 -0.003169 0.015583
v 0.005710 -0.003506 0.020245
v 0.007683 0.002522 0.020281
v 0.007475 0.002679 0.015647
v 0.008911 -0.001333 0.024915
v 0.008921 0.000656 0.024915
v 0.007890 -0.003040 0.024915
v 0.007743 0.002258 0.024915
v 0.005710 -0.003730 0.024915
v 0.002863 -0.004143 0.024915
v 0.000000 -0.004415 0.024915
v 0.000000 0.003246 0.015724
v 0.004125 0.003258 0.015724
v 0.004413 0.002893 0.024915
v 0.004272 0.003111 0.020321
v 0.000000 0.003152 0.020557
v 0.000000 0.003070 0.022879
v 0.001647 0.003091 0.022194
v 0.002323 0.003148 0.020550
v 0.001638 0.003207 0.018911
v 0.000000 0.003233 0.018236
v 0.003803 0.003124 0.019661
v 0.004091 0.003140 0.019335
v 0.003783 0.003162 0.018571
v 0.003386 0.003199 0.017402
v 0.002786 0.003187 0.017711
v 0.003891 0.003207 0.017259
v 0.003348 0.003178 0.018030
v 0.004060 0.003196 0.017613
v 0.003342 0.003158 0.018603
v 0.003950 0.003093 0.020529
v 0.003973 0.003114 0.020015
v 0.004142 0.003113 0.020133
v 0.002341 0.003212 0.017001
v 0.002843 0.003240 0.016150
v 0.001728 0.003230 0.016433
v 0.000948 0.003241 0.016008
v 0.000000 0.003229 0.016573
v 0.000780 0.003226 0.016574
v 0.002877 0.003216 0.016877
v 0.002474 0.003247 0.015919
v 0.001846 0.003209 0.017089
v 0.000806 0.002947 0.024411
v 0.001004 0.002926 0.024747
v 0.001810 0.002937 0.024432
v 0.002994 0.002949 0.024036
v 0.002827 0.002986 0.023362
v 0.002418 0.002957 0.023970
v 0.003012 0.002919 0.024600
v 0.002634 0.002913 0.024776
v 0.000000 0.002924 0.024915
v 0.001891 0.002963 0.023942
v 0.000000 0.002947 0.024537
v 0.000477 0.002932 0.024718
v 0.003425 0.002996 0.022932
v 0.004060 0.002964 0.023488
v 0.003829 0.003064 0.021295
v 0.003865 0.003021 0.022282
v 0.004148 0.003059 0.021411
v 0.004221 0.002981 0.023080
v 0.003387 0.003019 0.022411
v 0.003989 0.003081 0.020887
v 0.002585 0.003239 0.017959
v 0.003666 0.003146 0.020546
v 0.003742 0.003147 0.020543
v 0.002638 0.003241 0.017897
v 0.003890 0.003090 0.020533
v 0.002732 0.003185 0.017780
v 0.000000 0.003281 0.016893
v 0.000000 0.003283 0.016808
v 0.000000 0.003227 0.016657
v 0.000000 0.003019 0.024306
v 0.002658 0.003054 0.023198
v 0.002600 0.003057 0.023140
v 0.000000 0.003023 0.024221
v 0.002764 0.002989 0.023300
v 0.000000 0.002952 0.024452
v 0.003820 0.002912 0.020532
v 0.002710 0.002815 0.023241
v 0.000000 0.002779 0.024370
v 0.000000 0.003049 0.016727
v 0.002686 0.003006 0.017832
v 0.008956 -0.000452 0.027880
v 0.008985 0.000439 0.031087
v 0.009008 -0.001571 0.030603
v 0.007990 -0.003367 0.030504
v 0.008601 -0.002541 0.033382
v 0.008378 0.001299 0.028256
v 0.007864 0.001843 0.032108
v 0.008465 0.001045 0.034987
v 0.005757 -0.004074 0.030504
v 0.002887 -0.004490 0.030504
v 0.000000 -0.004763 0.030504
v 0.006948 0.002317 0.026839
v 0.005298 0.002643 0.027090
v 0.006168 0.002385 0.029014
v 0.005403 0.002460 0.031440
v 0.004653 0.002544 0.034118
v 0.007023 0.002118 0.030687
v 0.006515 0.002447 0.025908
v 0.005833 0.002328 0.032308
v 0.006850 0.002087 0.032247
v 0.005508 0.002278 0.035791
v 0.006349 0.002003 0.037212
v 0.007099 0.001919 0.034535
v 0.007174 0.001720 0.038383
v 0.006680 0.002057 0.033855
v 0.006028 0.001955 0.040758
v 0.005669 0.002302 0.034026
v 0.000000 0.002528 0.034885
v 0.009135 -0.000871 0.041295
v 0.009150 -0.000163 0.045769
v 0.009162 -0.002206 0.045243
v 0.008687 -0.002878 0.040789
v 0.008174 -0.004064 0.045106
v 0.008202 0.000966 0.044592
v 0.007866 0.001247 0.046670
v 0.008507 0.000741 0.042396
v 0.008781 0.000573 0.040080
v 0.005818 -0.004769 0.044969
v 0.006407 -0.004674 0.046372
v 0.007579 -0.004374 0.046997
v 0.006990 -0.004632 0.048332
v 0.007568 -0.004641 0.050849
v 0.006701 -0.004552 0.045774
v 0.006697 -0.004741 0.048791
v 0.006406 -0.004838 0.049110
v 0.007276 -0.004751 0.051308
v 0.006116 -0.004922 0.049290
v 0.007436 -0.004316 0.045527
v 0.006260 -0.004655 0.045319
v 0.006551 -0.004880 0.050407
v 0.006628 -0.004538 0.045200
v 0.002337 0.001875 0.047204
v 0.000000 0.001586 0.050705
v 0.004454 0.001600 0.049531
v 0.002117 0.001312 0.053032
v 0.005647 0.001558 0.047511
v 0.006804 0.001469 0.045362
v 0.007412 0.001468 0.042494
v 0.006300 0.001614 0.044805
v 0.005397 0.001633 0.047241
v 0.007162 0.001543 0.042223
v 0.005813 0.001782 0.044312
v 0.005152 0.001714 0.046986
v 0.006917 0.001625 0.041969
v 0.006541 0.001105 0.053279
v 0.005370 0.001183 0.052843
v 0.006864 0.001128 0.052547
v 0.006654 0.001261 0.049886
v 0.006021 0.001234 0.051397
v 0.005218 0.001391 0.050391
v 0.005536 0.001408 0.049644
v 0.001458 -0.005144 0.040811
v 0.000000 -0.005361 0.045572
v 0.002921 -0.005249 0.045096
v 0.001462 -0.005423 0.048672
v 0.005100 -0.005069 0.048642
v 0.003651 -0.005334 0.049445
v 0.004374 -0.005137 0.047707
v 0.003647 -0.005197 0.046525
v 0.005096 -0.004949 0.046214
v 0.004014 -0.005301 0.049944
v 0.004733 -0.004980 0.045654
v -0.003989 0.004436 -0.033701
v -0.002945 0.004763 -0.040678
v -0.005791 0.004002 -0.040679
v -0.004792 0.004209 -0.026734
v -0.002429 0.004770 -0.026712
v -0.005964 -0.000103 0.056503
v -0.005319 -0.000459 0.057956
v -0.005529 0.000026 0.056617
v -0.005883 0.000106 0.056161
v -0.006401 -0.000233 0.056359
v -0.006464 -0.000066 0.055989
v -0.005716 0.000527 0.055529
v -0.006583 0.000272 0.055334
v -0.006692 0.000617 0.054790
v -0.007461 0.000009 0.055013
v -0.007274 0.000444 0.054618
v -0.006743 0.000792 0.054560
v -0.007178 0.000664 0.054447
v -0.007616 0.000533 0.054303
v -0.004766 0.000523 0.056142
v -0.004015 0.001013 0.055541
v -0.004860 0.000774 0.055598
v -0.007376 -0.000247 0.055463
v -0.007820 -0.000383 0.055240
v -0.008350 -0.000262 0.054567
v -0.005373 0.000907 0.055114
v -0.005802 0.000783 0.055079
v -0.006232 0.000658 0.055013
v -0.008428 0.000000 0.054212
v -0.009251 -0.000540 0.053995
v -0.007248 0.000931 0.054171
v -0.007466 0.000867 0.054110
v -0.007684 0.000802 0.054042
v -0.007748 0.001074 0.053844
v -0.006573 -0.000423 0.056566
v -0.006311 0.000919 0.054642
v -0.006563 0.000988 0.054447
v -0.008090 0.000535 0.053996
v -0.007910 -0.000481 0.055296
v -0.005288 0.001002 0.055010
v -0.005969 0.000947 0.054773
v -0.008669 -0.000002 0.054011
v -0.007156 0.001031 0.054138
v -0.006616 -0.000470 0.056618
v -0.005925 0.000995 0.054733
v -0.006222 0.001016 0.054574
v -0.006519 0.001037 0.054419
v -0.008209 0.000536 0.053920
v -0.007933 -0.000505 0.055310
v -0.005266 0.001025 0.054984
v -0.005903 0.001019 0.054713
v -0.008730 -0.000002 0.053961
v -0.007133 0.001055 0.054129
v -0.006626 -0.000482 0.056631
v -0.005892 0.001031 0.054703
v -0.006200 0.001040 0.054557
v -0.006507 0.001049 0.054412
v -0.008239 0.000536 0.053900
v -0.007938 -0.000511 0.055314
v -0.005261 0.001031 0.054978
v -0.005887 0.001037 0.054698
v -0.008745 -0.000002 0.053949
v -0.007128 0.001062 0.054127
v -0.006629 -0.000485 0.056634
v -0.005884 0.001040 0.054695
v -0.006194 0.001046 0.054552
v -0.006504 0.001052 0.054410
v -0.008246 0.000536 0.053896
v -0.007940 -0.000513 0.055315
v -0.005260 0.001033 0.054976
v -0.005883 0.001042 0.054694
v -0.008748 -0.000002 0.053945
v -0.007126 0.001063 0.054127
v -0.001085 0.000669 0.056972
v -0.002334 0.000292 0.057447
v -0.003745 -0.000084 0.057775
v -0.000604 0.000119 0.058400
v -0.003941 0.000465 0.056603
v -0.006727 -0.004869 0.053579
v -0.004652 -0.005022 0.057510
v -0.008141 -0.004702 0.053924
v -0.005387 -0.005064 0.053049
v -0.004121 -0.005287 0.052333
v -0.002928 -0.005538 0.051430
v -0.005567 -0.005053 0.051727
v -0.006821 -0.004865 0.052908
v -0.005827 -0.004993 0.049331
v -0.004215 -0.005283 0.051661
v -0.003166 -0.005172 0.056434
v -0.001055 -0.005214 0.057321
v -0.001895 -0.005309 0.055255
v -0.002519 -0.005417 0.053292
v -0.000840 -0.005433 0.053974
v -0.000501 -0.005277 0.056694
v -0.003505 -0.005225 0.055439
v -0.001179 -0.005485 0.052979
v -0.005939 0.003220 -0.018553
v -0.007135 0.002174 -0.010359
v -0.006069 0.003503 -0.010359
v -0.005758 0.002995 -0.026759
v -0.004944 -0.000795 -0.018582
v -0.004547 -0.001614 -0.010359
v -0.006349 -0.001010 -0.010359
v -0.005208 0.000028 -0.026804
v -0.003674 -0.000583 -0.026806
v -0.003087 -0.001265 -0.018581
v -0.001845 -0.000902 -0.026799
v -0.002281 -0.001962 -0.010359
v -0.001032 -0.001538 -0.018577
v -0.002218 0.004229 -0.014446
v -0.003134 0.004051 -0.010359
v -0.000739 0.004227 -0.014444
v -0.001391 0.004409 -0.018532
v -0.001954 0.004590 -0.022621
v -0.000651 0.004589 -0.022616
v -0.001873 -0.000162 -0.040679
v -0.004106 0.004133 -0.018541
v -0.003734 0.000107 -0.040679
v -0.004437 0.000032 -0.033742
v -0.005134 0.000574 -0.040678
v -0.005382 0.003737 -0.031388
v -0.005768 0.003133 -0.031396
v -0.005629 0.003503 -0.033713
v -0.005554 0.003871 -0.036032
v -0.005843 0.003269 -0.036036
v -0.005673 0.003754 -0.037194
v -0.006174 0.002805 -0.040678
v -0.005189 0.004039 -0.031384
v -0.005987 0.002969 -0.036038
v -0.005864 0.002982 -0.031398
v -0.005482 0.004021 -0.036031
v -0.005141 0.004115 -0.031383
v -0.006023 0.002894 -0.036038
v -0.005889 0.002944 -0.031399
v -0.005464 0.004059 -0.036031
v -0.005129 0.004134 -0.031382
v -0.006032 0.002875 -0.036039
v -0.005895 0.002935 -0.031399
v -0.005459 0.004068 -0.036031
v -0.005126 0.004138 -0.031382
v -0.006034 0.002870 -0.036039
v -0.005896 0.002933 -0.031399
v -0.005458 0.004070 -0.036031
v -0.005125 0.004140 -0.031382
v -0.006035 0.002869 -0.036039
v -0.005629 -0.004313 0.057494
v -0.005870 -0.003051 0.059591
v -0.006587 -0.003606 0.057252
v -0.006075 -0.004169 0.057105
v -0.005817 -0.004451 0.057007
v -0.006008 -0.004588 0.056549
v -0.006328 -0.004352 0.056475
v -0.006960 -0.003881 0.056251
v -0.007584 -0.003411 0.055928
v -0.007344 -0.004156 0.055363
v -0.007836 -0.003595 0.055298
v -0.007892 -0.003177 0.055729
v -0.008080 -0.003315 0.055242
v -0.008270 -0.003452 0.054784
v -0.009177 -0.002750 0.053980
v -0.007737 -0.004430 0.054587
v -0.006876 -0.003115 0.057604
v -0.006873 -0.004509 0.055568
v -0.007070 -0.004646 0.055180
v -0.008201 -0.004078 0.054298
v -0.008029 -0.002932 0.055820
v -0.005863 -0.004834 0.056373
v -0.007604 -0.004674 0.054538
v -0.006948 -0.002992 0.057691
v -0.006734 -0.004754 0.055456
v -0.007001 -0.004768 0.055134
v -0.008063 -0.002871 0.055843
v -0.005827 -0.004895 0.056329
v -0.007571 -0.004735 0.054525
v -0.006966 -0.002961 0.057713
v -0.006699 -0.004815 0.055427
v -0.006984 -0.004799 0.055123
v -0.008072 -0.002856 0.055849
v -0.005818 -0.004911 0.056318
v -0.006971 -0.002953 0.057719
v -0.006980 -0.004806 0.055120
v -0.008074 -0.002852 0.055850
v -0.005816 -0.004914 0.056316
v -0.006972 -0.002952 0.057720
v -0.006978 -0.004808 0.055119
v -0.006642 -0.002001 0.057575
v -0.006915 -0.002540 0.057540
v -0.006598 -0.002352 0.057883
v -0.007071 -0.002255 0.057133
v -0.006744 -0.001308 0.056997
v -0.007404 -0.001700 0.056380
v -0.006049 -0.000894 0.057522
v -0.007769 -0.001164 0.055709
v -0.008030 -0.002071 0.055672
v -0.008197 -0.001418 0.055268
v -0.008621 -0.002421 0.054872
v -0.007963 -0.000903 0.055404
v -0.008288 -0.001096 0.055085
v -0.008606 -0.001285 0.054742
v -0.005938 -0.001959 0.058499
v -0.007768 -0.002481 0.056206
v -0.008063 -0.002656 0.055806
v -0.006658 -0.000692 0.056726
v -0.007006 -0.000898 0.056463
v -0.008909 -0.002028 0.054407
v -0.008598 -0.000716 0.054677
v -0.006958 -0.002848 0.057676
v -0.008625 -0.002705 0.054904
v -0.007628 -0.000704 0.055701
v -0.007946 -0.000611 0.055337
v -0.007791 -0.002777 0.056290
v -0.008072 -0.002802 0.055839
v -0.006637 -0.000538 0.056658
v -0.008596 -0.000574 0.054660
v -0.006969 -0.002925 0.057709
v -0.007616 -0.000556 0.055659
v -0.007942 -0.000538 0.055321
v -0.008074 -0.002838 0.055848
v -0.006632 -0.000499 0.056641
v -0.008596 -0.000539 0.054656
v -0.006971 -0.002944 0.057718
v -0.007614 -0.000519 0.055649
v -0.007941 -0.000519 0.055317
v -0.008075 -0.002847 0.055850
v -0.006630 -0.000489 0.056637
v -0.008595 -0.000530 0.054655
v -0.006972 -0.002949 0.057720
v -0.007613 -0.000510 0.055646
v -0.007940 -0.000515 0.055315
v -0.008075 -0.002850 0.055850
v -0.006630 -0.000487 0.056636
v -0.008595 -0.000528 0.054655
v -0.001239 -0.004595 0.059742
v -0.002630 -0.004070 0.059843
v -0.004174 -0.003555 0.059793
v -0.000677 -0.003839 0.061205
v -0.004470 -0.004293 0.058595
v -0.001834 -0.001316 0.060091
v -0.002797 -0.001754 0.060067
v -0.003791 -0.002189 0.059975
v -0.003607 -0.000885 0.058956
v -0.004093 -0.001103 0.058936
v -0.004586 -0.001321 0.058898
v -0.006146 0.000234 -0.018577
v -0.007190 0.000471 -0.010359
v -0.005839 0.001446 -0.026785
v -0.006481 0.001771 -0.018565
v -0.005516 0.000907 -0.033736
v -0.005885 0.001582 -0.040678
v -0.005396 0.000774 -0.036052
v -0.005882 0.002452 -0.031405
v -0.005914 0.002207 -0.033725
v -0.005925 0.001980 -0.036044
v -0.006007 0.002646 -0.036040
v -0.009203 -0.001568 0.036381
v -0.009025 0.000465 0.037505
v -0.009025 0.000468 0.037452
v -0.009203 -0.001565 0.036328
v -0.009204 -0.001574 0.036522
v -0.009026 0.000460 0.037646
v -0.009026 0.000462 0.037592
v -0.009203 -0.001572 0.036468
v -0.008206 -0.003661 0.036147
v -0.008205 -0.003658 0.036094
v -0.008206 -0.003667 0.036288
v -0.008206 -0.003665 0.036234
v -0.007985 0.001426 0.039355
v -0.007984 0.001429 0.039302
v -0.007985 0.001421 0.039497
v -0.007985 0.001423 0.039442
v -0.005803 -0.004418 0.036094
v -0.005803 -0.004421 0.036147
v -0.005804 -0.004425 0.036234
v -0.005804 -0.004427 0.036288
v -0.002910 -0.004838 0.036094
v -0.002910 -0.004840 0.036147
v -0.002911 -0.004844 0.036234
v -0.002911 -0.004846 0.036288
v -0.004893 0.002194 0.043377
v -0.004893 0.002196 0.043322
v -0.004893 0.002188 0.043521
v -0.004893 0.002190 0.043464
v -0.006416 0.001743 0.041430
v -0.004868 0.002055 0.043418
v -0.007917 0.001305 0.039394
v -0.006416 0.001745 0.041386
v -0.002878 -0.004707 0.036197
v -0.005738 -0.004294 0.036197
v -0.008090 -0.003565 0.036196
v -0.008739 0.000685 0.038047
v -0.008906 0.000411 0.037566
v -0.008685 0.000651 0.038031
v -0.008185 0.001107 0.038948
v -0.008225 0.001157 0.038969
v -0.008548 0.000756 0.038256
v -0.008623 0.000813 0.038282
v -0.008459 0.000900 0.038499
v -0.008482 0.000921 0.038508
v -0.008435 0.000879 0.038489
v -0.008305 0.001116 0.038861
v -0.008231 0.001032 0.038825
v -0.008665 0.000790 0.038227
v -0.008569 0.000721 0.038196
v -0.008325 0.001106 0.038834
v -0.008243 0.001013 0.038795
v -0.008675 0.000784 0.038213
v -0.008574 0.000712 0.038181
v -0.008330 0.001103 0.038828
v -0.008246 0.001009 0.038787
v -0.008678 0.000783 0.038210
v -0.008576 0.000710 0.038177
v -0.008332 0.001103 0.038826
v -0.008247 0.001007 0.038785
v -0.008679 0.000782 0.038209
v -0.008576 0.000709 0.038176
v -0.008685 0.000652 0.038009
v -0.008739 0.000688 0.037982
v -0.008299 0.000982 0.038703
v -0.008364 0.001054 0.038668
v -0.008458 0.000902 0.038455
v -0.008694 0.000761 0.038087
v -0.008603 0.000695 0.038134
v -0.008260 0.001001 0.038764
v -0.008340 0.001093 0.038721
v -0.008682 0.000779 0.038113
v -0.008583 0.000706 0.038165
v -0.008250 0.001006 0.038780
v -0.008334 0.001103 0.038734
v -0.008680 0.000784 0.038120
v -0.008578 0.000708 0.038173
v -0.008248 0.001007 0.038784
v -0.008332 0.001105 0.038738
v -0.008679 0.000785 0.038122
v -0.008577 0.000709 0.038175
v -0.008332 0.001106 0.038738
v -0.008247 0.001007 0.038784
v -0.009069 -0.001540 0.036434
v -0.009051 -0.000560 0.037015
v -0.009051 -0.000558 0.036972
v -0.002951 0.004763 -0.040786
v -0.005802 0.004002 -0.040785
v -0.001874 -0.000161 -0.040785
v -0.003737 0.000107 -0.040785
v -0.005138 0.000573 -0.040785
v -0.006180 0.002803 -0.040785
v -0.005890 0.001580 -0.040785
v -0.002914 0.004654 -0.040838
v -0.005734 0.003921 -0.040847
v -0.001849 -0.000054 -0.040842
v -0.003687 0.000210 -0.040843
v -0.005047 0.000651 -0.040846
v -0.006067 0.002768 -0.040847
v -0.005776 0.001604 -0.040847
v -0.007699 0.000968 -0.002678
v -0.008218 0.001549 0.005007
v -0.008253 -0.000321 0.004998
v -0.007270 -0.000696 -0.002681
v -0.007290 -0.001923 0.004996
v -0.005014 0.003536 -0.002649
v -0.003799 0.003579 0.005086
v -0.007055 0.003012 0.005037
v -0.001230 -0.002573 -0.002681
v -0.002638 -0.002947 0.004997
v -0.003682 -0.002272 -0.002681
v -0.005261 -0.002566 0.004997
v -0.007119 0.002559 -0.002668
v -0.008666 0.001133 0.015599
v -0.008916 -0.001086 0.020246
v -0.008893 0.000921 0.020254
v -0.008694 -0.000818 0.015585
v -0.007697 -0.002497 0.015583
v -0.007896 -0.002814 0.020244
v -0.002863 -0.003919 0.020245
v -0.002795 -0.003571 0.015584
v -0.001358 -0.003385 0.010291
v -0.005574 -0.003169 0.015583
v -0.005710 -0.003506 0.020245
v -0.007475 0.002679 0.015647
v -0.007683 0.002522 0.020281
v -0.008910 -0.001333 0.024915
v -0.008921 0.000656 0.024915
v -0.007890 -0.003040 0.024915
v -0.007742 0.002258 0.024915
v -0.005710 -0.003730 0.024915
v -0.002863 -0.004143 0.024915
v -0.004125 0.003258 0.015724
v -0.004413 0.002893 0.024915
v -0.004272 0.003111 0.020321
v -0.001647 0.003091 0.022194
v -0.002323 0.003148 0.020550
v -0.001638 0.003207 0.018911
v -0.003348 0.003178 0.018030
v -0.002786 0.003187 0.017711
v -0.003891 0.003207 0.017259
v -0.004129 0.003161 0.018707
v -0.003783 0.003162 0.018571
v -0.003803 0.003124 0.019661
v -0.003342 0.003158 0.018603
v -0.003950 0.003093 0.020529
v -0.004085 0.003120 0.019908
v -0.002417 0.002957 0.023970
v -0.002827 0.002986 0.023362
v -0.003012 0.002919 0.024600
v -0.000806 0.002947 0.024411
v -0.001810 0.002937 0.024432
v -0.001004 0.002926 0.024747
v -0.002634 0.002913 0.024776
v -0.001891 0.002963 0.023942
v -0.000477 0.002932 0.024718
v -0.003425 0.002996 0.022932
v -0.004060 0.002964 0.023488
v -0.003828 0.003064 0.021295
v -0.004147 0.003059 0.021411
v -0.003865 0.003021 0.022282
v -0.004221 0.002981 0.023080
v -0.003387 0.003019 0.022411
v -0.004109 0.003082 0.020890
v -0.002585 0.003239 0.017959
v -0.003741 0.003147 0.020543
v -0.003666 0.003146 0.020546
v -0.002638 0.003241 0.017897
v -0.003890 0.003090 0.020533
v -0.002732 0.003185 0.017780
v -0.002600 0.003057 0.023140
v -0.002658 0.003054 0.023198
v -0.002764 0.002989 0.023300
v -0.002710 0.002815 0.023241
v -0.003819 0.002912 0.020532
v -0.002685 0.003006 0.017832
v -0.008956 -0.000452 0.027880
v -0.008985 0.000439 0.031087
v -0.009008 -0.001571 0.030603
v -0.009055 -0.000557 0.033867
v -0.007990 -0.003367 0.030504
v -0.008601 -0.002541 0.033382
v -0.008378 0.001299 0.028256
v -0.007863 0.001843 0.032108
v -0.008464 0.001045 0.034987
v -0.005756 -0.004074 0.030504
v -0.002887 -0.004490 0.030504
v -0.006948 0.002317 0.026839
v -0.006168 0.002385 0.029014
v -0.005298 0.002643 0.027090
v -0.005403 0.002460 0.031440
v -0.004653 0.002544 0.034118
v -0.007023 0.002118 0.030687
v -0.005686 0.002608 0.025971
v -0.005832 0.002328 0.032308
v -0.006850 0.002087 0.032247
v -0.005508 0.002278 0.035791
v -0.006348 0.002003 0.037212
v -0.007098 0.001919 0.034535
v -0.007174 0.001720 0.038383
v -0.005881 0.002235 0.034420
v -0.006028 0.001955 0.040758
v -0.002266 0.002722 0.029708
v -0.009135 -0.000871 0.041295
v -0.009162 -0.002206 0.045243
v -0.009150 -0.000163 0.045769
v -0.008686 -0.002878 0.040789
v -0.008174 -0.004064 0.045106
v -0.008202 0.000966 0.044592
v -0.007866 0.001247 0.046670
v -0.008507 0.000741 0.042396
v -0.008781 0.000573 0.040080
v -0.008504 0.000404 0.050069
v -0.005818 -0.004769 0.044969
v -0.007568 -0.004641 0.050849
v -0.007579 -0.004374 0.046997
v -0.006990 -0.004632 0.048332
v -0.006697 -0.004741 0.048791
v -0.006407 -0.004674 0.046372
v -0.006406 -0.004838 0.049110
v -0.007276 -0.004751 0.051308
v -0.006116 -0.004922 0.049290
v -0.007731 -0.004231 0.045579
v -0.007288 -0.004389 0.045948
v -0.006554 -0.004571 0.045371
v -0.006847 -0.004536 0.046212
v -0.006550 -0.004880 0.050407
v -0.007363 -0.004322 0.045286
v -0.002337 0.001875 0.047204
v -0.004454 0.001600 0.049531
v -0.002117 0.001312 0.053032
v -0.006766 0.001417 0.046493
v -0.005702 0.001632 0.046445
v -0.007063 0.001405 0.045665
v -0.006300 0.001614 0.044805
v -0.006879 0.001573 0.043100
v -0.005576 0.001875 0.044090
v -0.005868 0.001857 0.043246
v -0.005315 0.001108 0.053909
v -0.006579 0.001157 0.052148
v -0.005038 0.001149 0.053542
v -0.006021 0.001234 0.051397
v -0.007240 0.001225 0.049473
v -0.004766 0.001196 0.053190
v -0.005481 0.001333 0.050710
v -0.006964 0.001266 0.049106
v -0.006691 0.001313 0.048755
v -0.001458 -0.005144 0.040811
v -0.002921 -0.005249 0.045096
v -0.001462 -0.005423 0.048672
v -0.005100 -0.005069 0.048642
v -0.004373 -0.005137 0.047707
v -0.003651 -0.005334 0.049445
v -0.003647 -0.005197 0.046525
v -0.005096 -0.004949 0.046214
v -0.004014 -0.005301 0.049944
v -0.004008 -0.005102 0.045748
v -0.003675 0.000236 -0.040880
v -0.005025 0.000670 -0.040883
v -0.001843 -0.000026 -0.040879
v 0.000000 -0.000194 -0.040878
v -0.005719 0.003899 -0.040884
v -0.002905 0.004624 -0.040874
v 0.000000 0.004623 -0.040873
v 0.005025 0.000670 -0.040883
v 0.003675 0.000236 -0.040880
v 0.001843 -0.000026 -0.040879
v 0.002906 0.004624 -0.040874
v 0.005719 0.003899 -0.040884
v 0.005825 0.003651 -0.040908
v 0.005810 0.003635 -0.040892
v 0.005961 0.003261 -0.040912
v 0.005904 0.003376 -0.040900
v 0.005932 0.003226 -0.040888
v 0.005825 0.003562 -0.040886
v 0.006052 0.002812 -0.040884
v 0.005853 0.003591 -0.040914
v 0.005976 0.003232 -0.040915
v 0.005860 0.003576 -0.040916
v 0.005973 0.003077 -0.040875
v 0.005980 0.003063 -0.040856
v 0.005814 0.003631 -0.040856
v 0.005806 0.003629 -0.040875
v 0.005929 0.003217 -0.040880
v 0.005893 0.003350 -0.040866
v 0.005940 0.003203 -0.040851
v 0.005897 0.003347 -0.040856
v 0.005889 0.003353 -0.040875
v 0.005837 0.003560 -0.040849
v 0.005824 0.003559 -0.040882
v 0.005952 0.003165 -0.040848
v 0.005938 0.003185 -0.040883
v 0.005843 0.003542 -0.040847
v 0.005829 0.003542 -0.040884
v 0.005955 0.003155 -0.040847
v 0.005940 0.003177 -0.040884
v 0.005845 0.003538 -0.040847
v 0.005830 0.003538 -0.040884
v 0.005956 0.003153 -0.040847
v 0.005941 0.003175 -0.040884
v 0.005845 0.003537 -0.040847
v 0.005830 0.003537 -0.040884
v 0.005956 0.003152 -0.040847
v 0.005941 0.003175 -0.040884
v 0.005819 0.001701 -0.040885
v 0.006009 0.002551 -0.040892
v 0.006040 0.002585 -0.040909
v 0.005917 0.002127 -0.040889
v 0.005978 0.002183 -0.040913
v 0.005973 0.002293 -0.040901
v 0.006040 0.002529 -0.040915
v 0.005983 0.002469 -0.040886
v 0.005902 0.002085 -0.040886
v 0.005980 0.002156 -0.040916
v 0.006040 0.002515 -0.040916
v 0.005977 0.002449 -0.040885
v 0.005898 0.002075 -0.040885
v 0.005975 0.002444 -0.040885
v 0.005897 0.002072 -0.040885
v 0.005975 0.002442 -0.040884
v 0.005897 0.002072 -0.040885
v 0.005835 0.001806 -0.040870
v 0.005817 0.001761 -0.040852
v 0.005844 0.001828 -0.040880
v 0.006028 0.002642 -0.040861
v 0.006030 0.002629 -0.040851
v 0.006024 0.002667 -0.040880
v 0.005861 0.001904 -0.040882
v 0.005870 0.001958 -0.040875
v 0.005856 0.001916 -0.040856
v 0.005833 0.001828 -0.040849
v 0.005853 0.001905 -0.040852
v 0.005874 0.001968 -0.040880
v 0.005977 0.002416 -0.040854
v 0.005995 0.002491 -0.040856
v 0.005977 0.002408 -0.040849
v 0.005961 0.002355 -0.040861
v 0.005962 0.002372 -0.040870
v 0.005979 0.002454 -0.040877
v 0.005994 0.002520 -0.040875
v 0.005979 0.002461 -0.040882
v 0.005861 0.001939 -0.040850
v 0.005877 0.002006 -0.040848
v 0.005893 0.002069 -0.040861
v 0.005888 0.002050 -0.040852
v 0.005882 0.002006 -0.040881
v 0.005899 0.002080 -0.040883
v 0.005899 0.002089 -0.040870
v 0.005904 0.002108 -0.040880
v 0.005932 0.002229 -0.040850
v 0.005925 0.002204 -0.040856
v 0.005929 0.002221 -0.040866
v 0.005942 0.002285 -0.040881
v 0.005932 0.002239 -0.040875
v 0.006022 0.002588 -0.040848
v 0.006002 0.002564 -0.040881
v 0.006016 0.002637 -0.040883
v 0.005827 0.001805 -0.040848
v 0.005859 0.001891 -0.040884
v 0.005927 0.002207 -0.040849
v 0.005924 0.002195 -0.040852
v 0.005941 0.002263 -0.040849
v 0.005939 0.002271 -0.040883
v 0.005934 0.002248 -0.040880
v 0.005949 0.002297 -0.040848
v 0.005960 0.002347 -0.040856
v 0.005959 0.002339 -0.040852
v 0.005950 0.002322 -0.040882
v 0.005957 0.002359 -0.040883
v 0.005963 0.002380 -0.040875
v 0.005964 0.002388 -0.040880
v 0.005972 0.002387 -0.040847
v 0.005976 0.002447 -0.040884
v 0.005897 0.002074 -0.040884
v 0.005874 0.001996 -0.040847
v 0.005913 0.002152 -0.040848
v 0.005919 0.002176 -0.040883
v 0.005920 0.002183 -0.040882
v 0.005905 0.002118 -0.040849
v 0.005899 0.002096 -0.040847
v 0.005917 0.002169 -0.040884
v 0.005925 0.002197 -0.040848
v 0.005928 0.002220 -0.040883
v 0.005937 0.002264 -0.040884
v 0.006020 0.002577 -0.040847
v 0.006014 0.002630 -0.040884
v 0.005825 0.001800 -0.040847
v 0.005858 0.001887 -0.040884
v 0.005923 0.002191 -0.040847
v 0.005936 0.002242 -0.040847
v 0.005936 0.002260 -0.040884
v 0.005947 0.002286 -0.040847
v 0.005946 0.002308 -0.040884
v 0.005956 0.002352 -0.040884
v 0.005971 0.002382 -0.040847
v 0.005975 0.002443 -0.040884
v 0.005897 0.002072 -0.040884
v 0.005874 0.001993 -0.040847
v 0.005898 0.002091 -0.040847
v 0.005911 0.002141 -0.040847
v 0.005916 0.002165 -0.040884
v 0.005917 0.002167 -0.040884
v 0.005923 0.002189 -0.040847
v 0.005926 0.002213 -0.040884
v 0.005936 0.002258 -0.040884
v 0.006019 0.002575 -0.040847
v 0.006014 0.002628 -0.040884
v 0.005825 0.001798 -0.040847
v 0.005858 0.001886 -0.040885
v 0.005922 0.002187 -0.040847
v 0.005934 0.002236 -0.040847
v 0.005936 0.002258 -0.040884
v 0.005946 0.002284 -0.040847
v 0.005946 0.002304 -0.040884
v 0.005955 0.002350 -0.040884
v 0.005971 0.002380 -0.040847
v 0.005975 0.002442 -0.040884
v 0.005873 0.001992 -0.040847
v 0.005897 0.002072 -0.040884
v 0.005898 0.002089 -0.040847
v 0.005910 0.002138 -0.040847
v 0.005916 0.002164 -0.040884
v 0.005916 0.002165 -0.040884
v 0.005922 0.002187 -0.040847
v 0.005926 0.002211 -0.040884
v 0.005936 0.002257 -0.040884
v 0.006019 0.002574 -0.040847
v 0.006013 0.002627 -0.040884
v -0.005825 0.003651 -0.040908
v -0.005810 0.003635 -0.040892
v -0.005961 0.003261 -0.040912
v -0.005932 0.003226 -0.040888
v -0.005903 0.003376 -0.040900
v -0.005825 0.003562 -0.040886
v -0.006052 0.002812 -0.040884
v -0.005853 0.003591 -0.040914
v -0.005976 0.003232 -0.040915
v -0.005860 0.003576 -0.040916
v -0.005980 0.003063 -0.040856
v -0.005973 0.003077 -0.040875
v -0.005806 0.003629 -0.040875
v -0.005813 0.003631 -0.040856
v -0.005929 0.003217 -0.040880
v -0.005940 0.003203 -0.040851
v -0.005893 0.003350 -0.040866
v -0.005897 0.003347 -0.040856
v -0.005889 0.003353 -0.040875
v -0.005837 0.003560 -0.040849
v -0.005824 0.003559 -0.040882
v -0.005952 0.003165 -0.040848
v -0.005938 0.003185 -0.040883
v -0.005843 0.003542 -0.040847
v -0.005828 0.003542 -0.040884
v -0.005955 0.003155 -0.040847
v -0.005940 0.003177 -0.040884
v -0.005844 0.003538 -0.040847
v -0.005830 0.003538 -0.040884
v -0.005956 0.003153 -0.040847
v -0.005941 0.003175 -0.040884
v -0.005845 0.003537 -0.040847
v -0.005830 0.003537 -0.040884
v -0.005956 0.003152 -0.040847
v -0.005941 0.003175 -0.040884
v -0.005819 0.001701 -0.040885
v -0.006009 0.002551 -0.040892
v -0.006039 0.002585 -0.040909
v -0.005917 0.002127 -0.040889
v -0.005973 0.002293 -0.040901
v -0.005978 0.002183 -0.040913
v -0.006040 0.002529 -0.040915
v -0.005983 0.002469 -0.040886
v -0.005980 0.002156 -0.040916
v -0.005902 0.002085 -0.040886
v -0.006040 0.002515 -0.040916
v -0.005977 0.002449 -0.040885
v -0.005898 0.002075 -0.040885
v -0.005975 0.002444 -0.040885
v -0.005897 0.002072 -0.040885
v -0.005975 0.002442 -0.040884
v -0.005897 0.002072 -0.040885
v -0.005835 0.001806 -0.040870
v -0.005817 0.001761 -0.040852
v -0.005844 0.001828 -0.040880
v -0.006028 0.002642 -0.040861
v -0.006030 0.002629 -0.040851
v -0.006024 0.002667 -0.040880
v -0.005853 0.001905 -0.040852
v -0.005856 0.001916 -0.040856
v -0.005833 0.001828 -0.040849
v -0.005977 0.002416 -0.040854
v -0.005977 0.002408 -0.040849
v -0.005994 0.002491 -0.040856
v -0.006009 0.002601 -0.040882
v -0.005994 0.002520 -0.040875
v -0.005994 0.002527 -0.040880
v -0.005854 0.001872 -0.040883
v -0.005867 0.001936 -0.040881
v -0.005870 0.001958 -0.040875
v -0.005890 0.002043 -0.040882
v -0.005861 0.001939 -0.040850
v -0.005877 0.002006 -0.040848
v -0.005888 0.002050 -0.040852
v -0.005893 0.002069 -0.040861
v -0.005899 0.002089 -0.040870
v -0.005927 0.002215 -0.040881
v -0.005929 0.002221 -0.040866
v -0.005932 0.002239 -0.040875
v -0.005932 0.002229 -0.040850
v -0.005925 0.002204 -0.040856
v -0.005941 0.002281 -0.040879
v -0.005934 0.002248 -0.040880
v -0.005972 0.002428 -0.040883
v -0.005962 0.002372 -0.040870
v -0.005961 0.002355 -0.040861
v -0.005964 0.002388 -0.040880
v -0.005986 0.002494 -0.040881
v -0.006022 0.002588 -0.040848
v -0.005827 0.001805 -0.040848
v -0.005895 0.002064 -0.040884
v -0.005913 0.002150 -0.040883
v -0.005901 0.002098 -0.040875
v -0.005904 0.002108 -0.040880
v -0.005927 0.002207 -0.040849
v -0.005923 0.002195 -0.040852
v -0.005931 0.002236 -0.040883
v -0.005941 0.002263 -0.040849
v -0.005949 0.002322 -0.040882
v -0.005949 0.002297 -0.040848
v -0.005959 0.002339 -0.040852
v -0.005960 0.002347 -0.040856
v -0.005972 0.002387 -0.040847
v -0.006012 0.002621 -0.040884
v -0.005857 0.001883 -0.040884
v -0.005874 0.001996 -0.040847
v -0.005899 0.002096 -0.040847
v -0.005905 0.002118 -0.040849
v -0.005918 0.002173 -0.040877
v -0.005913 0.002152 -0.040848
v -0.005924 0.002197 -0.040848
v -0.005933 0.002246 -0.040884
v -0.005942 0.002289 -0.040883
v -0.005952 0.002332 -0.040883
v -0.005974 0.002439 -0.040884
v -0.006020 0.002577 -0.040847
v -0.005825 0.001800 -0.040847
v -0.005896 0.002070 -0.040884
v -0.005915 0.002161 -0.040884
v -0.005923 0.002191 -0.040847
v -0.005924 0.002203 -0.040884
v -0.005920 0.002183 -0.040882
v -0.005936 0.002242 -0.040847
v -0.005934 0.002251 -0.040884
v -0.005947 0.002286 -0.040847
v -0.005954 0.002342 -0.040884
v -0.005971 0.002382 -0.040847
v -0.006013 0.002625 -0.040884
v -0.005858 0.001885 -0.040884
v -0.005873 0.001993 -0.040847
v -0.005898 0.002091 -0.040847
v -0.005911 0.002141 -0.040847
v -0.005922 0.002189 -0.040847
v -0.005935 0.002254 -0.040884
v -0.005945 0.002300 -0.040884
v -0.005954 0.002345 -0.040884
v -0.005955 0.002348 -0.040884
v -0.005974 0.002441 -0.040884
v -0.006019 0.002575 -0.040847
v -0.005825 0.001798 -0.040847
v -0.005897 0.002071 -0.040884
v -0.005916 0.002162 -0.040884
v -0.005916 0.002163 -0.040884
v -0.005922 0.002187 -0.040847
v -0.005925 0.002209 -0.040884
v -0.005934 0.002236 -0.040847
v -0.005935 0.002255 -0.040884
v -0.005946 0.002284 -0.040847
v -0.005970 0.002380 -0.040847
v -0.006013 0.002627 -0.040884
v -0.005858 0.001886 -0.040885
v -0.005873 0.001992 -0.040847
v -0.005898 0.002089 -0.040847
v -0.005910 0.002138 -0.040847
v -0.005922 0.002187 -0.040847
v -0.005935 0.002256 -0.040884
v -0.005945 0.002302 -0.040884
v -0.005955 0.002349 -0.040884
v -0.005974 0.002442 -0.040884
v -0.006019 0.002574 -0.040847
f 1 2 3
f 1 4 2
f 1 5 4
f 6 7 8
f 9 7 6
f 9 6 5
f 10 8 2
f 10 2 4
f 10 6 8
f 10 4 5
f 10 5 6
f 11 3 7
f 11 9 5
f 11 5 1
f 11 1 3
f 11 7 9
f 12 13 3
f 12 3 14
f 15 2 16
f 15 16 14
f 17 16 13
f 17 14 16
f 17 13 12
f 17 12 14
f 18 3 2
f 18 15 14
f 18 14 3
f 18 2 15
f 19 13 16
f 19 20 13
f 21 22 20
f 21 20 19
f 21 23 22
f 21 19 23
f 24 19 25
f 24 25 22
f 24 22 23
f 24 23 19
f 26 27 28
f 26 29 27
f 30 28 31
f 30 32 33
f 30 26 28
f 30 33 29
f 30 31 32
f 30 29 26
f 34 35 27
f 34 33 32
f 34 27 29
f 34 29 33
f 36 31 35
f 36 35 34
f 36 32 31
f 36 34 32
f 37 27 38
f 37 39 27
f 40 41 28
f 40 39 41
f 42 38 41
f 42 37 38
f 42 39 37
f 42 41 39
f 43 28 27
f 43 27 39
f 43 39 40
f 43 40 28
f 44 41 38
f 44 45 41
f 46 44 38
f 46 47 45
f 46 45 44
f 48 49 41
f 48 41 45
f 48 45 47
f 50 38 51
f 50 46 38
f 50 52 47
f 50 51 52
f 50 47 46
f 53 47 52
f 53 49 48
f 53 48 47
f 54 51 49
f 54 49 53
f 54 52 51
f 54 53 52
f 55 49 51
f 55 51 56
f 55 56 57
f 55 57 49
f 58 56 59
f 58 59 49
f 58 57 56
f 58 49 57
f 60 35 31
f 60 31 61
f 60 62 35
f 60 61 62
f 63 61 64
f 63 64 35
f 63 35 62
f 63 62 61
f 65 66 59
f 65 67 66
f 68 69 66
f 68 66 67
f 68 67 70
f 71 65 59
f 71 70 67
f 71 67 65
f 72 70 73
f 72 69 68
f 72 68 70
f 74 59 56
f 74 71 59
f 74 73 70
f 74 56 73
f 74 70 71
f 75 56 69
f 75 69 72
f 75 73 56
f 75 72 73
f 76 77 27
f 76 27 35
f 76 35 78
f 76 78 77
f 79 35 64
f 79 64 77
f 79 78 35
f 79 77 78
f 80 81 38
f 80 38 27
f 80 27 77
f 80 77 81
f 82 83 51
f 82 51 84
f 85 83 82
f 85 82 84
f 86 81 83
f 86 87 88
f 86 84 87
f 86 88 81
f 86 83 85
f 86 85 84
f 89 51 38
f 89 84 51
f 89 88 87
f 89 87 84
f 90 89 38
f 90 88 89
f 91 38 81
f 91 90 38
f 91 81 88
f 91 88 90
f 92 56 51
f 92 51 83
f 92 93 56
f 92 83 93
f 94 83 69
f 94 69 56
f 94 56 93
f 94 93 83
f 95 96 97
f 95 97 98
f 99 100 96
f 95 99 96
f 101 102 103
f 101 103 104
f 101 104 105
f 101 105 102
f 106 104 107
f 106 107 102
f 106 105 104
f 106 102 105
f 100 108 109
f 100 110 108
f 111 108 22
f 111 22 25
f 111 25 112
f 111 112 113
f 114 25 109
f 114 112 25
f 114 113 112
f 115 109 108
f 115 111 113
f 115 114 109
f 115 108 111
f 115 113 114
f 116 117 2
f 116 2 8
f 116 8 118
f 116 118 117
f 119 120 117
f 119 117 118
f 119 118 121
f 119 121 120
f 122 123 16
f 122 16 2
f 122 2 117
f 122 117 123
f 124 120 125
f 124 125 123
f 124 123 117
f 124 117 120
f 19 123 126
f 19 16 123
f 127 125 128
f 127 128 126
f 127 126 123
f 127 123 125
f 129 130 131
f 132 131 133
f 134 19 126
f 134 130 129
f 134 126 130
f 134 129 19
f 135 126 136
f 135 136 133
f 135 130 126
f 135 131 130
f 135 133 131
f 137 25 19
f 137 132 25
f 137 129 131
f 137 19 129
f 137 131 132
f 138 136 25
f 138 25 132
f 138 133 136
f 138 132 133
f 139 126 128
f 140 141 142
f 143 128 144
f 143 142 141
f 143 139 128
f 143 141 139
f 143 144 142
f 145 136 126
f 145 141 140
f 145 126 139
f 145 139 141
f 145 140 136
f 146 144 136
f 146 136 140
f 146 142 144
f 146 140 142
f 31 147 148
f 31 28 147
f 149 150 151
f 149 151 148
f 149 148 147
f 149 147 150
f 152 153 147
f 152 147 28
f 152 28 41
f 152 41 153
f 147 154 150
f 147 153 154
f 155 153 41
f 155 41 49
f 155 49 156
f 155 156 153
f 156 154 153
f 156 157 154
f 158 157 156
f 158 156 159
f 158 159 160
f 158 160 157
f 161 159 162
f 161 162 157
f 161 160 159
f 161 157 160
f 163 156 49
f 163 49 59
f 163 59 164
f 163 164 156
f 165 59 159
f 165 159 156
f 165 164 59
f 165 156 164
f 166 31 148
f 166 148 167
f 166 168 31
f 166 167 168
f 169 167 61
f 169 61 31
f 169 31 168
f 169 168 167
f 170 171 167
f 170 167 148
f 170 148 151
f 170 151 171
f 172 173 162
f 172 162 159
f 172 159 174
f 172 174 173
f 59 174 159
f 59 66 174
f 96 109 175
f 96 100 109
f 176 175 177
f 176 177 97
f 176 97 96
f 176 96 175
f 178 25 136
f 178 179 25
f 180 109 25
f 180 25 179
f 181 180 179
f 182 136 175
f 182 175 181
f 182 178 136
f 182 179 178
f 182 181 179
f 183 175 109
f 183 181 175
f 183 180 181
f 183 109 180
f 184 136 144
f 184 185 136
f 184 186 185
f 187 177 175
f 188 177 187
f 188 187 186
f 189 175 136
f 189 136 185
f 189 187 175
f 189 185 186
f 189 186 187
f 190 144 177
f 190 186 184
f 190 177 188
f 190 184 144
f 190 188 186
f 191 192 193
f 191 194 195
f 191 193 194
f 196 195 194
f 196 197 195
f 196 194 198
f 199 103 200
f 199 200 197
f 199 197 196
f 201 195 197
f 201 191 195
f 201 202 203
f 201 197 202
f 204 200 103
f 204 197 200
f 204 202 197
f 205 191 201
f 205 201 203
f 206 203 202
f 206 207 203
f 208 193 103
f 208 194 193
f 208 198 194
f 208 103 199
f 208 196 198
f 208 199 196
f 209 206 202
f 210 205 203
f 210 203 207
f 211 212 102
f 211 207 206
f 211 210 207
f 211 206 212
f 213 191 205
f 214 202 204
f 214 209 202
f 215 205 210
f 216 102 212
f 216 206 209
f 216 212 206
f 217 204 103
f 217 214 204
f 218 211 102
f 218 210 211
f 219 192 191
f 219 191 213
f 220 103 102
f 220 102 216
f 220 217 103
f 220 209 214
f 220 216 209
f 220 214 217
f 221 213 205
f 221 192 219
f 221 205 215
f 221 219 213
f 222 102 192
f 222 218 102
f 222 215 210
f 222 210 218
f 222 192 221
f 222 221 215
f 223 102 224
f 223 225 102
f 226 223 224
f 226 227 225
f 226 225 223
f 228 227 229
f 230 228 229
f 231 232 192
f 231 192 230
f 231 230 229
f 233 102 225
f 233 225 227
f 234 224 232
f 234 229 227
f 234 226 224
f 234 232 231
f 234 227 226
f 234 231 229
f 235 227 228
f 235 228 230
f 235 233 227
f 236 102 233
f 236 233 235
f 237 235 230
f 237 236 235
f 238 102 236
f 238 236 237
f 239 237 230
f 239 238 237
f 240 102 238
f 240 238 239
f 241 230 192
f 241 239 230
f 241 240 239
f 242 192 102
f 242 241 192
f 242 102 240
f 242 240 241
f 243 224 102
f 243 244 224
f 245 107 246
f 247 107 245
f 247 245 248
f 249 246 224
f 249 224 244
f 249 245 246
f 249 248 245
f 250 102 107
f 250 244 243
f 250 249 244
f 250 107 247
f 250 243 102
f 250 247 248
f 250 248 249
f 251 252 253
f 251 253 254
f 251 254 255
f 251 255 252
f 256 257 252
f 256 252 255
f 256 255 258
f 256 258 257
f 259 260 261
f 259 261 262
f 259 262 263
f 259 263 260
f 264 260 265
f 261 260 264
f 262 255 254
f 262 261 255
f 261 258 255
f 261 264 258
f 266 267 268
f 266 268 269
f 266 269 270
f 266 270 267
f 268 260 263
f 271 268 263
f 268 265 260
f 268 267 265
f 272 273 274
f 272 274 253
f 272 253 252
f 272 252 273
f 275 276 273
f 275 273 252
f 275 252 257
f 275 257 276
f 277 278 279
f 277 279 274
f 277 274 273
f 277 273 278
f 273 280 278
f 273 276 280
f 281 282 193
f 283 281 193
f 283 284 281
f 285 284 286
f 287 285 286
f 288 192 289
f 288 287 286
f 290 282 281
f 290 281 284
f 291 286 284
f 291 192 288
f 291 288 286
f 292 287 288
f 293 288 289
f 293 292 288
f 294 283 193
f 294 284 283
f 295 284 285
f 295 290 284
f 296 285 287
f 296 295 285
f 297 282 290
f 298 192 291
f 298 291 284
f 299 287 292
f 299 292 293
f 300 294 193
f 300 284 294
f 301 290 295
f 301 295 296
f 301 297 290
f 302 296 287
f 302 301 296
f 303 192 298
f 303 298 284
f 303 284 300
f 304 282 297
f 305 299 293
f 305 287 299
f 306 300 193
f 306 303 300
f 307 297 301
f 307 301 302
f 307 304 297
f 308 302 287
f 308 287 305
f 308 307 302
f 309 192 303
f 309 303 306
f 310 282 304
f 311 305 293
f 311 308 305
f 312 306 193
f 312 309 306
f 313 304 307
f 313 307 308
f 313 310 304
f 314 308 311
f 314 313 308
f 315 193 192
f 315 312 193
f 315 192 309
f 315 309 312
f 316 313 314
f 316 289 282
f 316 282 310
f 316 310 313
f 317 289 316
f 317 293 289
f 317 311 293
f 317 314 311
f 317 316 314
f 318 268 271
f 318 271 319
f 318 319 269
f 318 269 268
f 320 321 269
f 322 321 320
f 322 320 323
f 324 322 325
f 324 321 322
f 326 325 322
f 326 322 323
f 327 328 329
f 330 328 327
f 331 330 327
f 332 270 269
f 332 269 321
f 332 321 324
f 333 324 325
f 334 335 336
f 337 333 325
f 338 326 335
f 338 325 326
f 338 337 325
f 339 329 340
f 341 338 335
f 342 329 328
f 342 335 334
f 342 340 329
f 342 334 340
f 342 341 335
f 343 329 339
f 344 343 345
f 346 331 327
f 346 344 347
f 348 323 320
f 348 326 323
f 349 270 332
f 349 324 333
f 349 332 324
f 350 336 335
f 350 335 326
f 351 336 350
f 351 334 336
f 351 340 334
f 352 353 341
f 352 341 342
f 354 343 339
f 355 342 328
f 355 352 342
f 356 343 354
f 356 345 343
f 357 345 356
f 358 355 328
f 358 352 355
f 358 328 330
f 359 329 343
f 359 327 329
f 359 346 327
f 359 343 344
f 359 344 346
f 360 358 330
f 361 345 357
f 361 357 362
f 361 344 345
f 361 362 363
f 364 330 331
f 365 331 346
f 365 346 347
f 366 364 331
f 366 331 365
f 366 365 367
f 368 369 370
f 368 370 367
f 368 371 369
f 368 367 365
f 368 365 347
f 372 369 371
f 373 370 369
f 374 373 369
f 375 232 374
f 375 374 369
f 376 340 351
f 376 339 340
f 376 351 377
f 378 349 333
f 379 339 376
f 380 333 337
f 380 378 333
f 381 341 353
f 381 337 338
f 381 338 341
f 381 380 337
f 382 354 339
f 382 356 354
f 382 339 379
f 383 381 353
f 384 192 362
f 384 362 357
f 385 344 361
f 385 361 363
f 385 347 344
f 385 371 368
f 385 368 347
f 386 387 364
f 386 366 367
f 386 364 366
f 388 371 385
f 388 363 389
f 388 372 371
f 388 385 363
f 390 386 367
f 390 367 370
f 391 369 372
f 391 232 375
f 391 375 369
f 392 348 320
f 393 270 349
f 393 349 378
f 394 326 348
f 394 350 326
f 394 351 350
f 394 377 351
f 395 377 394
f 395 376 377
f 396 382 379
f 397 382 396
f 397 357 356
f 397 356 382
f 398 353 352
f 398 352 358
f 398 399 383
f 398 383 353
f 400 357 397
f 400 384 357
f 401 398 358
f 401 358 360
f 402 401 360
f 402 398 401
f 403 402 360
f 404 360 330
f 404 330 364
f 404 364 387
f 405 389 363
f 405 362 192
f 405 363 362
f 406 387 386
f 406 404 387
f 407 372 388
f 408 391 372
f 408 372 407
f 409 370 373
f 409 373 374
f 410 395 411
f 410 376 395
f 410 379 376
f 412 393 378
f 413 379 410
f 414 378 380
f 415 412 378
f 415 378 414
f 416 383 399
f 416 414 380
f 416 381 383
f 416 380 381
f 416 415 414
f 417 396 379
f 417 397 396
f 417 379 413
f 418 416 399
f 419 192 384
f 419 384 400
f 420 421 406
f 420 386 390
f 420 406 386
f 422 389 405
f 422 405 192
f 423 420 390
f 423 390 370
f 424 388 389
f 424 407 388
f 424 389 422
f 425 391 408
f 425 232 391
f 426 392 320
f 427 270 393
f 427 393 412
f 428 395 394
f 428 411 395
f 428 392 426
f 428 394 348
f 428 348 392
f 429 411 428
f 429 410 411
f 430 417 413
f 431 417 430
f 431 400 397
f 431 397 417
f 432 433 418
f 432 399 398
f 432 398 402
f 432 418 399
f 434 419 400
f 434 400 431
f 435 402 403
f 435 432 402
f 436 435 403
f 436 432 435
f 437 436 403
f 438 406 421
f 438 403 360
f 438 437 403
f 438 360 404
f 438 404 406
f 439 438 421
f 439 421 420
f 440 407 424
f 440 408 407
f 441 408 440
f 441 425 408
f 442 409 374
f 442 370 409
f 443 429 444
f 443 410 429
f 443 413 410
f 445 427 412
f 446 413 443
f 447 412 415
f 448 412 447
f 448 445 412
f 449 415 416
f 449 418 433
f 449 447 415
f 449 448 447
f 449 416 418
f 450 430 413
f 450 431 430
f 450 413 446
f 451 449 433
f 452 419 434
f 452 192 419
f 453 454 439
f 453 439 420
f 453 420 423
f 455 424 422
f 455 422 192
f 456 453 423
f 456 423 370
f 457 232 425
f 457 425 441
f 458 320 269
f 458 426 320
f 459 270 427
f 459 427 445
f 460 428 426
f 460 429 428
f 460 444 429
f 460 426 458
f 461 444 460
f 461 443 444
f 462 450 446
f 463 450 462
f 463 434 431
f 463 431 450
f 464 465 451
f 464 432 436
f 464 451 433
f 464 433 432
f 466 434 463
f 466 452 434
f 467 464 436
f 467 436 437
f 468 464 467
f 468 467 437
f 469 468 437
f 470 439 454
f 470 437 438
f 470 469 437
f 470 438 439
f 471 470 454
f 471 454 453
f 472 441 440
f 472 440 424
f 473 457 441
f 473 441 472
f 474 374 232
f 474 370 442
f 474 442 374
f 475 461 460
f 475 460 458
f 476 461 475
f 476 475 458
f 476 443 461
f 476 446 443
f 477 232 270
f 477 270 459
f 477 459 445
f 478 269 192
f 478 446 476
f 478 458 269
f 478 476 458
f 479 445 448
f 480 477 445
f 480 469 477
f 480 445 479
f 481 451 465
f 481 479 448
f 481 480 479
f 481 449 451
f 481 448 449
f 482 446 478
f 482 478 466
f 482 466 463
f 482 462 446
f 482 463 462
f 483 480 481
f 483 464 468
f 483 468 469
f 483 469 480
f 483 481 465
f 483 465 464
f 484 452 466
f 484 478 192
f 484 466 478
f 484 192 452
f 485 469 470
f 485 470 471
f 486 453 456
f 486 471 453
f 486 469 485
f 486 485 471
f 487 192 232
f 487 455 192
f 487 472 424
f 487 424 455
f 487 473 472
f 488 469 486
f 488 370 474
f 488 456 370
f 488 232 477
f 488 486 456
f 488 474 232
f 488 477 469
f 489 457 473
f 489 232 457
f 489 473 487
f 489 487 232
f 490 269 319
f 491 269 490
f 492 491 493
f 494 493 495
f 494 492 493
f 496 497 495
f 498 497 496
f 498 496 499
f 500 499 289
f 500 498 499
f 501 497 498
f 501 498 500
f 502 495 493
f 503 495 497
f 504 503 497
f 504 497 501
f 505 289 192
f 505 500 289
f 505 501 500
f 506 490 319
f 506 491 490
f 506 493 491
f 506 502 493
f 507 491 492
f 507 492 494
f 508 496 495
f 508 499 496
f 509 504 501
f 509 501 505
f 510 495 502
f 510 502 506
f 511 494 495
f 511 503 504
f 511 495 503
f 512 504 509
f 512 511 504
f 513 491 507
f 513 507 494
f 514 499 508
f 514 508 495
f 515 509 505
f 515 512 509
f 516 510 506
f 516 495 510
f 517 494 511
f 517 511 512
f 518 512 515
f 518 517 512
f 519 491 513
f 519 513 494
f 520 499 514
f 520 514 495
f 521 515 505
f 521 518 515
f 522 516 506
f 522 495 516
f 523 494 517
f 523 517 518
f 524 523 518
f 524 518 521
f 525 269 491
f 525 491 519
f 525 519 494
f 526 289 499
f 526 499 520
f 526 520 495
f 527 524 521
f 527 505 192
f 527 521 505
f 528 522 506
f 528 319 289
f 528 495 522
f 528 506 319
f 528 526 495
f 528 289 526
f 529 525 494
f 529 523 524
f 529 494 523
f 530 192 269
f 530 269 525
f 530 525 529
f 530 527 192
f 530 524 527
f 530 529 524
f 99 110 100
f 99 531 110
f 532 193 282
f 532 533 193
f 534 535 104
f 103 534 104
f 103 193 533
f 534 103 533
f 531 536 110
f 537 536 531
f 537 282 536
f 532 282 537
f 538 539 540
f 541 542 543
f 541 543 540
f 541 540 539
f 544 541 539
f 545 543 8
f 545 540 543
f 545 538 540
f 545 8 538
f 546 8 7
f 546 539 538
f 546 7 544
f 546 538 8
f 546 544 539
f 547 7 542
f 547 542 541
f 547 544 7
f 547 541 544
f 548 253 543
f 548 543 542
f 548 542 254
f 548 254 253
f 549 7 3
f 549 3 550
f 549 551 7
f 549 550 551
f 552 550 542
f 552 542 7
f 552 7 551
f 552 551 550
f 553 262 254
f 553 254 542
f 554 542 550
f 554 550 262
f 554 553 542
f 554 262 553
f 3 555 550
f 3 13 555
f 263 262 550
f 555 263 550
f 556 555 13
f 556 13 20
f 556 20 557
f 556 557 555
f 557 263 555
f 557 271 263
f 558 557 20
f 558 20 22
f 558 22 559
f 558 559 557
f 560 22 561
f 560 561 557
f 560 559 22
f 560 557 559
f 562 271 557
f 562 557 561
f 562 561 319
f 562 319 271
f 563 108 110
f 563 110 536
f 563 536 564
f 563 564 108
f 565 289 564
f 565 564 536
f 565 536 282
f 565 282 289
f 566 561 22
f 566 22 567
f 568 564 561
f 568 569 570
f 568 566 567
f 568 561 566
f 568 567 569
f 568 570 564
f 571 22 108
f 571 567 22
f 571 570 569
f 571 569 567
f 572 571 108
f 572 570 571
f 573 108 564
f 573 572 108
f 573 564 570
f 573 570 572
f 574 564 289
f 575 574 289
f 575 576 574
f 577 578 576
f 577 576 575
f 579 580 578
f 579 578 577
f 581 580 582
f 583 581 582
f 584 583 582
f 584 585 583
f 586 319 561
f 586 561 585
f 586 585 584
f 587 578 580
f 587 574 576
f 587 576 578
f 588 582 580
f 588 584 582
f 588 586 584
f 589 577 575
f 589 579 577
f 590 581 583
f 590 583 585
f 591 574 587
f 591 587 580
f 592 588 580
f 592 586 588
f 593 589 575
f 593 579 589
f 594 581 590
f 594 590 585
f 595 574 591
f 595 591 580
f 596 592 580
f 596 586 592
f 597 593 575
f 597 579 593
f 598 594 585
f 598 581 594
f 599 574 595
f 599 595 580
f 600 596 580
f 600 586 596
f 601 575 289
f 601 597 575
f 601 579 597
f 602 598 585
f 602 585 561
f 602 581 598
f 603 561 564
f 603 564 574
f 603 580 581
f 603 599 580
f 603 574 599
f 603 602 561
f 603 581 602
f 604 289 319
f 604 319 586
f 604 580 579
f 604 586 600
f 604 601 289
f 604 600 580
f 604 579 601
f 8 605 118
f 8 543 605
f 606 274 605
f 606 605 543
f 606 543 253
f 606 253 274
f 607 608 121
f 607 121 118
f 607 118 605
f 607 605 608
f 609 279 608
f 609 608 605
f 609 605 274
f 609 274 279
f 610 611 535
f 534 610 535
f 612 534 533
f 612 610 534
f 613 98 614
f 613 95 98
f 615 95 613
f 99 95 615
f 616 99 615
f 531 99 616
f 533 532 617
f 612 533 617
f 531 618 537
f 616 618 531
f 618 532 537
f 618 617 532
f 611 610 619
f 620 611 619
f 621 610 612
f 621 619 610
f 614 622 623
f 614 623 613
f 613 623 624
f 613 624 615
f 615 624 625
f 615 625 616
f 612 617 626
f 621 612 626
f 618 616 625
f 627 618 625
f 618 627 626
f 618 626 617
f 276 628 629
f 276 629 280
f 628 630 631
f 628 631 629
f 257 632 628
f 257 628 276
f 632 633 630
f 632 630 628
f 232 224 634
f 635 232 634
f 636 634 637
f 636 635 634
f 638 246 639
f 638 639 634
f 638 634 224
f 638 224 246
f 640 639 641
f 640 641 637
f 640 637 634
f 640 634 639
f 265 642 264
f 643 642 265
f 644 642 643
f 644 645 642
f 646 264 642
f 646 258 264
f 647 642 645
f 647 646 642
f 632 258 646
f 257 258 632
f 633 646 647
f 632 646 633
f 232 648 270
f 635 648 232
f 635 649 648
f 636 649 635
f 270 650 267
f 648 650 270
f 649 650 648
f 649 651 650
f 265 267 650
f 643 265 650
f 644 650 651
f 644 643 650
f 652 653 174
f 652 174 66
f 652 66 654
f 652 654 653
f 655 637 653
f 655 653 654
f 655 654 636
f 655 636 637
f 653 656 173
f 174 653 173
f 657 641 656
f 657 656 653
f 657 653 637
f 657 637 641
f 658 659 660
f 658 660 167
f 658 167 171
f 658 171 659
f 660 631 630
f 660 659 631
f 61 660 661
f 61 167 660
f 662 630 633
f 662 633 661
f 662 661 660
f 662 660 630
f 663 664 665
f 663 665 83
f 666 83 81
f 666 81 664
f 666 663 83
f 666 664 663
f 665 644 651
f 665 664 644
f 667 69 83
f 667 83 665
f 667 668 69
f 667 665 668
f 669 665 670
f 669 670 69
f 669 69 668
f 669 668 665
f 671 651 649
f 671 649 670
f 671 670 665
f 671 665 651
f 672 673 77
f 672 77 64
f 672 64 674
f 672 674 673
f 675 64 676
f 675 676 673
f 675 674 64
f 675 673 674
f 677 645 673
f 677 673 676
f 677 676 647
f 677 647 645
f 678 664 81
f 678 81 77
f 678 77 673
f 678 673 664
f 679 644 664
f 679 664 673
f 679 673 645
f 679 645 644
f 680 654 66
f 680 66 69
f 680 69 681
f 680 681 654
f 682 69 670
f 682 670 654
f 682 681 69
f 682 654 681
f 670 636 654
f 670 649 636
f 64 661 676
f 64 61 661
f 676 633 647
f 676 661 633
f 683 684 685
f 683 685 686
f 683 686 687
f 688 689 690
f 691 688 690
f 691 687 688
f 692 685 689
f 692 686 685
f 692 689 688
f 692 687 686
f 692 688 687
f 693 690 684
f 693 683 687
f 693 684 683
f 693 691 690
f 693 687 691
f 694 684 695
f 694 696 684
f 697 698 685
f 697 696 698
f 699 695 698
f 699 698 696
f 699 694 695
f 699 696 694
f 700 685 684
f 700 684 696
f 700 696 697
f 700 697 685
f 701 695 702
f 701 702 703
f 701 703 698
f 701 698 695
f 704 703 702
f 704 702 705
f 706 705 707
f 706 707 703
f 706 704 705
f 706 703 704
f 708 709 710
f 708 710 711
f 712 713 709
f 712 714 715
f 712 709 708
f 712 711 714
f 712 715 713
f 712 708 711
f 716 710 717
f 716 715 714
f 716 711 710
f 716 714 711
f 718 717 713
f 718 716 717
f 718 713 715
f 718 715 716
f 719 720 710
f 719 710 721
f 722 709 723
f 722 723 721
f 724 723 720
f 724 720 719
f 724 721 723
f 724 719 721
f 725 710 709
f 725 722 721
f 725 721 710
f 725 709 722
f 726 720 723
f 726 727 720
f 728 723 729
f 728 730 731
f 728 726 723
f 728 731 727
f 728 729 730
f 728 727 726
f 732 733 720
f 732 720 727
f 732 727 731
f 734 731 730
f 734 733 732
f 734 732 731
f 735 729 733
f 735 733 734
f 735 730 729
f 735 734 730
f 736 737 733
f 736 733 729
f 736 738 737
f 736 729 738
f 739 729 740
f 739 740 737
f 739 737 738
f 739 738 729
f 741 742 713
f 741 713 717
f 741 717 743
f 741 743 742
f 744 717 745
f 744 745 742
f 744 743 717
f 744 742 743
f 746 740 747
f 746 747 748
f 749 747 750
f 749 751 748
f 749 748 747
f 752 740 746
f 752 748 751
f 752 746 748
f 753 749 750
f 753 754 751
f 753 751 749
f 755 737 740
f 755 751 754
f 755 740 752
f 755 752 751
f 755 754 737
f 756 750 737
f 756 737 754
f 756 753 750
f 756 754 753
f 757 717 710
f 757 710 758
f 757 759 717
f 757 758 759
f 760 758 745
f 760 745 717
f 760 717 759
f 760 759 758
f 761 762 758
f 761 758 710
f 761 710 720
f 761 720 762
f 763 733 764
f 763 765 733
f 766 763 764
f 766 765 763
f 767 764 762
f 767 768 769
f 767 766 764
f 767 769 765
f 767 762 768
f 767 765 766
f 770 720 733
f 770 769 768
f 770 733 765
f 770 765 769
f 771 720 770
f 771 770 768
f 772 762 720
f 772 768 762
f 772 720 771
f 772 771 768
f 773 764 733
f 773 733 737
f 773 737 774
f 773 774 764
f 775 737 750
f 775 750 764
f 775 774 737
f 775 764 774
f 776 97 777
f 98 97 776
f 778 777 779
f 776 777 778
f 780 104 781
f 780 781 782
f 780 783 104
f 780 782 783
f 784 782 107
f 784 107 104
f 784 104 783
f 784 783 782
f 785 786 787
f 785 787 779
f 785 779 788
f 785 788 786
f 789 707 705
f 789 790 707
f 789 791 790
f 792 788 707
f 792 707 790
f 792 790 791
f 793 705 786
f 793 786 788
f 793 791 789
f 793 788 792
f 793 789 705
f 793 792 791
f 689 794 795
f 689 685 794
f 796 120 121
f 796 121 795
f 796 795 794
f 796 794 120
f 797 798 794
f 797 794 685
f 797 685 698
f 797 698 798
f 799 120 794
f 799 794 798
f 799 798 125
f 799 125 120
f 703 798 698
f 703 800 798
f 801 125 798
f 801 798 800
f 801 800 128
f 801 128 125
f 802 800 703
f 802 803 800
f 802 804 803
f 805 707 806
f 807 707 805
f 807 805 804
f 808 806 800
f 808 800 803
f 808 805 806
f 808 803 804
f 808 804 805
f 809 703 707
f 809 804 802
f 809 707 807
f 809 802 703
f 809 807 804
f 810 811 812
f 813 806 144
f 814 806 813
f 814 813 811
f 815 128 800
f 815 812 128
f 815 810 812
f 815 800 810
f 816 144 128
f 816 813 144
f 816 128 812
f 816 812 811
f 816 811 813
f 817 800 806
f 817 811 810
f 817 810 800
f 817 806 814
f 817 814 811
f 713 818 709
f 713 819 818
f 820 150 818
f 820 818 819
f 820 819 151
f 820 151 150
f 821 822 723
f 821 723 709
f 821 709 818
f 821 818 822
f 823 154 822
f 823 822 818
f 823 818 150
f 823 150 154
f 824 822 825
f 824 825 729
f 824 729 723
f 824 723 822
f 826 154 157
f 826 157 825
f 826 825 822
f 826 822 154
f 827 828 825
f 827 825 157
f 827 829 828
f 827 157 829
f 830 157 162
f 830 162 828
f 830 828 829
f 830 829 157
f 831 740 729
f 831 729 825
f 831 832 740
f 831 825 832
f 833 825 828
f 833 828 740
f 833 740 832
f 833 832 825
f 834 835 819
f 834 819 713
f 834 713 836
f 834 836 835
f 837 713 742
f 837 742 835
f 837 836 713
f 837 835 836
f 838 171 151
f 838 151 819
f 838 819 835
f 838 835 171
f 839 173 840
f 839 840 828
f 839 828 162
f 839 162 173
f 740 840 747
f 828 840 740
f 777 788 779
f 777 841 788
f 842 841 777
f 842 777 97
f 842 97 177
f 842 177 841
f 843 806 707
f 843 707 844
f 845 707 788
f 845 788 841
f 845 844 707
f 846 844 845
f 846 845 841
f 847 841 806
f 847 846 841
f 847 844 846
f 847 806 843
f 847 843 844
f 848 849 850
f 851 850 852
f 853 144 806
f 853 806 849
f 853 849 848
f 853 848 144
f 854 806 841
f 854 841 852
f 854 849 806
f 854 850 849
f 854 852 850
f 855 177 144
f 855 851 177
f 855 848 850
f 855 144 848
f 855 850 851
f 856 841 177
f 856 177 851
f 856 852 841
f 856 851 852
f 857 858 859
f 857 860 861
f 857 861 858
f 862 861 860
f 862 863 861
f 862 860 864
f 865 866 781
f 865 864 866
f 865 862 864
f 867 868 869
f 867 864 860
f 867 860 857
f 867 869 864
f 870 781 866
f 870 866 864
f 870 864 869
f 871 868 867
f 871 867 857
f 872 869 868
f 872 868 873
f 874 781 858
f 874 861 863
f 874 858 861
f 874 865 781
f 874 863 862
f 874 862 865
f 875 869 872
f 876 868 871
f 876 873 868
f 877 872 873
f 877 782 878
f 877 873 876
f 877 878 872
f 879 871 857
f 880 870 869
f 880 869 875
f 881 876 871
f 882 878 782
f 882 875 872
f 882 872 878
f 883 781 870
f 883 870 880
f 884 782 877
f 884 877 876
f 885 857 859
f 885 879 857
f 886 782 781
f 886 781 883
f 886 882 782
f 886 880 875
f 886 875 882
f 886 883 880
f 887 871 879
f 887 881 871
f 887 885 859
f 887 879 885
f 888 859 782
f 888 782 884
f 888 876 881
f 888 884 876
f 888 887 859
f 888 881 887
f 889 890 782
f 889 891 890
f 892 889 782
f 892 891 889
f 893 894 891
f 893 891 892
f 895 896 890
f 895 894 897
f 895 890 891
f 895 891 894
f 898 896 895
f 898 895 897
f 899 859 896
f 899 896 898
f 899 898 897
f 900 859 899
f 900 899 897
f 901 897 894
f 901 900 897
f 902 893 892
f 902 894 893
f 902 901 894
f 903 900 901
f 903 901 902
f 904 902 892
f 904 903 902
f 905 900 903
f 905 903 904
f 906 904 892
f 906 905 904
f 907 900 905
f 907 905 906
f 908 892 782
f 908 906 892
f 908 907 906
f 909 782 859
f 909 859 900
f 909 908 782
f 909 900 907
f 909 907 908
f 910 782 890
f 910 890 911
f 912 246 107
f 913 912 107
f 914 890 246
f 914 910 911
f 914 911 890
f 914 246 912
f 914 915 910
f 914 912 915
f 916 107 782
f 916 912 913
f 916 910 915
f 916 782 910
f 916 915 912
f 916 913 107
f 917 918 919
f 917 919 920
f 917 920 921
f 917 921 918
f 922 923 924
f 922 924 919
f 922 919 918
f 922 918 923
f 925 926 927
f 925 927 928
f 925 928 929
f 925 929 926
f 930 931 926
f 929 930 926
f 932 919 929
f 932 929 928
f 932 928 920
f 932 920 919
f 929 924 930
f 929 919 924
f 933 934 935
f 933 935 936
f 933 936 937
f 933 937 934
f 938 926 937
f 938 937 939
f 938 939 927
f 938 927 926
f 937 931 934
f 937 926 931
f 921 940 918
f 921 941 940
f 942 943 923
f 942 923 918
f 942 918 940
f 942 940 943
f 944 278 940
f 944 940 941
f 944 941 279
f 944 279 278
f 940 280 943
f 940 278 280
f 945 859 946
f 945 946 947
f 948 945 947
f 949 858 950
f 949 950 951
f 952 953 954
f 952 951 953
f 955 954 953
f 955 947 954
f 956 948 947
f 956 947 955
f 957 958 859
f 957 859 945
f 957 945 948
f 959 953 951
f 960 946 859
f 960 954 947
f 960 947 946
f 961 958 957
f 961 948 956
f 961 957 948
f 962 949 951
f 962 951 952
f 963 955 953
f 963 956 955
f 963 953 959
f 964 961 956
f 964 956 963
f 965 959 951
f 966 960 859
f 966 954 960
f 967 958 961
f 967 961 964
f 968 949 962
f 969 959 965
f 969 963 959
f 969 964 963
f 970 967 964
f 970 964 969
f 971 966 859
f 971 954 966
f 972 965 951
f 973 958 967
f 973 967 970
f 974 949 968
f 975 969 965
f 975 970 969
f 975 965 972
f 976 973 970
f 976 970 975
f 977 952 954
f 977 954 971
f 977 962 952
f 977 971 859
f 977 968 962
f 977 974 968
f 978 951 950
f 978 972 951
f 979 958 973
f 979 973 976
f 980 859 858
f 980 858 949
f 980 977 859
f 980 949 974
f 980 974 977
f 981 975 972
f 981 976 975
f 981 972 978
f 982 958 979
f 982 950 958
f 982 976 981
f 982 981 978
f 982 978 950
f 982 979 976
f 983 937 936
f 983 936 984
f 983 984 939
f 983 939 937
f 985 936 935
f 986 987 985
f 988 987 986
f 989 990 987
f 989 987 988
f 991 992 993
f 991 994 992
f 995 992 994
f 995 996 992
f 995 997 996
f 998 985 935
f 998 986 985
f 999 989 993
f 999 990 989
f 1000 993 992
f 1000 999 993
f 1001 993 989
f 1002 991 993
f 1002 993 1001
f 1002 1001 1003
f 1004 994 991
f 1004 991 1002
f 1005 1006 1007
f 1008 994 1004
f 1009 997 995
f 1009 1007 997
f 1010 995 994
f 1010 1009 995
f 1011 1007 1009
f 1012 936 985
f 1012 985 987
f 1012 987 990
f 1012 990 1013
f 1014 1015 1000
f 1014 992 996
f 1014 1000 992
f 1016 988 986
f 1017 1014 996
f 1018 989 988
f 1018 988 1016
f 1019 1001 989
f 1019 989 1018
f 1019 1003 1001
f 1020 1003 1019
f 1021 996 997
f 1021 1017 996
f 1022 1005 1007
f 1023 1024 1011
f 1023 1011 1009
f 1025 1022 1007
f 1025 1007 1011
f 1026 1023 1009
f 1026 1024 1023
f 1026 1010 1027
f 1026 1009 1010
f 1028 1011 1024
f 1028 1025 1011
f 1029 1024 1026
f 1029 1026 1027
f 1030 1024 1029
f 1031 1032 1028
f 1031 1028 1024
f 1031 1024 1030
f 1031 1033 1032
f 1034 1032 1033
f 1035 1034 1033
f 1036 1012 1013
f 1037 998 935
f 1037 986 998
f 1038 1000 1015
f 1038 990 999
f 1038 1013 990
f 1038 999 1000
f 1039 1038 1015
f 1039 1015 1014
f 1040 1017 1021
f 1041 1021 997
f 1041 997 1007
f 1041 1007 1006
f 1041 1040 1021
f 1042 1003 1020
f 1042 1002 1003
f 1042 1004 1002
f 1042 1020 1043
f 1044 1006 1005
f 1044 1041 1006
f 1045 1008 1004
f 1045 1004 1042
f 1046 1008 1045
f 1046 1045 1042
f 1047 1008 1046
f 1048 859 1049
f 1048 1049 1005
f 1048 1050 859
f 1048 1005 1022
f 1048 1022 1050
f 1051 1029 1027
f 1051 1027 1052
f 1053 1054 1032
f 1053 1032 1034
f 1055 1033 1031
f 1056 1033 1055
f 1056 1035 1033
f 1057 1039 1014
f 1057 1014 1017
f 1057 1058 1039
f 1059 1016 986
f 1060 1057 1017
f 1061 1018 1016
f 1062 1061 1016
f 1062 1016 1059
f 1063 1019 1018
f 1063 1018 1061
f 1063 1061 1062
f 1063 1020 1019
f 1063 1043 1020
f 1064 1060 1017
f 1064 1017 1040
f 1064 1040 1041
f 1065 1043 1063
f 1066 1049 859
f 1066 1005 1049
f 1067 994 1008
f 1067 1052 1027
f 1067 1008 1052
f 1067 1027 1010
f 1067 1010 994
f 1068 1032 1054
f 1068 1028 1032
f 1068 1022 1025
f 1068 1050 1022
f 1068 1025 1028
f 1069 1029 1051
f 1069 1030 1029
f 1069 1051 1070
f 1071 859 1050
f 1072 1068 1054
f 1072 1050 1068
f 1072 1071 1050
f 1073 1055 1031
f 1073 1030 1069
f 1073 1031 1030
f 1074 1053 1034
f 1074 1034 1035
f 1074 1035 896
f 1075 1012 1036
f 1076 1037 935
f 1076 986 1037
f 1077 1036 1013
f 1077 1039 1058
f 1077 1013 1038
f 1077 1038 1039
f 1078 1077 1058
f 1078 1058 1057
f 1079 1060 1064
f 1080 1079 1064
f 1080 1064 1041
f 1080 1041 1044
f 1081 1043 1065
f 1081 1065 1082
f 1081 1042 1043
f 1081 1046 1042
f 1083 1044 1005
f 1083 1080 1044
f 1084 1046 1081
f 1084 1047 1046
f 1085 1084 1081
f 1085 1047 1084
f 1086 1047 1085
f 1087 1051 1052
f 1087 1008 1047
f 1087 1052 1008
f 1087 1047 1086
f 1087 1070 1051
f 1088 1070 1087
f 1088 1069 1070
f 1089 1072 1054
f 1089 1054 1053
f 1090 1089 1053
f 1090 1053 1074
f 1091 1035 1056
f 1091 1056 1055
f 1092 1057 1060
f 1092 1093 1078
f 1092 1078 1057
f 1094 1059 986
f 1095 1092 1060
f 1096 1062 1059
f 1097 1059 1094
f 1097 1096 1059
f 1098 1063 1062
f 1098 1062 1096
f 1098 1065 1063
f 1098 1096 1097
f 1098 1082 1065
f 1099 1060 1079
f 1099 1079 1080
f 1099 1095 1060
f 1100 1082 1098
f 1101 1066 859
f 1101 1005 1066
f 1102 1088 1103
f 1102 1069 1088
f 1102 1073 1069
f 1104 859 1071
f 1104 1071 1072
f 1105 1073 1102
f 1105 1055 1073
f 1106 1090 1074
f 1106 1074 896
f 1107 1012 1075
f 1108 986 1076
f 1108 1076 935
f 1109 1078 1093
f 1109 1036 1077
f 1109 1075 1036
f 1109 1077 1078
f 1110 1109 1093
f 1110 1093 1092
f 1111 1095 1099
f 1112 1111 1099
f 1112 1099 1080
f 1112 1080 1083
f 1113 1081 1082
f 1113 1082 1100
f 1113 1100 1114
f 1113 1085 1081
f 1115 1112 1083
f 1115 1083 1005
f 1116 1086 1085
f 1116 1085 1113
f 1117 1086 1116
f 1117 1116 1113
f 1118 1086 1117
f 1119 1103 1088
f 1119 1087 1086
f 1119 1088 1087
f 1120 1102 1103
f 1120 1103 1119
f 1121 1089 1090
f 1121 1072 1089
f 1122 1121 1090
f 1122 1090 1106
f 1123 1035 1091
f 1123 1091 1055
f 1124 1092 1095
f 1124 1110 1092
f 1124 1125 1110
f 1126 1094 986
f 1127 1124 1095
f 1128 1097 1094
f 1129 1094 1126
f 1129 1128 1094
f 1130 1097 1128
f 1130 1128 1129
f 1130 1098 1097
f 1130 1114 1100
f 1130 1100 1098
f 1131 1095 1111
f 1131 1111 1112
f 1131 1127 1095
f 1132 1114 1130
f 1133 1005 1101
f 1133 1101 859
f 1134 1102 1120
f 1134 1120 1135
f 1134 1105 1102
f 1136 1104 1072
f 1136 859 1104
f 1137 1055 1105
f 1137 1105 1134
f 1138 1122 1106
f 1138 1106 896
f 1139 859 936
f 1139 936 1012
f 1139 1012 1107
f 1140 1126 986
f 1140 1108 935
f 1140 986 1108
f 1141 1109 1110
f 1141 1139 1107
f 1141 1107 1075
f 1141 1075 1109
f 1141 1110 1125
f 1142 1125 1124
f 1142 1139 1141
f 1142 1141 1125
f 1142 1127 1139
f 1142 1124 1127
f 1143 1127 1131
f 1144 1130 1129
f 1144 1132 1130
f 1144 1129 1126
f 1145 1143 1131
f 1145 1127 1143
f 1145 1131 1112
f 1145 1112 1115
f 1146 1132 1144
f 1146 1114 1132
f 1146 1113 1114
f 1146 1117 1113
f 1147 859 1139
f 1147 1115 1005
f 1147 1005 1133
f 1147 1127 1145
f 1147 1139 1127
f 1147 1133 859
f 1147 1145 1115
f 1148 1118 1117
f 1148 1117 1146
f 1149 1146 1144
f 1149 1144 1126
f 1149 1118 1148
f 1149 1148 1146
f 1150 1149 1126
f 1150 935 896
f 1150 1126 1140
f 1150 1140 935
f 1150 1118 1149
f 1151 1119 1086
f 1151 1118 1150
f 1151 1120 1119
f 1151 1135 1120
f 1151 1086 1118
f 1152 1151 1150
f 1152 1134 1135
f 1152 1137 1134
f 1152 1150 1137
f 1152 1135 1151
f 1153 1136 1072
f 1153 1072 1121
f 1153 1121 1122
f 1154 896 859
f 1154 1153 1122
f 1154 859 1136
f 1154 1136 1153
f 1154 1122 1138
f 1154 1138 896
f 1155 1035 1123
f 1155 1123 1055
f 1155 1150 896
f 1155 1055 1137
f 1155 896 1035
f 1155 1137 1150
f 1156 1157 1158
f 1156 1158 1159
f 1160 1161 1159
f 1162 1161 1160
f 1163 1161 1162
f 1164 1163 1162
f 1165 1163 1164
f 1166 984 936
f 1166 1158 1157
f 1166 1157 984
f 1167 1159 1158
f 1167 1158 1166
f 1168 1159 1161
f 1168 1161 1163
f 1168 1163 1165
f 1169 1165 1164
f 1170 1165 1169
f 1171 1156 1159
f 1171 1157 1156
f 1172 1160 1159
f 1172 1162 1160
f 1173 1164 1162
f 1173 1162 1172
f 1174 859 958
f 1174 1170 859
f 1174 1165 1170
f 1175 1159 1167
f 1175 1167 1166
f 1176 1159 1168
f 1176 1168 1165
f 1176 1165 1174
f 1177 1169 1164
f 1177 1170 1169
f 1178 1157 1171
f 1178 1171 1159
f 1179 1172 1159
f 1179 1173 1172
f 1180 1164 1173
f 1180 1173 1179
f 1181 1159 1175
f 1181 1175 1166
f 1182 1159 1176
f 1182 1176 1174
f 1183 1170 1177
f 1183 1177 1164
f 1184 1157 1178
f 1184 1178 1159
f 1185 1179 1159
f 1185 1180 1179
f 1186 1164 1180
f 1186 1180 1185
f 1187 1159 1181
f 1187 1181 1166
f 1188 1159 1182
f 1188 1182 1174
f 1189 1170 1183
f 1189 1183 1164
f 1190 984 1157
f 1190 1157 1184
f 1190 1184 1159
f 1191 1185 1159
f 1191 1159 1187
f 1191 1186 1185
f 1192 1186 1191
f 1192 1164 1186
f 1193 936 859
f 1193 1191 1187
f 1193 1192 1191
f 1193 1166 936
f 1193 1187 1166
f 1194 1188 1174
f 1194 958 984
f 1194 1190 1159
f 1194 1174 958
f 1194 1159 1188
f 1194 984 1190
f 1195 1170 1189
f 1195 1189 1164
f 1195 1193 859
f 1195 859 1170
f 1195 1192 1193
f 1195 1164 1192
f 1196 779 787
f 778 779 1196
f 1197 858 1198
f 1197 950 858
f 104 535 1199
f 104 1199 781
f 1199 858 781
f 1199 1198 858
f 1196 787 1200
f 1201 1196 1200
f 1201 1200 950
f 1197 1201 950
f 1202 1203 1204
f 1205 1202 1206
f 1207 1202 1204
f 1207 1206 1202
f 1208 1206 1207
f 1209 689 1203
f 1209 1203 1202
f 1209 1202 1205
f 1209 1205 689
f 1210 690 689
f 1210 1208 690
f 1210 1205 1206
f 1210 689 1205
f 1210 1206 1208
f 1211 1207 1204
f 1211 1208 1207
f 1212 1204 690
f 1212 1211 1204
f 1212 690 1208
f 1212 1208 1211
f 1213 921 920
f 1213 920 1204
f 1213 1204 1203
f 1213 1203 921
f 1214 1215 684
f 1214 684 690
f 1214 690 1216
f 1214 1216 1215
f 1217 690 1204
f 1217 1204 1215
f 1217 1216 690
f 1217 1215 1216
f 1218 1204 920
f 1218 920 928
f 1219 1215 1204
f 1219 1204 1218
f 1220 928 1215
f 1220 1218 928
f 1220 1215 1219
f 1220 1219 1218
f 1221 1222 695
f 1221 695 684
f 1221 684 1215
f 1221 1215 1222
f 927 1222 1215
f 927 1215 928
f 1223 1222 1224
f 1223 1224 702
f 1223 702 695
f 1223 695 1222
f 1224 927 939
f 1224 1222 927
f 1225 705 702
f 1225 702 1224
f 1225 1226 705
f 1225 1224 1226
f 1227 1224 1228
f 1227 1228 705
f 1227 705 1226
f 1227 1226 1224
f 1229 939 984
f 1229 984 1228
f 1229 1228 1224
f 1229 1224 939
f 1230 786 1231
f 1230 1231 1200
f 1230 1200 787
f 1230 787 786
f 1232 958 950
f 1232 950 1200
f 1232 1200 1231
f 1232 1231 958
f 1233 1228 1231
f 1233 1234 1235
f 1233 1236 1228
f 1233 1235 1237
f 1233 1231 1234
f 1233 1237 1236
f 1238 786 705
f 1238 1235 1234
f 1238 705 1237
f 1238 1237 1235
f 1239 786 1238
f 1239 1238 1234
f 1240 1231 786
f 1240 1234 1231
f 1240 786 1239
f 1240 1239 1234
f 1241 705 1228
f 1241 1237 705
f 1241 1228 1236
f 1241 1236 1237
f 1242 958 1231
f 1243 1242 1231
f 1244 1242 1243
f 1245 1246 1244
f 1245 1244 1243
f 1247 1248 1246
f 1247 1246 1245
f 1249 1248 1250
f 1251 1249 1250
f 1252 1251 1250
f 1253 1251 1252
f 1254 1228 984
f 1254 984 1253
f 1254 1253 1252
f 1255 1246 1248
f 1255 1244 1246
f 1255 1242 1244
f 1256 1250 1248
f 1256 1252 1250
f 1256 1254 1252
f 1257 1245 1243
f 1257 1247 1245
f 1258 1249 1251
f 1258 1251 1253
f 1259 1242 1255
f 1259 1255 1248
f 1260 1256 1248
f 1260 1254 1256
f 1261 1257 1243
f 1261 1247 1257
f 1262 1249 1258
f 1262 1258 1253
f 1263 1242 1259
f 1263 1259 1248
f 1264 1260 1248
f 1264 1254 1260
f 1265 1261 1243
f 1265 1247 1261
f 1266 1262 1253
f 1266 1249 1262
f 1267 1263 1248
f 1267 1242 1263
f 1268 1264 1248
f 1268 1254 1264
f 1269 1243 1231
f 1269 1265 1243
f 1269 1247 1265
f 1270 1253 984
f 1270 1266 1253
f 1270 1249 1266
f 1271 984 958
f 1271 1270 984
f 1271 958 1242
f 1271 1267 1248
f 1271 1248 1249
f 1271 1242 1267
f 1271 1249 1270
f 1272 1231 1228
f 1272 1248 1247
f 1272 1228 1254
f 1272 1268 1248
f 1272 1254 1268
f 1272 1269 1231
f 1272 1247 1269
f 689 1273 1203
f 689 795 1273
f 1203 941 921
f 1203 1273 941
f 1274 608 1273
f 1274 1273 795
f 1274 795 121
f 1274 121 608
f 1275 279 941
f 1275 941 1273
f 1275 1273 608
f 1275 608 279
f 535 611 1276
f 535 1276 1199
f 1198 1199 1276
f 1277 1198 1276
f 98 776 1278
f 614 98 1278
f 776 778 1279
f 776 1279 1278
f 778 1196 1280
f 778 1280 1279
f 1198 1281 1197
f 1277 1281 1198
f 1282 1280 1196
f 1282 1196 1201
f 1197 1282 1201
f 1281 1282 1197
f 1283 611 620
f 1283 1276 611
f 1284 1276 1283
f 1284 1277 1276
f 1285 622 614
f 1278 1285 614
f 1286 1285 1278
f 1279 1286 1278
f 1287 1286 1279
f 1280 1287 1279
f 1284 1281 1277
f 1284 1288 1281
f 1289 1280 1282
f 1289 1287 1280
f 1282 1281 1288
f 1289 1282 1288
f 629 1290 943
f 280 629 943
f 631 1291 1290
f 629 631 1290
f 1290 1292 923
f 943 1290 923
f 1291 1293 1292
f 1290 1291 1292
f 896 1294 890
f 1295 1294 896
f 1296 1294 1295
f 1296 1297 1294
f 1298 246 890
f 1298 890 1294
f 1298 1294 639
f 1298 639 246
f 1299 639 1294
f 1299 1294 1297
f 1299 1297 641
f 1299 641 639
f 1300 930 1301
f 1300 931 930
f 1302 1301 1303
f 1302 1300 1301
f 924 1301 930
f 1304 1301 924
f 1305 1301 1304
f 1305 1303 1301
f 924 1292 1304
f 923 1292 924
f 1304 1293 1305
f 1292 1293 1304
f 896 935 1306
f 1295 896 1306
f 1296 1306 1307
f 1296 1295 1306
f 1306 934 1308
f 1306 935 934
f 1306 1308 1309
f 1307 1306 1309
f 931 1308 934
f 1300 1308 931
f 1302 1308 1300
f 1302 1309 1308
f 747 1310 1311
f 747 840 1310
f 1312 1297 1296
f 1312 1296 1311
f 1312 1311 1310
f 1312 1310 1297
f 1313 656 1310
f 1313 1310 840
f 1313 840 173
f 1313 173 656
f 1314 641 1297
f 1314 1297 1310
f 1314 1310 656
f 1314 656 641
f 1315 659 171
f 1315 171 835
f 1315 835 1316
f 1315 1316 659
f 1317 631 659
f 1317 659 1316
f 1317 1316 1291
f 1317 1291 631
f 742 1316 835
f 742 1318 1316
f 1319 1291 1316
f 1319 1316 1318
f 1319 1318 1293
f 1319 1293 1291
f 1320 764 1321
f 1320 1321 1322
f 1323 1322 762
f 1323 762 764
f 1323 764 1320
f 1323 1320 1322
f 1321 1302 1322
f 1321 1309 1302
f 1324 1321 764
f 1324 764 750
f 1324 750 1325
f 1324 1325 1321
f 1326 750 1327
f 1326 1327 1321
f 1326 1325 750
f 1326 1321 1325
f 1328 1309 1321
f 1328 1321 1327
f 1328 1327 1307
f 1328 1307 1309
f 1329 745 758
f 1329 758 1330
f 1329 1331 745
f 1329 1330 1331
f 1332 1330 1333
f 1332 1333 745
f 1332 745 1331
f 1332 1331 1330
f 1334 1303 1305
f 1334 1305 1333
f 1334 1333 1330
f 1334 1330 1303
f 1335 1322 1330
f 1335 1330 758
f 1335 758 762
f 1335 762 1322
f 1336 1302 1303
f 1336 1303 1330
f 1336 1330 1322
f 1336 1322 1302
f 1337 750 747
f 1337 747 1311
f 1337 1338 750
f 1337 1311 1338
f 1339 1311 1327
f 1339 1327 750
f 1339 750 1338
f 1339 1338 1311
f 1340 1296 1307
f 1340 1307 1327
f 1340 1327 1311
f 1340 1311 1296
f 1341 1318 742
f 1341 742 745
f 1341 745 1333
f 1341 1333 1318
f 1342 1293 1318
f 1342 1318 1333
f 1342 1333 1305
f 1342 1305 1293
f 1343 1344 1345
f 1343 1345 1346
f 1343 1346 1347
f 1343 1347 1344
f 1348 1349 1345
f 1348 1345 1344
f 1350 1351 1352
f 1350 1352 1353
f 1354 1350 1353
f 1355 1351 1350
f 1355 1350 1354
f 1356 1357 1358
f 1356 1358 1353
f 1359 1353 1358
f 1359 1354 1353
f 1360 1355 1354
f 1360 1354 1359
f 1361 1357 1356
f 1361 1356 1362
f 1361 1362 1363
f 1364 1363 1365
f 1364 1361 1363
f 1366 1353 1352
f 1366 1356 1353
f 1367 1358 1357
f 1368 1367 1357
f 1369 1357 1361
f 1369 1370 1357
f 1369 1361 1364
f 1371 1362 1356
f 1371 1363 1362
f 1372 1355 1360
f 1373 1372 1360
f 1373 1359 1358
f 1373 1358 1367
f 1373 1360 1359
f 1374 1357 1370
f 1374 1368 1357
f 1375 1374 1370
f 1375 1370 1376
f 1377 1370 1369
f 1377 1378 1376
f 1377 1376 1370
f 1379 1366 1352
f 1379 1356 1366
f 1379 1371 1356
f 1380 1367 1368
f 1380 1373 1367
f 1381 1368 1374
f 1381 1380 1368
f 1382 1369 1364
f 1383 1363 1371
f 1383 1371 1379
f 1384 1355 1372
f 1385 1384 1372
f 1385 1372 1373
f 1385 1373 1380
f 1386 1374 1375
f 1386 1375 1376
f 1387 1378 1377
f 1387 1377 1369
f 1388 1379 1352
f 1388 1383 1379
f 1389 1384 1385
f 1390 1389 1385
f 1390 1380 1381
f 1390 1385 1380
f 1391 1382 1364
f 1392 1390 1381
f 1392 1381 1374
f 1393 1383 1388
f 1393 1363 1383
f 1394 1355 1384
f 1395 1384 1389
f 1395 1389 1390
f 1395 1394 1384
f 1396 1387 1369
f 1396 1378 1387
f 1397 1386 1376
f 1397 1374 1386
f 1398 1388 1352
f 1398 1393 1388
f 1399 1394 1395
f 1400 1390 1392
f 1400 1395 1390
f 1400 1399 1395
f 1401 1391 1364
f 1402 1392 1374
f 1402 1400 1392
f 1403 1363 1393
f 1403 1365 1363
f 1403 1393 1398
f 1404 1351 1355
f 1404 1355 1394
f 1405 1394 1399
f 1405 1399 1400
f 1405 1404 1394
f 1406 1378 1396
f 1406 1382 1391
f 1406 1396 1369
f 1406 1391 1401
f 1406 1369 1382
f 1407 1374 1397
f 1407 1397 1376
f 1407 1376 1378
f 1408 1352 1365
f 1408 1398 1352
f 1408 1365 1403
f 1408 1403 1398
f 1409 1404 1405
f 1410 1400 1402
f 1410 1405 1400
f 1410 1409 1405
f 1410 1404 1409
f 1411 1365 1378
f 1411 1406 1401
f 1411 1364 1365
f 1411 1378 1406
f 1411 1401 1364
f 1412 1402 1374
f 1412 1404 1410
f 1412 1378 1351
f 1412 1374 1407
f 1412 1351 1404
f 1412 1407 1378
f 1412 1410 1402
f 1413 1351 1414
f 1413 1415 1351
f 1416 1417 1352
f 1416 1415 1417
f 1418 1414 1417
f 1418 1413 1414
f 1418 1415 1413
f 1418 1417 1415
f 1419 1352 1351
f 1419 1351 1415
f 1419 1415 1416
f 1419 1416 1352
f 1420 1421 1422
f 1420 1422 1423
f 1424 1422 1425
f 1424 1426 1423
f 1424 1423 1422
f 1427 1428 1421
f 1427 1420 1423
f 1427 1426 1428
f 1427 1423 1426
f 1427 1421 1420
f 1429 1425 1428
f 1429 1424 1425
f 1429 1428 1426
f 1429 1426 1424
f 1430 1422 1431
f 1430 1431 1432
f 1430 1432 1433
f 1434 1433 1435
f 1436 1431 1437
f 1436 1432 1431
f 1436 1437 1435
f 1436 1433 1432
f 1436 1435 1433
f 1438 1425 1422
f 1438 1434 1425
f 1438 1430 1433
f 1438 1422 1430
f 1438 1433 1434
f 1439 1437 1425
f 1439 1425 1434
f 1439 1435 1437
f 1439 1434 1435
f 1346 1440 1441
f 1346 1442 1440
f 1443 1444 1445
f 1446 1444 1443
f 1447 1445 1448
f 1447 1448 1449
f 1447 1449 1443
f 1447 1443 1445
f 1450 1448 1451
f 1450 1451 1452
f 1450 1452 1449
f 1450 1449 1448
f 1453 1454 1455
f 1453 1455 1456
f 1453 1456 1457
f 1458 1455 1345
f 1458 1456 1455
f 1458 1457 1456
f 1459 1345 1349
f 1459 1349 1454
f 1459 1453 1457
f 1459 1458 1345
f 1459 1454 1453
f 1459 1457 1458
f 1449 1460 1461
f 1449 1452 1460
f 1462 1442 1346
f 1462 1346 1345
f 1462 1345 1455
f 1462 1455 1442
f 1443 1461 1463
f 1443 1449 1461
f 1464 1446 1443
f 1464 1443 1463
f 1464 1463 1465
f 1464 1465 1446
f 1466 1346 1441
f 1467 1346 1466
f 1467 1466 1468
f 1469 1470 1468
f 1471 1472 1347
f 1471 1470 1469
f 1473 1466 1441
f 1473 1468 1466
f 1474 1468 1470
f 1474 1470 1471
f 1475 1467 1468
f 1475 1346 1467
f 1476 1469 1468
f 1476 1471 1469
f 1477 1473 1441
f 1477 1468 1473
f 1478 1468 1474
f 1478 1474 1471
f 1479 1346 1475
f 1479 1475 1468
f 1480 1471 1476
f 1480 1476 1468
f 1481 1477 1441
f 1481 1468 1477
f 1482 1468 1478
f 1482 1478 1471
f 1483 1346 1479
f 1483 1479 1468
f 1484 1471 1480
f 1484 1480 1468
f 1485 1481 1441
f 1485 1468 1481
f 1486 1468 1482
f 1486 1482 1471
f 1487 1346 1483
f 1487 1483 1468
f 1488 1472 1471
f 1488 1471 1484
f 1488 1484 1468
f 1489 1441 1472
f 1489 1472 1488
f 1489 1485 1441
f 1489 1468 1485
f 1489 1488 1468
f 1490 1347 1346
f 1490 1471 1347
f 1490 1486 1471
f 1490 1346 1487
f 1490 1468 1486
f 1490 1487 1468
f 1491 1492 1493
f 1494 1491 1493
f 1494 1495 1491
f 1496 1497 1498
f 1496 1494 1497
f 1496 1495 1494
f 1499 1497 1494
f 1499 1494 1493
f 1500 1501 1498
f 1502 1501 1500
f 1502 1503 1501
f 1504 1502 1500
f 1505 1502 1504
f 1506 1503 1502
f 1506 1502 1505
f 1507 1492 1422
f 1507 1422 1499
f 1507 1493 1492
f 1507 1499 1493
f 1508 1498 1501
f 1508 1496 1498
f 1508 1501 1503
f 1509 1497 1499
f 1510 1500 1498
f 1510 1498 1497
f 1510 1497 1509
f 1511 1421 1512
f 1511 1512 1503
f 1511 1506 1421
f 1511 1503 1506
f 1513 1421 1506
f 1513 1506 1505
f 1514 1491 1495
f 1514 1495 1496
f 1515 1500 1510
f 1515 1504 1500
f 1516 1505 1504
f 1516 1513 1505
f 1516 1504 1515
f 1517 1496 1508
f 1517 1508 1503
f 1518 1509 1499
f 1518 1510 1509
f 1519 1421 1513
f 1519 1513 1516
f 1520 1491 1514
f 1520 1514 1496
f 1521 1515 1510
f 1521 1516 1515
f 1522 1519 1516
f 1522 1516 1521
f 1523 1517 1503
f 1523 1496 1517
f 1524 1518 1499
f 1524 1510 1518
f 1525 1491 1520
f 1525 1520 1496
f 1525 1496 1523
f 1526 1519 1522
f 1526 1522 1521
f 1527 1525 1523
f 1527 1523 1503
f 1528 1524 1499
f 1528 1510 1524
f 1529 1492 1491
f 1529 1491 1525
f 1529 1525 1527
f 1530 1526 1521
f 1530 1421 1519
f 1530 1519 1526
f 1531 1512 1492
f 1531 1527 1503
f 1531 1529 1527
f 1531 1503 1512
f 1531 1492 1529
f 1532 1422 1421
f 1532 1421 1530
f 1532 1499 1422
f 1532 1510 1528
f 1532 1530 1521
f 1532 1528 1499
f 1532 1521 1510
f 1533 1534 1492
f 1535 1534 1533
f 1535 1533 1536
f 1537 1538 1539
f 1537 1539 1535
f 1537 1535 1536
f 1540 1535 1539
f 1540 1534 1535
f 1541 1538 1542
f 1543 1541 1542
f 1543 1542 1544
f 1545 1541 1543
f 1546 1545 1543
f 1547 1543 1544
f 1547 1546 1543
f 1548 1352 1492
f 1548 1492 1534
f 1548 1540 1352
f 1548 1534 1540
f 1549 1542 1538
f 1549 1538 1537
f 1550 1542 1549
f 1550 1544 1542
f 1551 1540 1539
f 1552 1538 1541
f 1552 1539 1538
f 1552 1551 1539
f 1553 1512 1365
f 1553 1544 1512
f 1553 1365 1547
f 1553 1547 1544
f 1554 1547 1365
f 1554 1546 1547
f 1555 1536 1533
f 1555 1537 1536
f 1556 1512 1544
f 1556 1544 1550
f 1557 1552 1541
f 1557 1541 1545
f 1558 1545 1546
f 1558 1546 1554
f 1558 1557 1545
f 1559 1549 1537
f 1559 1550 1549
f 1559 1537 1555
f 1560 1512 1556
f 1560 1556 1550
f 1560 1550 1559
f 1561 1540 1551
f 1561 1551 1552
f 1562 1554 1365
f 1562 1558 1554
f 1563 1492 1512
f 1563 1533 1492
f 1563 1512 1560
f 1563 1555 1533
f 1563 1559 1555
f 1563 1560 1559
f 1564 1552 1557
f 1564 1557 1558
f 1565 1558 1562
f 1565 1564 1558
f 1566 1561 1552
f 1566 1540 1561
f 1567 1565 1562
f 1567 1562 1365
f 1568 1564 1565
f 1568 1552 1564
f 1569 1565 1567
f 1569 1568 1565
f 1570 1540 1566
f 1570 1566 1552
f 1571 1567 1365
f 1571 1569 1567
f 1572 1552 1568
f 1572 1568 1569
f 1573 1569 1571
f 1573 1572 1569
f 1574 1365 1352
f 1574 1552 1572
f 1574 1352 1540
f 1574 1570 1552
f 1574 1572 1573
f 1574 1540 1570
f 1575 1571 1365
f 1575 1365 1574
f 1575 1573 1571
f 1575 1574 1573
f 1576 1431 1422
f 1576 1422 1577
f 1578 1492 1579
f 1578 1579 1577
f 1580 1579 1431
f 1580 1577 1579
f 1580 1431 1576
f 1580 1576 1577
f 1581 1422 1492
f 1581 1578 1577
f 1581 1577 1422
f 1581 1492 1578
f 1582 1417 1579
f 1582 1579 1583
f 1584 1417 1582
f 1584 1582 1583
f 1585 1579 1492
f 1585 1586 1587
f 1585 1583 1579
f 1585 1587 1583
f 1588 1352 1417
f 1588 1587 1586
f 1588 1417 1584
f 1588 1583 1587
f 1588 1586 1352
f 1588 1584 1583
f 1589 1585 1492
f 1589 1586 1585
f 1590 1492 1352
f 1590 1589 1492
f 1590 1352 1586
f 1590 1586 1589
f 1591 1444 1446
f 1591 1446 1592
f 1591 1592 1593
f 1591 1593 1444
f 1594 1593 1592
f 1594 1592 1441
f 1594 1441 1440
f 1594 1440 1593
f 1595 1592 1446
f 1595 1446 1465
f 1596 1465 1597
f 1596 1597 1592
f 1596 1595 1465
f 1596 1592 1595
f 1598 1441 1592
f 1599 1441 1598
f 1600 1597 1472
f 1600 1472 1441
f 1600 1441 1599
f 1601 1592 1597
f 1601 1598 1592
f 1601 1600 1599
f 1601 1599 1598
f 1601 1597 1600
f 1602 1603 1604
f 1605 1603 1602
f 1606 1607 1608
f 1609 1607 1606
f 1604 1610 1611
f 1603 1610 1604
f 1608 1612 1613
f 1607 1612 1608
f 1605 1614 1615
f 1602 1614 1605
f 1609 1616 1617
f 1606 1616 1609
f 1618 1610 1619
f 1618 1611 1610
f 1620 1613 1612
f 1620 1612 1621
f 1622 1618 1619
f 1622 1619 1623
f 1624 1620 1621
f 1624 1621 1625
f 1626 1622 1623
f 1626 1623 1627
f 1628 1624 1625
f 1628 1625 1629
f 1630 1631 1632
f 1630 1632 1633
f 1634 1635 1636
f 1634 1636 1637
f 1615 1633 1632
f 1614 1633 1615
f 1617 1637 1636
f 1616 1637 1617
f 1638 1639 1637
f 1638 1637 1616
f 1638 1616 1640
f 1638 1640 1639
f 1641 1632 1639
f 1641 1639 1640
f 1641 1640 1615
f 1641 1615 1632
f 1637 1642 1634
f 1639 1642 1637
f 1639 1631 1642
f 1639 1632 1631
f 1643 1624 1628
f 1643 1628 1644
f 1643 1644 1627
f 1623 1643 1627
f 1645 1624 1643
f 1645 1620 1624
f 1645 1643 1623
f 1619 1645 1623
f 1646 1620 1645
f 1646 1613 1620
f 1610 1645 1619
f 1646 1645 1610
f 1647 1606 1648
f 1647 1649 1606
f 1650 1640 1616
f 1651 1640 1650
f 1652 1653 1654
f 1655 1654 1653
f 1656 1653 1652
f 1657 1650 1616
f 1658 1640 1651
f 1658 1650 1657
f 1658 1651 1650
f 1659 1654 1655
f 1660 1652 1654
f 1660 1656 1652
f 1660 1654 1659
f 1661 1657 1616
f 1662 1658 1657
f 1662 1640 1658
f 1662 1657 1661
f 1663 1659 1655
f 1664 1660 1659
f 1664 1656 1660
f 1664 1659 1663
f 1665 1661 1616
f 1666 1661 1665
f 1666 1640 1662
f 1666 1662 1661
f 1667 1663 1655
f 1668 1664 1663
f 1668 1656 1664
f 1668 1663 1667
f 1669 1655 1653
f 1669 1665 1616
f 1669 1667 1655
f 1670 1653 1656
f 1670 1640 1666
f 1670 1669 1653
f 1670 1666 1665
f 1670 1656 1668
f 1670 1665 1669
f 1671 1616 1606
f 1671 1606 1649
f 1671 1669 1616
f 1671 1667 1669
f 1672 1648 1640
f 1672 1649 1647
f 1672 1647 1648
f 1672 1668 1667
f 1672 1640 1670
f 1672 1670 1668
f 1672 1671 1649
f 1672 1667 1671
f 1673 1648 1605
f 1673 1605 1674
f 1675 1676 1677
f 1678 1674 1605
f 1679 1673 1674
f 1679 1648 1673
f 1679 1674 1678
f 1680 1675 1677
f 1680 1677 1681
f 1682 1678 1605
f 1683 1648 1679
f 1683 1679 1678
f 1683 1678 1682
f 1684 1680 1681
f 1684 1681 1685
f 1686 1682 1605
f 1687 1648 1683
f 1687 1683 1682
f 1687 1682 1686
f 1688 1684 1685
f 1688 1685 1689
f 1690 1677 1676
f 1690 1681 1677
f 1690 1685 1681
f 1690 1686 1605
f 1690 1687 1686
f 1690 1689 1685
f 1691 1676 1675
f 1691 1690 1676
f 1691 1680 1684
f 1691 1675 1680
f 1691 1648 1687
f 1691 1684 1688
f 1691 1687 1690
f 1692 1615 1640
f 1692 1605 1615
f 1692 1689 1690
f 1692 1688 1689
f 1692 1690 1605
f 1693 1640 1648
f 1693 1692 1640
f 1693 1691 1688
f 1693 1648 1691
f 1693 1688 1692
f 1694 1613 1646
f 1694 1608 1613
f 1694 1610 1603
f 1694 1646 1610
f 1695 1608 1694
f 1695 1694 1648
f 1695 1648 1606
f 1695 1606 1608
f 1696 1603 1605
f 1696 1605 1648
f 1696 1648 1694
f 1696 1694 1603
f 1697 1348 1344
f 1697 1344 1698
f 1347 1698 1344
f 1699 1698 1347
f 1700 1701 1461
f 1700 1461 1460
f 1701 1702 1463
f 1701 1463 1461
f 1702 1703 1465
f 1702 1465 1463
f 1699 1472 1704
f 1347 1472 1699
f 1597 1465 1703
f 1597 1703 1705
f 1704 1597 1705
f 1472 1597 1704
f 1706 1707 1697
f 1698 1706 1697
f 1699 1706 1698
f 1708 1706 1699
f 1709 1701 1700
f 1709 1700 1710
f 1711 1701 1709
f 1711 1702 1701
f 1703 1702 1711
f 1712 1703 1711
f 1708 1704 1713
f 1708 1699 1704
f 1714 1703 1712
f 1714 1705 1703
f 1704 1705 1714
f 1713 1704 1714
f 1715 1716 1717
f 1715 1717 1593
f 1715 1593 1440
f 1715 1440 1716
f 1718 1717 1719
f 1718 1719 1444
f 1718 1444 1593
f 1718 1593 1717
f 1720 1721 1722
f 1720 1722 1442
f 1720 1442 1455
f 1720 1455 1721
f 1455 1723 1721
f 1454 1723 1455
f 1724 1725 1451
f 1724 1451 1448
f 1724 1448 1726
f 1724 1726 1725
f 1727 1726 1448
f 1727 1448 1445
f 1727 1445 1728
f 1727 1728 1726
f 1729 1728 1445
f 1729 1445 1444
f 1729 1444 1719
f 1729 1719 1728
f 1730 1722 1716
f 1730 1716 1440
f 1730 1440 1442
f 1730 1442 1722
f 1731 1732 1733
f 1731 1734 1732
f 1716 1731 1733
f 1717 1716 1733
f 1735 1732 1736
f 1733 1732 1735
f 1717 1733 1735
f 1719 1717 1735
f 1737 1738 1739
f 1737 1740 1738
f 1741 1737 1725
f 1741 1725 1726
f 1741 1726 1740
f 1741 1740 1737
f 1742 1743 1738
f 1740 1742 1738
f 1728 1742 1740
f 1726 1728 1740
f 1735 1736 1743
f 1742 1735 1743
f 1719 1735 1742
f 1728 1719 1742
f 1731 1744 1734
f 1745 1744 1731
f 1722 1745 1731
f 1716 1722 1731
f 1746 1732 1734
f 1747 1746 1734
f 1746 1736 1732
f 1746 1748 1736
f 1749 1734 1744
f 1749 1747 1734
f 1743 1736 1748
f 1743 1748 1750
f 1738 1750 1751
f 1738 1743 1750
f 1751 1739 1738
f 1752 1739 1751
f 1721 1753 1754
f 1723 1753 1721
f 1722 1754 1745
f 1722 1721 1754
f 1755 1744 1756
f 1755 1749 1744
f 1757 1758 1759
f 1757 1759 1760
f 1761 1757 1760
f 1762 1757 1761
f 1745 1754 1756
f 1745 1756 1744
f 1763 1764 1765
f 1766 1754 1767
f 1766 1768 1754
f 1766 1769 1768
f 1766 1767 1769
f 1770 1756 1754
f 1770 1754 1768
f 1770 1764 1756
f 1770 1765 1764
f 1771 1767 1772
f 1771 1768 1769
f 1771 1770 1768
f 1771 1769 1767
f 1771 1772 1763
f 1771 1763 1765
f 1771 1765 1770
f 1773 1763 1772
f 1773 1764 1763
f 1774 1772 1756
f 1774 1773 1772
f 1774 1756 1764
f 1774 1764 1773
f 1775 1776 1777
f 1778 1753 1779
f 1780 1778 1779
f 1780 1777 1778
f 1781 1767 1754
f 1781 1776 1775
f 1781 1754 1776
f 1781 1775 1767
f 1782 1754 1753
f 1782 1753 1778
f 1782 1776 1754
f 1782 1777 1776
f 1782 1778 1777
f 1783 1779 1767
f 1783 1780 1779
f 1783 1775 1777
f 1783 1767 1775
f 1783 1777 1780
f 1784 1785 1786
f 1787 1755 1788
f 1787 1789 1790
f 1787 1790 1755
f 1787 1788 1789
f 1791 1792 1755
f 1791 1790 1789
f 1791 1755 1790
f 1791 1785 1792
f 1791 1786 1785
f 1793 1788 1794
f 1793 1794 1784
f 1793 1789 1788
f 1793 1784 1786
f 1793 1791 1789
f 1793 1786 1791
f 1795 1794 1792
f 1795 1784 1794
f 1795 1792 1785
f 1795 1785 1784
f 1796 1788 1755
f 1796 1755 1797
f 1798 1799 1800
f 1801 1755 1756
f 1801 1756 1800
f 1801 1797 1755
f 1801 1800 1799
f 1802 1772 1788
f 1802 1798 1772
f 1802 1796 1797
f 1802 1788 1796
f 1802 1799 1798
f 1802 1797 1801
f 1802 1801 1799
f 1803 1756 1772
f 1803 1800 1756
f 1803 1772 1798
f 1803 1798 1800
f 1804 1805 1806
f 1807 1804 1806
f 1808 1767 1809
f 1808 1772 1767
f 1810 1804 1807
f 1811 1810 1807
f 1812 1809 1767
f 1779 1812 1767
f 1813 1814 1815
f 1816 1813 1815
f 1794 1788 1817
f 1818 1794 1817
f 1805 1814 1806
f 1805 1815 1814
f 1772 1817 1788
f 1808 1817 1772
f 1810 1762 1761
f 1810 1761 1804
f 1804 1761 1760
f 1804 1760 1805
f 1760 1759 1815
f 1760 1815 1805
f 1759 1816 1815
f 1758 1816 1759
f 1817 1808 1819
f 1820 1817 1819
f 1819 1814 1820
f 1806 1814 1819
f 1817 1820 1821
f 1817 1821 1818
f 1821 1820 1814
f 1821 1814 1813
f 1822 1809 1812
f 1822 1823 1809
f 1807 1822 1811
f 1807 1823 1822
f 1808 1809 1823
f 1808 1823 1819
f 1806 1823 1807
f 1806 1819 1823
f 1824 1825 1826
f 1824 1826 1746
f 1824 1746 1747
f 1824 1747 1825
f 1826 1602 1604
f 1826 1825 1602
f 1748 1826 1827
f 1748 1746 1826
f 1828 1604 1611
f 1828 1611 1827
f 1828 1827 1826
f 1828 1826 1604
f 1829 1749 1830
f 1829 1830 1825
f 1829 1825 1747
f 1829 1747 1749
f 1831 1830 1614
f 1831 1614 1602
f 1831 1602 1825
f 1831 1825 1830
f 1750 1827 1832
f 1750 1748 1827
f 1827 1611 1618
f 1832 1827 1618
f 1751 1832 1833
f 1751 1750 1832
f 1833 1618 1622
f 1833 1832 1618
f 1752 1833 1834
f 1752 1751 1833
f 1834 1622 1626
f 1834 1833 1622
f 1835 1836 1837
f 1838 1755 1839
f 1838 1836 1755
f 1838 1837 1836
f 1840 1830 1749
f 1840 1835 1837
f 1840 1749 1835
f 1840 1837 1838
f 1841 1749 1755
f 1841 1836 1835
f 1841 1755 1836
f 1841 1835 1749
f 1842 1838 1839
f 1842 1840 1838
f 1843 1839 1830
f 1843 1830 1840
f 1843 1842 1839
f 1843 1840 1842
f 1844 1839 1633
f 1844 1633 1845
f 1846 1844 1845
f 1847 1614 1830
f 1847 1846 1845
f 1847 1830 1846
f 1848 1844 1846
f 1848 1846 1830
f 1849 1633 1614
f 1849 1845 1633
f 1849 1614 1847
f 1849 1847 1845
f 1850 1830 1839
f 1850 1839 1844
f 1850 1848 1830
f 1850 1844 1848
f 1755 1851 1839
f 1755 1792 1851
f 1839 1630 1633
f 1839 1851 1630
f 1852 1607 1609
f 1852 1609 1853
f 1852 1853 1854
f 1852 1854 1607
f 1853 1512 1854
f 1853 1365 1512
f 1855 1612 1607
f 1855 1607 1854
f 1855 1854 1856
f 1855 1856 1612
f 1512 1421 1856
f 1512 1856 1854
f 1857 1617 1858
f 1857 1858 1853
f 1857 1859 1617
f 1857 1853 1859
f 1860 1853 1609
f 1860 1609 1617
f 1860 1617 1859
f 1860 1859 1853
f 1858 1365 1853
f 1858 1378 1365
f 1861 1612 1856
f 1861 1621 1612
f 1862 1863 1864
f 1865 1856 1421
f 1865 1863 1856
f 1865 1864 1863
f 1866 1863 1862
f 1867 1862 1864
f 1867 1864 1865
f 1867 1865 1868
f 1867 1868 1862
f 1869 1865 1421
f 1869 1868 1865
f 1870 1428 1861
f 1870 1861 1862
f 1870 1862 1868
f 1871 1856 1863
f 1871 1863 1866
f 1872 1862 1861
f 1872 1866 1862
f 1873 1421 1428
f 1873 1428 1870
f 1873 1869 1421
f 1873 1868 1869
f 1873 1870 1868
f 1874 1861 1856
f 1874 1856 1871
f 1874 1871 1866
f 1874 1872 1861
f 1874 1866 1872
f 1875 1636 1635
f 1875 1635 1876
f 1875 1876 1877
f 1875 1877 1636
f 1878 1877 1876
f 1878 1876 1414
f 1878 1414 1351
f 1878 1351 1877
f 1879 1877 1858
f 1879 1858 1880
f 1881 1858 1617
f 1881 1882 1880
f 1881 1880 1858
f 1883 1877 1879
f 1883 1880 1882
f 1883 1879 1880
f 1884 1881 1617
f 1884 1885 1882
f 1884 1882 1881
f 1886 1636 1877
f 1886 1882 1885
f 1886 1877 1883
f 1886 1883 1882
f 1886 1885 1636
f 1887 1617 1636
f 1887 1636 1885
f 1887 1884 1617
f 1887 1885 1884
f 1888 1351 1378
f 1888 1889 1351
f 1890 1378 1858
f 1890 1891 1892
f 1890 1888 1378
f 1890 1892 1889
f 1890 1858 1891
f 1890 1889 1888
f 1893 1877 1351
f 1893 1892 1891
f 1893 1351 1889
f 1893 1889 1892
f 1894 1858 1877
f 1894 1877 1893
f 1894 1891 1858
f 1894 1893 1891
f 1895 1896 1629
f 1895 1629 1625
f 1895 1625 1897
f 1895 1897 1896
f 1898 1437 1896
f 1898 1896 1897
f 1898 1897 1425
f 1898 1425 1437
f 1621 1897 1625
f 1621 1861 1897
f 1899 1900 1901
f 1902 1425 1897
f 1902 1900 1425
f 1902 1901 1900
f 1903 1861 1428
f 1903 1899 1901
f 1903 1428 1899
f 1903 1901 1902
f 1904 1428 1425
f 1904 1900 1899
f 1904 1425 1900
f 1904 1899 1428
f 1905 1897 1861
f 1905 1861 1903
f 1905 1902 1897
f 1905 1903 1902
f 1906 1907 1908
f 1906 1908 1909
f 1906 1909 1910
f 1906 1910 1907
f 1348 1910 1349
f 1907 1910 1348
f 1911 1912 1913
f 1914 1911 1913
f 1914 1915 1911
f 1916 1917 1918
f 1916 1914 1917
f 1916 1915 1914
f 1919 1920 1918
f 1921 1920 1919
f 1922 1921 1919
f 1923 1921 1922
f 1924 1921 1923
f 1925 1912 1926
f 1925 1913 1912
f 1925 1926 1927
f 1925 1917 1914
f 1925 1914 1913
f 1925 1927 1917
f 1928 1918 1920
f 1928 1916 1918
f 1929 1928 1920
f 1929 1920 1930
f 1931 1917 1927
f 1932 1917 1931
f 1933 1918 1917
f 1933 1919 1918
f 1933 1917 1932
f 1934 1935 1930
f 1934 1930 1920
f 1934 1920 1921
f 1934 1921 1924
f 1936 1924 1923
f 1937 1924 1936
f 1938 1937 1939
f 1938 1924 1937
f 1940 1911 1915
f 1940 1915 1916
f 1940 1916 1928
f 1941 1922 1919
f 1941 1919 1933
f 1942 1923 1922
f 1942 1922 1941
f 1942 1936 1923
f 1943 1934 1924
f 1943 1924 1938
f 1944 1928 1929
f 1944 1929 1930
f 1945 1931 1927
f 1945 1932 1931
f 1946 1933 1932
f 1946 1941 1933
f 1947 1935 1934
f 1947 1934 1943
f 1948 1937 1936
f 1948 1936 1942
f 1949 1940 1928
f 1949 1911 1940
f 1950 1946 1932
f 1951 1942 1941
f 1951 1946 1950
f 1951 1941 1946
f 1952 1948 1942
f 1952 1942 1951
f 1953 1947 1943
f 1953 1943 1938
f 1954 1928 1944
f 1954 1944 1930
f 1955 1945 1927
f 1955 1932 1945
f 1956 1951 1950
f 1956 1950 1932
f 1957 1935 1947
f 1957 1947 1953
f 1958 1937 1948
f 1958 1948 1952
f 1959 1949 1928
f 1959 1911 1949
f 1960 1932 1955
f 1960 1956 1932
f 1961 1952 1951
f 1961 1951 1956
f 1961 1956 1960
f 1962 1958 1952
f 1962 1952 1961
f 1963 1953 1938
f 1963 1957 1953
f 1964 1928 1954
f 1964 1954 1930
f 1965 1955 1927
f 1966 1955 1965
f 1966 1960 1955
f 1966 1961 1960
f 1967 1935 1957
f 1967 1957 1963
f 1968 1937 1958
f 1968 1958 1962
f 1969 1912 1911
f 1969 1959 1928
f 1969 1911 1959
f 1970 1966 1965
f 1971 1962 1961
f 1971 1961 1966
f 1971 1966 1970
f 1972 1962 1971
f 1972 1968 1962
f 1973 1938 1939
f 1973 1963 1938
f 1973 1967 1963
f 1974 1935 1912
f 1974 1928 1964
f 1974 1930 1935
f 1974 1912 1969
f 1974 1964 1930
f 1974 1969 1928
f 1975 1926 1939
f 1975 1965 1927
f 1975 1927 1926
f 1976 1965 1975
f 1976 1970 1965
f 1976 1972 1971
f 1976 1971 1970
f 1976 1975 1972
f 1977 1939 1935
f 1977 1973 1939
f 1977 1935 1967
f 1977 1967 1973
f 1978 1937 1968
f 1978 1975 1939
f 1978 1939 1937
f 1978 1968 1972
f 1978 1972 1975
f 1979 1414 1926
f 1979 1926 1980
f 1981 1912 1417
f 1981 1417 1980
f 1982 1417 1414
f 1982 1980 1417
f 1982 1414 1979
f 1982 1979 1980
f 1983 1926 1912
f 1983 1981 1980
f 1983 1980 1926
f 1983 1912 1981
f 1984 1985 1986
f 1984 1987 1985
f 1988 1989 1985
f 1988 1985 1987
f 1988 1987 1990
f 1991 1986 1992
f 1991 1987 1984
f 1991 1992 1990
f 1991 1990 1987
f 1991 1984 1986
f 1993 1992 1989
f 1993 1990 1992
f 1993 1989 1988
f 1993 1988 1990
f 1994 1431 1985
f 1994 1995 1431
f 1994 1996 1995
f 1997 1998 1996
f 1999 1437 1431
f 1999 1998 1437
f 1999 1431 1995
f 1999 1995 1996
f 1999 1996 1998
f 2000 1985 1989
f 2000 1996 1994
f 2000 1989 1997
f 2000 1994 1985
f 2000 1997 1996
f 2001 1989 1437
f 2001 1437 1998
f 2001 1997 1989
f 2001 1998 1997
f 2002 2003 2004
f 2002 2004 1909
f 2002 1909 2005
f 2002 2005 2003
f 2006 2007 2008
f 2006 2008 2009
f 2006 2009 2010
f 2006 2010 2007
f 2011 2007 2010
f 2011 2010 2012
f 2011 2012 2013
f 2011 2013 2007
f 2014 2013 2012
f 2014 2012 1452
f 2014 1452 1451
f 2014 1451 2013
f 2015 1910 2016
f 2017 2016 1454
f 2017 2015 2016
f 2017 2018 2015
f 2019 1910 2015
f 2019 2015 2018
f 2020 1454 1349
f 2020 1349 1910
f 2020 1910 2019
f 2020 2018 2017
f 2020 2017 1454
f 2020 2019 2018
f 2012 1460 1452
f 2012 2021 1460
f 2022 2004 2016
f 2022 2016 1910
f 2022 1910 1909
f 2022 1909 2004
f 2010 2021 2012
f 2010 2023 2021
f 2024 2009 2025
f 2024 2025 2023
f 2024 2023 2010
f 2024 2010 2009
f 2026 2005 1909
f 2027 2005 2026
f 2027 2026 2028
f 2029 2030 2028
f 2031 1908 2032
f 2031 2030 2029
f 2033 2028 2026
f 2033 2026 1909
f 2034 2028 2030
f 2034 2030 2031
f 2035 2027 2028
f 2035 2005 2027
f 2036 2029 2028
f 2036 2031 2029
f 2037 2033 1909
f 2037 2028 2033
f 2038 2028 2034
f 2038 2034 2031
f 2039 2005 2035
f 2039 2035 2028
f 2040 2031 2036
f 2040 2036 2028
f 2041 2037 1909
f 2041 2028 2037
f 2042 2028 2038
f 2042 2038 2031
f 2043 2005 2039
f 2043 2039 2028
f 2044 2031 2040
f 2044 2040 2028
f 2045 2041 1909
f 2045 2028 2041
f 2046 2028 2042
f 2046 2042 2031
f 2047 2005 2043
f 2047 2043 2028
f 2048 1908 2031
f 2048 2031 2044
f 2048 2044 2028
f 2049 1909 1908
f 2049 1908 2048
f 2049 2045 1909
f 2049 2028 2045
f 2049 2048 2028
f 2050 2032 2005
f 2050 2031 2032
f 2050 2046 2031
f 2050 2005 2047
f 2050 2028 2046
f 2050 2047 2028
f 2051 1985 2052
f 2051 2052 2053
f 2054 2051 2053
f 2055 1985 2051
f 2055 2051 2054
f 2056 2055 2054
f 2057 2053 2058
f 2057 2054 2053
f 2057 2056 2054
f 2059 2060 2058
f 2061 2060 2059
f 2061 2059 2062
f 2061 2062 2063
f 2064 2063 2065
f 2064 2061 2063
f 2066 2060 2061
f 2066 2061 2064
f 2067 2053 2052
f 2067 2058 2053
f 2067 2059 2058
f 2068 2058 2060
f 2068 2057 2058
f 2069 2068 2060
f 2069 2060 2066
f 2070 2065 1986
f 2070 2064 2065
f 2070 1986 2066
f 2070 2066 2064
f 2071 2062 2059
f 2071 2063 2062
f 2072 2055 2056
f 2072 2056 2057
f 2073 2066 1986
f 2073 2069 2066
f 2074 2067 2052
f 2074 2059 2067
f 2075 2068 2069
f 2075 2057 2068
f 2075 2072 2057
f 2076 2075 2069
f 2076 2069 2073
f 2077 2063 2071
f 2077 2071 2059
f 2078 2055 2072
f 2079 2073 1986
f 2079 2076 2073
f 2080 2074 2052
f 2080 2059 2074
f 2081 2075 2076
f 2081 2072 2075
f 2081 2078 2072
f 2082 2081 2076
f 2082 2076 2079
f 2083 2063 2077
f 2083 2077 2059
f 2083 2059 2080
f 2084 2055 2078
f 2084 2078 2081
f 2085 2080 2052
f 2085 2083 2080
f 2086 2081 2082
f 2086 2082 2079
f 2087 2083 2085
f 2087 2063 2083
f 2087 2065 2063
f 2088 2084 2081
f 2088 1985 2055
f 2088 2055 2084
f 2089 2052 2065
f 2089 2087 2085
f 2089 2085 2052
f 2089 2065 2087
f 2090 1986 1985
f 2090 2086 2079
f 2090 1985 2088
f 2090 2081 2086
f 2090 2079 1986
f 2090 2088 2081
f 2091 2092 2093
f 2094 2091 2095
f 2094 2095 2096
f 2094 2092 2091
f 2097 2095 2091
f 2098 2099 2096
f 2100 2099 2098
f 2100 2101 2099
f 2102 2100 2098
f 2103 2100 2102
f 2104 2101 2100
f 2104 2100 2103
f 2105 2052 1912
f 2105 2093 2052
f 2105 1912 2097
f 2105 2091 2093
f 2105 2097 2091
f 2106 2096 2099
f 2106 2094 2096
f 2107 2106 2099
f 2107 2099 2101
f 2108 2095 2097
f 2109 2096 2095
f 2109 2098 2096
f 2109 2095 2108
f 2110 1935 2065
f 2110 2065 2101
f 2110 2104 1935
f 2110 2101 2104
f 2111 1935 2104
f 2111 2104 2103
f 2112 2093 2092
f 2112 2092 2094
f 2113 2101 2065
f 2113 2107 2101
f 2114 2102 2098
f 2114 2098 2109
f 2115 2102 2114
f 2115 2103 2102
f 2115 2111 2103
f 2116 2106 2107
f 2116 2094 2106
f 2116 2112 2094
f 2117 2116 2107
f 2117 2107 2113
f 2118 2108 2097
f 2118 2109 2108
f 2119 1935 2111
f 2119 2111 2115
f 2120 2093 2112
f 2120 2112 2116
f 2121 2114 2109
f 2121 2115 2114
f 2122 2119 2115
f 2122 2115 2121
f 2123 2116 2117
f 2123 2117 2113
f 2124 2118 2097
f 2124 2109 2118
f 2125 1935 2119
f 2125 2119 2122
f 2126 2093 2120
f 2126 2120 2116
f 2127 2121 2109
f 2127 2122 2121
f 2128 2122 2127
f 2128 2125 2122
f 2129 2116 2123
f 2129 2123 2113
f 2130 2109 2124
f 2130 2124 2097
f 2131 1935 2125
f 2131 2125 2128
f 2132 2126 2116
f 2132 2052 2093
f 2132 2093 2126
f 2133 2127 2109
f 2133 2128 2127
f 2134 2131 2128
f 2134 2128 2133
f 2135 2065 2052
f 2135 2129 2113
f 2135 2052 2132
f 2135 2116 2129
f 2135 2113 2065
f 2135 2132 2116
f 2136 1912 1935
f 2136 2133 2109
f 2136 2097 1912
f 2136 2130 2097
f 2136 2134 2133
f 2136 2109 2130
f 2137 2136 1935
f 2137 1935 2131
f 2137 2131 2134
f 2137 2134 2136
f 2138 1985 1431
f 2138 2139 1985
f 2140 1579 2052
f 2140 2139 1579
f 2141 1431 1579
f 2141 1579 2139
f 2141 2138 1431
f 2141 2139 2138
f 2142 2052 1985
f 2142 1985 2139
f 2142 2139 2140
f 2142 2140 2052
f 2143 1579 1417
f 2144 1579 2143
f 2145 2052 1579
f 2145 1579 2144
f 2146 1417 1912
f 2146 2143 1417
f 2146 2145 2144
f 2146 2144 2143
f 2147 2146 1912
f 2147 2145 2146
f 2148 1912 2052
f 2148 2147 1912
f 2148 2052 2145
f 2148 2145 2147
f 2149 2008 2150
f 2149 2150 2151
f 2149 2151 2009
f 2149 2009 2008
f 2152 2150 2003
f 2152 2003 2005
f 2152 2005 2151
f 2152 2151 2150
f 2153 2151 2154
f 2153 2009 2151
f 2155 2154 2025
f 2155 2025 2009
f 2155 2153 2154
f 2155 2009 2153
f 2156 2151 2005
f 2157 2151 2156
f 2158 2032 2154
f 2158 2154 2151
f 2158 2151 2157
f 2159 2005 2032
f 2159 2158 2157
f 2159 2157 2156
f 2159 2156 2005
f 2159 2032 2158
f 2160 2161 2162
f 2160 2162 2163
f 2164 2165 2166
f 2164 2166 2167
f 2168 2160 2163
f 2168 2163 2169
f 2170 2164 2167
f 2170 2167 2171
f 2161 2172 2173
f 2162 2161 2173
f 2165 2174 2175
f 2166 2165 2175
f 2168 2176 2177
f 2169 2176 2168
f 2170 2178 2179
f 2171 2178 2170
f 2177 2180 2181
f 2176 2180 2177
f 2179 2182 2183
f 2178 2182 2179
f 2181 1626 1627
f 2180 1626 2181
f 2183 1628 1629
f 2182 1628 2183
f 2184 1631 1630
f 2185 2184 1630
f 2186 1635 1634
f 2187 2186 1634
f 2172 2184 2185
f 2173 2172 2185
f 2174 2186 2187
f 2175 2174 2187
f 2188 2189 2190
f 2188 2190 2175
f 2188 2175 2187
f 2188 2187 2189
f 2191 2184 2172
f 2191 2172 2190
f 2191 2190 2189
f 2191 2189 2184
f 2187 1634 1642
f 2189 2187 1642
f 2189 1631 2184
f 2189 1642 1631
f 1628 2182 2192
f 1644 1628 2192
f 1627 1644 2192
f 1627 2192 2181
f 2182 2178 2193
f 2192 2182 2193
f 2181 2192 2193
f 2181 2193 2177
f 2171 2193 2178
f 2194 2193 2171
f 2194 2177 2193
f 2194 2168 2177
f 2195 2196 2166
f 2197 2196 2195
f 2198 2175 2190
f 2198 2199 2175
f 2200 2201 2202
f 2203 2202 2201
f 2204 2200 2202
f 2205 2175 2199
f 2206 2198 2190
f 2206 2205 2199
f 2206 2199 2198
f 2207 2203 2201
f 2208 2201 2200
f 2208 2200 2204
f 2208 2207 2201
f 2209 2175 2205
f 2210 2206 2190
f 2210 2209 2205
f 2210 2205 2206
f 2211 2203 2207
f 2212 2207 2208
f 2212 2208 2204
f 2212 2211 2207
f 2213 2175 2209
f 2214 2210 2190
f 2214 2213 2209
f 2214 2209 2210
f 2215 2203 2211
f 2216 2211 2212
f 2216 2215 2211
f 2216 2212 2204
f 2217 2202 2203
f 2217 2175 2213
f 2217 2203 2215
f 2218 2204 2202
f 2218 2214 2190
f 2218 2202 2217
f 2218 2213 2214
f 2218 2216 2204
f 2218 2217 2213
f 2219 2166 2175
f 2219 2195 2166
f 2219 2217 2215
f 2219 2175 2217
f 2220 2190 2196
f 2220 2197 2195
f 2220 2196 2197
f 2220 2195 2219
f 2220 2215 2216
f 2220 2218 2190
f 2220 2216 2218
f 2220 2219 2215
f 2221 2161 2196
f 2221 2222 2161
f 2223 2224 2225
f 2226 2161 2222
f 2227 2222 2221
f 2227 2221 2196
f 2227 2226 2222
f 2228 2224 2223
f 2228 2229 2224
f 2230 2161 2226
f 2231 2227 2196
f 2231 2226 2227
f 2231 2230 2226
f 2232 2229 2228
f 2232 2233 2229
f 2234 2161 2230
f 2235 2234 2230
f 2235 2231 2196
f 2235 2230 2231
f 2236 2233 2232
f 2236 2237 2233
f 2238 2161 2234
f 2238 2225 2224
f 2238 2224 2229
f 2238 2229 2233
f 2238 2233 2237
f 2239 2223 2225
f 2239 2234 2235
f 2239 2228 2223
f 2239 2232 2228
f 2239 2235 2196
f 2239 2238 2234
f 2239 2225 2238
f 2239 2236 2232
f 2240 2172 2161
f 2240 2190 2172
f 2240 2161 2238
f 2240 2238 2237
f 2241 2196 2190
f 2241 2190 2240
f 2241 2237 2236
f 2241 2239 2196
f 2241 2236 2239
f 2241 2240 2237
f 2167 2194 2171
f 2242 2194 2167
f 2242 2168 2194
f 2242 2160 2168
f 2243 2167 2166
f 2243 2166 2196
f 2243 2196 2242
f 2243 2242 2167
f 2244 2160 2242
f 2244 2242 2196
f 2244 2196 2161
f 2244 2161 2160
f 1907 1348 1697
f 2245 1907 1697
f 2245 2246 1908
f 2245 1908 1907
f 2021 1700 1460
f 2247 1700 2021
f 2023 2247 2021
f 2248 2247 2023
f 2025 2248 2023
f 2249 2248 2025
f 1908 2250 2032
f 1908 2246 2250
f 2249 2154 2251
f 2025 2154 2249
f 2154 2032 2250
f 2154 2250 2251
f 1697 1707 2252
f 1697 2252 2245
f 2246 2245 2252
f 2253 2246 2252
f 1700 2247 2254
f 1710 1700 2254
f 2247 2248 2255
f 2254 2247 2255
f 2256 2248 2249
f 2256 2255 2248
f 2253 2250 2246
f 2253 2257 2250
f 2258 2249 2251
f 2258 2256 2249
f 2257 2251 2250
f 2257 2258 2251
f 2259 2260 2003
f 2259 2003 2150
f 2259 2150 2261
f 2259 2261 2260
f 2262 2261 2150
f 2262 2150 2008
f 2262 2008 2263
f 2262 2263 2261
f 2264 2265 2016
f 2264 2016 2004
f 2264 2004 2266
f 2264 2266 2265
f 2016 1723 1454
f 2016 2265 1723
f 2267 1725 2268
f 2267 2268 2013
f 2267 2013 1451
f 2267 1451 1725
f 2269 2268 2270
f 2269 2270 2007
f 2269 2007 2013
f 2269 2013 2268
f 2008 2270 2263
f 2008 2007 2270
f 2271 2266 2004
f 2271 2004 2003
f 2271 2003 2260
f 2271 2260 2266
f 2272 2273 2274
f 2272 2275 2273
f 2261 2272 2260
f 2261 2275 2272
f 2276 2277 2273
f 2275 2276 2273
f 2261 2276 2275
f 2263 2276 2261
f 1737 2278 2279
f 1737 1739 2278
f 2280 1737 2279
f 2280 2279 2268
f 2280 2268 1725
f 2280 1725 1737
f 2281 2278 2282
f 2281 2279 2278
f 2270 2279 2281
f 2270 2268 2279
f 2276 2282 2277
f 2276 2281 2282
f 2263 2281 2276
f 2263 2270 2281
f 2283 2274 2284
f 2283 2272 2274
f 2266 2272 2283
f 2260 2272 2266
f 2285 2274 2273
f 2286 2274 2285
f 2287 2273 2277
f 2285 2273 2287
f 2288 2274 2286
f 2288 2284 2274
f 2282 2289 2287
f 2277 2282 2287
f 2278 2290 2289
f 2282 2278 2289
f 2290 2278 1739
f 1752 2290 1739
f 2265 2291 1753
f 2265 1753 1723
f 2266 2291 2265
f 2266 2283 2291
f 2292 2284 2288
f 2292 2293 2284
f 2294 1758 1757
f 2295 2294 1757
f 2296 1757 1762
f 2296 2295 1757
f 2283 2284 2293
f 2291 2283 2293
f 2297 2298 2291
f 2297 2291 2299
f 2300 2291 2293
f 2300 2299 2291
f 2300 2301 2299
f 2300 2302 2301
f 2303 2304 2298
f 2303 2297 2299
f 2303 2299 2301
f 2303 2302 2304
f 2303 2298 2297
f 2303 2301 2302
f 2305 2293 2304
f 2305 2300 2293
f 2305 2304 2302
f 2305 2302 2300
f 1753 2291 2298
f 1779 1753 2298
f 2306 2307 2292
f 2306 2292 2308
f 2309 2310 2311
f 2312 2292 1792
f 2312 2308 2292
f 2312 1792 2311
f 2312 2306 2308
f 2312 2311 2310
f 2313 1794 2307
f 2313 2309 1794
f 2313 2312 2310
f 2313 2307 2306
f 2313 2310 2309
f 2313 2306 2312
f 2314 1792 1794
f 2314 1794 2309
f 2314 2311 1792
f 2314 2309 2311
f 2315 2292 2307
f 2315 2316 2292
f 2317 2318 2319
f 2320 2293 2292
f 2320 2316 2315
f 2320 2318 2293
f 2320 2292 2316
f 2320 2319 2318
f 2321 2307 2304
f 2321 2304 2317
f 2321 2315 2307
f 2321 2317 2319
f 2321 2320 2315
f 2321 2319 2320
f 2322 2304 2293
f 2322 2293 2318
f 2322 2317 2304
f 2322 2318 2317
f 2323 2324 2325
f 2326 2324 2323
f 2327 2298 2304
f 2327 2328 2298
f 2326 2323 1810
f 2326 1810 1811
f 2298 2328 1812
f 2298 1812 1779
f 2329 1813 1816
f 2330 1813 2329
f 2331 1794 1818
f 2307 1794 2331
f 2325 2330 2329
f 2324 2330 2325
f 2304 2307 2331
f 2327 2304 2331
f 1810 2296 1762
f 2323 2296 1810
f 2323 2325 2295
f 2323 2295 2296
f 2295 2329 2294
f 2325 2329 2295
f 2294 1816 1758
f 2329 1816 2294
f 2332 2327 2331
f 2332 2333 2327
f 2333 2332 2330
f 2324 2333 2330
f 1821 2332 2331
f 1818 1821 2331
f 2330 1821 1813
f 2332 1821 2330
f 2328 1822 1812
f 2334 1822 2328
f 2326 1822 2334
f 2326 1811 1822
f 2334 2327 2333
f 2328 2327 2334
f 2324 2334 2333
f 2324 2326 2334
f 2335 2336 2286
f 2335 2286 2285
f 2335 2285 2337
f 2335 2337 2336
f 2338 2162 2336
f 2338 2336 2337
f 2338 2337 2163
f 2338 2163 2162
f 2287 2337 2285
f 2287 2339 2337
f 2340 2163 2337
f 2340 2337 2339
f 2340 2339 2169
f 2340 2169 2163
f 2341 2288 2286
f 2341 2286 2336
f 2341 2336 2342
f 2341 2342 2288
f 2343 2342 2336
f 2343 2336 2162
f 2343 2162 2173
f 2343 2173 2342
f 2289 2344 2339
f 2287 2289 2339
f 2339 2176 2169
f 2339 2344 2176
f 2290 2345 2344
f 2289 2290 2344
f 2345 2180 2176
f 2344 2345 2176
f 1752 1834 2345
f 2290 1752 2345
f 1834 1626 2180
f 2345 1834 2180
f 2346 2347 2348
f 2349 2350 2292
f 2349 2292 2348
f 2349 2348 2347
f 2351 2288 2342
f 2351 2347 2346
f 2351 2346 2288
f 2351 2349 2347
f 2352 2292 2288
f 2352 2346 2348
f 2352 2348 2292
f 2352 2288 2346
f 2353 2350 2349
f 2353 2349 2351
f 2354 2342 2350
f 2354 2351 2342
f 2354 2350 2353
f 2354 2353 2351
f 2355 2185 2350
f 2355 2356 2185
f 2357 2356 2355
f 2358 2342 2173
f 2358 2356 2357
f 2358 2357 2342
f 2359 2350 2342
f 2359 2355 2350
f 2359 2357 2355
f 2359 2342 2357
f 2360 2173 2185
f 2360 2185 2356
f 2360 2358 2173
f 2360 2356 2358
f 2361 1851 1792
f 2361 1792 2292
f 2361 2292 2350
f 2361 2350 1851
f 2350 1630 1851
f 2350 2185 1630
f 2362 2164 2363
f 2362 2363 2364
f 2362 2364 2165
f 2362 2165 2164
f 2364 2065 1935
f 2364 2363 2065
f 2365 2170 2366
f 2365 2366 2363
f 2365 2363 2164
f 2365 2164 2170
f 2065 2363 2366
f 1986 2065 2366
f 2367 2364 2368
f 2367 2368 2174
f 2367 2174 2369
f 2367 2369 2364
f 2370 2174 2165
f 2370 2165 2364
f 2370 2369 2174
f 2370 2364 2369
f 2371 1935 1939
f 2371 1939 2368
f 2371 2368 2364
f 2371 2364 1935
f 2366 2170 2179
f 2372 2366 2179
f 2373 1986 2366
f 2373 2366 2374
f 2373 2374 2375
f 2376 2375 2377
f 2376 2373 2375
f 2376 2377 2378
f 2376 2378 2373
f 2379 1986 2373
f 2379 2373 2378
f 2380 2372 1992
f 2380 2377 2372
f 2380 2378 2377
f 2381 2374 2366
f 2381 2382 2374
f 2383 2372 2377
f 2384 2377 2375
f 2384 2375 2374
f 2384 2374 2382
f 2384 2383 2377
f 2384 2382 2383
f 2385 1992 1986
f 2385 2380 1992
f 2385 1986 2379
f 2385 2379 2378
f 2385 2378 2380
f 2386 2366 2372
f 2386 2381 2366
f 2386 2372 2383
f 2386 2382 2381
f 2386 2383 2382
f 2387 2186 2388
f 2387 2388 1876
f 2387 1876 1635
f 2387 1635 2186
f 2389 2388 1926
f 2389 1926 1414
f 2389 1414 1876
f 2389 1876 2388
f 2390 2368 2388
f 2390 2388 2391
f 2392 2174 2368
f 2392 2393 2394
f 2392 2390 2391
f 2392 2368 2390
f 2392 2391 2393
f 2392 2394 2174
f 2395 2388 2186
f 2395 2391 2388
f 2395 2394 2393
f 2395 2393 2391
f 2396 2186 2174
f 2396 2395 2186
f 2396 2174 2394
f 2396 2394 2395
f 2397 1939 1926
f 2397 2398 1939
f 2399 2397 1926
f 2399 2400 2398
f 2399 2398 2397
f 2401 2368 1939
f 2401 1939 2398
f 2401 2398 2400
f 2402 1926 2388
f 2402 2403 2400
f 2402 2399 1926
f 2402 2388 2403
f 2402 2400 2399
f 2404 2400 2403
f 2404 2368 2401
f 2404 2401 2400
f 2405 2388 2368
f 2405 2368 2404
f 2405 2403 2388
f 2405 2404 2403
f 2406 1896 2407
f 2406 2407 2183
f 2406 2183 1629
f 2406 1629 1896
f 2408 1437 1989
f 2408 1989 2407
f 2408 2407 1896
f 2408 1896 1437
f 2183 2407 2372
f 2179 2183 2372
f 2409 2410 2411
f 2412 2407 1989
f 2412 1989 2411
f 2412 2411 2410
f 2413 1992 2372
f 2413 2410 2409
f 2413 2409 1992
f 2413 2412 2410
f 2414 1989 1992
f 2414 2411 1989
f 2414 2409 2411
f 2414 1992 2409
f 2415 2372 2407
f 2415 2413 2372
f 2415 2407 2412
f 2415 2412 2413
f 624 2416 2417
f 624 2417 625
f 2416 623 2418
f 2416 624 623
f 2418 622 2419
f 2418 623 622
f 2420 2421 619
f 621 2420 619
f 2421 2422 620
f 619 2421 620
f 2423 2424 1286
f 1287 2423 1286
f 1285 1286 2424
f 2425 1285 2424
f 622 1285 2425
f 2419 622 2425
f 1283 2426 2427
f 1283 2427 1284
f 620 2422 2426
f 620 2426 1283
f 1711 2423 1712
f 2424 2423 1711
f 1710 2419 2425
f 1710 2425 1709
f 1707 1706 2426
f 2422 1707 2426
f 1709 2425 2424
f 1709 2424 1711
f 2426 1708 2427
f 2426 1706 1708
f 2416 2256 2417
f 2416 2255 2256
f 2418 2419 1710
f 2254 2418 1710
f 2421 2252 1707
f 2421 1707 2422
f 2416 2418 2254
f 2255 2416 2254
f 2421 2253 2252
f 2421 2420 2253
f 2428 1284 2427
f 2428 2427 2429
f 2430 2431 2432
f 2433 2427 2434
f 2433 2434 2432
f 2433 2429 2427
f 2433 2432 2431
f 2435 2428 2429
f 2435 1284 2428
f 2435 2429 2433
f 2436 2434 1288
f 2436 2432 2434
f 2436 2430 2432
f 2437 1288 1284
f 2437 2436 1288
f 2437 1284 2435
f 2437 2431 2430
f 2437 2433 2431
f 2437 2435 2433
f 2437 2430 2436
f 2438 1713 2434
f 2438 2439 1713
f 2440 2427 1708
f 2441 2427 2440
f 2442 2443 2444
f 2445 2444 2443
f 2446 2443 2442
f 2447 2440 1708
f 2447 2441 2440
f 2448 2427 2441
f 2448 2441 2447
f 2449 2442 2444
f 2449 2444 2445
f 2450 2442 2449
f 2450 2446 2442
f 2451 2447 1708
f 2452 2427 2448
f 2452 2447 2451
f 2452 2448 2447
f 2453 2449 2445
f 2453 2450 2449
f 2454 2450 2453
f 2454 2446 2450
f 2455 2451 1708
f 2456 2427 2452
f 2456 2452 2451
f 2456 2451 2455
f 2457 2453 2445
f 2458 2454 2453
f 2458 2446 2454
f 2458 2453 2457
f 2459 2445 2443
f 2459 2455 1708
f 2459 2456 2455
f 2460 2443 2446
f 2460 2459 2443
f 2460 2427 2456
f 2460 2456 2459
f 2461 1708 1713
f 2461 1713 2439
f 2461 2445 2459
f 2461 2457 2445
f 2461 2459 1708
f 2462 2434 2427
f 2462 2439 2438
f 2462 2438 2434
f 2462 2427 2460
f 2462 2458 2457
f 2462 2461 2439
f 2462 2460 2446
f 2462 2446 2458
f 2462 2457 2461
f 1289 2423 1287
f 2463 2423 1289
f 2423 2463 1714
f 1712 2423 1714
f 2464 1288 2434
f 2464 2465 1288
f 2466 2467 2468
f 2469 1288 2465
f 2470 2465 2464
f 2470 2464 2434
f 2470 2469 2465
f 2471 2467 2466
f 2471 2472 2467
f 2473 1289 1288
f 2473 1288 2469
f 2473 2468 2467
f 2473 2472 1289
f 2473 2467 2472
f 2474 2470 2434
f 2474 2473 2469
f 2474 2469 2470
f 2475 2472 2471
f 2476 2474 2434
f 2476 2473 2474
f 2477 2472 2475
f 2478 2466 2468
f 2478 2471 2466
f 2478 2468 2473
f 2478 2476 2434
f 2478 2475 2471
f 2478 2473 2476
f 2478 2477 2475
f 2479 2434 2463
f 2479 2463 1289
f 2479 2478 2434
f 2479 1289 2472
f 2479 2472 2477
f 2479 2477 2478
f 2480 1714 2463
f 2480 2481 1714
f 2482 2480 2463
f 2483 2434 1713
f 2483 1713 2484
f 2485 2434 2483
f 2486 2487 2488
f 2486 2488 2489
f 2490 2489 2488
f 2491 2487 2486
f 2492 2493 2494
f 2492 2495 2496
f 2497 2498 2493
f 2497 2492 2496
f 2497 2493 2492
f 2499 2498 2497
f 2500 2488 2487
f 2500 2490 2488
f 2501 2502 2503
f 2504 2500 2487
f 2504 2487 2491
f 2505 2502 2501
f 2505 2506 2502
f 2505 2507 2506
f 2508 2509 2510
f 2511 2510 2512
f 2511 2508 2510
f 2513 2484 1713
f 2513 2483 2484
f 2514 2493 2498
f 2514 2498 2499
f 2515 2434 2485
f 2515 2485 2483
f 2515 2483 2513
f 2516 2489 2490
f 2516 2490 2500
f 2517 2504 2491
f 2517 2489 2516
f 2517 2486 2489
f 2517 2491 2486
f 2518 2519 2509
f 2518 2509 2508
f 2520 2508 2511
f 2521 2512 2522
f 2521 2511 2512
f 2523 2495 2524
f 2523 2524 2525
f 2526 2520 2511
f 2527 2496 2495
f 2527 2495 2523
f 2527 2528 2496
f 2527 2529 2528
f 2530 2492 2494
f 2531 2514 2499
f 2531 2499 2497
f 2532 2505 2501
f 2532 2501 2533
f 2534 2509 2519
f 2534 2510 2509
f 2535 2536 2537
f 2535 2537 2538
f 2535 2538 2539
f 2540 2519 2518
f 2541 2522 2512
f 2541 2510 2534
f 2541 2512 2510
f 2542 2521 2522
f 2543 2513 1713
f 2544 2515 2513
f 2544 2513 2543
f 2544 2434 2515
f 2545 2516 2500
f 2546 2517 2516
f 2546 2545 2480
f 2546 2504 2517
f 2546 2516 2545
f 2547 2519 2540
f 2548 2508 2520
f 2549 2542 2522
f 2550 2520 2526
f 2551 2526 2511
f 2552 2550 2526
f 2552 2523 2550
f 2552 2527 2523
f 2553 2492 2530
f 2554 2514 2531
f 2554 2531 2497
f 2555 2533 2556
f 2555 2532 2533
f 2557 2502 2506
f 2558 2537 2536
f 2559 2557 2506
f 2560 2557 2559
f 2560 2538 2557
f 2560 2539 2538
f 2561 2519 2547
f 2562 2541 2534
f 2562 2558 2536
f 2562 2534 2558
f 2563 2549 2522
f 2564 2543 1713
f 2565 2544 2543
f 2565 2543 2564
f 2565 2434 2544
f 2566 2545 2500
f 2566 1714 2481
f 2566 2481 2480
f 2566 2480 2545
f 2567 2504 2546
f 2567 2546 2480
f 2567 2482 2463
f 2567 2480 2482
f 2568 2519 2561
f 2569 2540 2518
f 2569 2547 2540
f 2569 2568 2561
f 2569 2518 2508
f 2569 2561 2547
f 2569 2508 2548
f 2570 2563 2522
f 2571 2548 2520
f 2571 2520 2550
f 2571 2569 2548
f 2572 2542 2549
f 2572 2551 2511
f 2572 2511 2521
f 2572 2549 2563
f 2572 2563 2570
f 2572 2521 2542
f 2573 2526 2551
f 2573 2551 2572
f 2573 2552 2526
f 2574 2495 2492
f 2574 2550 2523
f 2574 2571 2550
f 2574 2524 2495
f 2574 2523 2525
f 2574 2492 2553
f 2574 2525 2524
f 2575 2554 2497
f 2575 2527 2552
f 2575 2529 2527
f 2575 2496 2528
f 2575 2528 2529
f 2575 2552 2573
f 2575 2497 2496
f 2575 2514 2554
f 2576 1714 2566
f 2576 1713 1714
f 2576 2500 2504
f 2576 2566 2500
f 2577 2463 2434
f 2577 2556 2576
f 2577 2555 2556
f 2577 2504 2567
f 2577 2576 2504
f 2577 2567 2463
f 2578 2576 2556
f 2578 2501 2503
f 2578 2556 2533
f 2578 2503 2502
f 2578 2574 2576
f 2578 2502 2557
f 2578 2533 2501
f 2579 2537 2558
f 2579 2557 2538
f 2579 2538 2537
f 2579 2578 2557
f 2580 2555 2577
f 2580 2505 2532
f 2580 2507 2505
f 2580 2532 2555
f 2580 2506 2507
f 2580 2577 2575
f 2581 2506 2580
f 2581 2559 2506
f 2582 2578 2579
f 2582 2571 2574
f 2582 2558 2534
f 2582 2534 2519
f 2582 2519 2568
f 2582 2568 2569
f 2582 2569 2571
f 2582 2574 2578
f 2582 2579 2558
f 2583 2581 2580
f 2583 2559 2581
f 2583 2536 2535
f 2583 2560 2559
f 2583 2539 2560
f 2583 2535 2539
f 2583 2562 2536
f 2584 2580 2575
f 2584 2522 2541
f 2584 2562 2583
f 2584 2570 2522
f 2584 2573 2572
f 2584 2583 2580
f 2584 2541 2562
f 2584 2572 2570
f 2584 2575 2573
f 2585 2494 2493
f 2585 2576 2574
f 2585 2493 2514
f 2585 2553 2530
f 2585 2574 2553
f 2585 2530 2494
f 2585 1713 2576
f 2585 2564 1713
f 2586 2585 2514
f 2586 2564 2585
f 2586 2577 2434
f 2586 2565 2564
f 2586 2514 2575
f 2586 2575 2577
f 2586 2434 2565
f 2587 2420 621
f 2587 2588 2420
f 2589 2590 2591
f 2592 2593 2420
f 2592 2590 2593
f 2592 2420 2588
f 2592 2588 2587
f 2592 2591 2590
f 2594 2592 2587
f 2594 2587 621
f 2595 626 2593
f 2595 2593 2590
f 2595 2590 2589
f 2596 621 626
f 2596 2592 2594
f 2596 626 2595
f 2596 2589 2591
f 2596 2594 621
f 2596 2591 2592
f 2596 2595 2589
f 2597 2593 2257
f 2598 2593 2597
f 2599 2253 2420
f 2599 2600 2253
f 2601 2602 2603
f 2604 2603 2602
f 2605 2601 2603
f 2606 2253 2600
f 2607 2599 2420
f 2607 2606 2600
f 2607 2600 2599
f 2608 2604 2602
f 2609 2602 2601
f 2609 2601 2605
f 2609 2608 2602
f 2610 2253 2606
f 2611 2607 2420
f 2611 2606 2607
f 2611 2610 2606
f 2612 2604 2608
f 2613 2608 2609
f 2613 2609 2605
f 2613 2612 2608
f 2614 2253 2610
f 2615 2611 2420
f 2615 2614 2610
f 2615 2610 2611
f 2616 2604 2612
f 2617 2612 2613
f 2617 2616 2612
f 2617 2613 2605
f 2618 2603 2604
f 2618 2253 2614
f 2619 2615 2420
f 2619 2605 2603
f 2619 2603 2618
f 2619 2614 2615
f 2619 2618 2614
f 2620 2257 2253
f 2620 2597 2257
f 2620 2598 2597
f 2620 2618 2604
f 2620 2253 2618
f 2620 2604 2616
f 2621 2420 2593
f 2621 2593 2598
f 2621 2619 2420
f 2621 2605 2619
f 2621 2598 2620
f 2621 2616 2617
f 2621 2617 2605
f 2621 2620 2616
f 2622 625 2417
f 2622 627 625
f 2256 2622 2417
f 2256 2258 2622
f 2623 2593 626
f 2623 626 2624
f 2625 2626 2627
f 2628 2624 626
f 2629 2623 2624
f 2629 2593 2623
f 2629 2624 2628
f 2630 2625 2627
f 2631 2625 2630
f 2632 626 627
f 2632 2628 626
f 2632 2627 2626
f 2632 627 2630
f 2632 2630 2627
f 2633 2593 2629
f 2633 2628 2632
f 2633 2629 2628
f 2634 2631 2630
f 2635 2593 2633
f 2635 2633 2632
f 2636 2634 2630
f 2637 2593 2635
f 2637 2626 2625
f 2637 2625 2631
f 2637 2632 2626
f 2637 2631 2634
f 2637 2635 2632
f 2637 2634 2636
f 2638 627 2622
f 2638 2622 2593
f 2638 2630 627
f 2638 2637 2636
f 2638 2593 2637
f 2638 2636 2630
f 2639 2622 2258
f 2639 2258 2640
f 2641 2622 2639
f 2642 2257 2593
f 2642 2643 2257
f 2644 2642 2593
f 2645 2646 2647
f 2648 2649 2650
f 2651 2652 2650
f 2651 2653 2652
f 2654 2622 2641
f 2654 2641 2639
f 2655 2646 2656
f 2655 2647 2646
f 2655 2656 2657
f 2658 2656 2646
f 2658 2657 2656
f 2658 2646 2645
f 2659 2660 2661
f 2659 2661 2662
f 2663 2664 2665
f 2666 2664 2667
f 2668 2669 2665
f 2668 2665 2664
f 2668 2664 2666
f 2670 2671 2672
f 2670 2673 2671
f 2670 2672 2648
f 2674 2648 2650
f 2674 2650 2652
f 2674 2652 2653
f 2675 2257 2643
f 2675 2643 2642
f 2676 2658 2645
f 2676 2645 2647
f 2677 2655 2657
f 2678 2662 2661
f 2678 2679 2662
f 2678 2680 2679
f 2681 2667 2682
f 2681 2666 2667
f 2683 2665 2669
f 2683 2663 2665
f 2684 2685 2668
f 2684 2668 2666
f 2686 2687 2688
f 2686 2672 2671
f 2686 2688 2672
f 2689 2649 2648
f 2690 2674 2653
f 2690 2653 2651
f 2691 2676 2647
f 2691 2654 2676
f 2691 2622 2654
f 2692 2659 2677
f 2692 2677 2657
f 2693 2694 2695
f 2696 2682 2667
f 2696 2663 2695
f 2696 2667 2664
f 2696 2664 2663
f 2697 2681 2682
f 2698 2683 2669
f 2699 2669 2668
f 2700 2685 2684
f 2701 2670 2648
f 2702 2257 2675
f 2702 2675 2690
f 2702 2690 2651
f 2703 2676 2654
f 2703 2658 2676
f 2704 2677 2659
f 2704 2655 2677
f 2705 2678 2695
f 2706 2697 2682
f 2707 2695 2663
f 2707 2708 2695
f 2709 2684 2666
f 2710 2698 2669
f 2711 2686 2712
f 2711 2712 2700
f 2711 2700 2684
f 2713 2689 2648
f 2714 2674 2690
f 2714 2690 2675
f 2715 2691 2647
f 2715 2622 2691
f 2716 2692 2657
f 2717 2695 2678
f 2717 2693 2695
f 2718 2696 2695
f 2718 2695 2694
f 2719 2706 2682
f 2720 2710 2669
f 2721 2699 2668
f 2722 2712 2686
f 2723 2722 2686
f 2724 2701 2648
f 2725 2702 2651
f 2725 2257 2702
f 2726 2658 2703
f 2726 2640 2258
f 2726 2639 2640
f 2726 2703 2654
f 2726 2654 2639
f 2727 2659 2662
f 2727 2655 2704
f 2727 2678 2705
f 2727 2680 2678
f 2727 2662 2679
f 2727 2679 2680
f 2727 2704 2659
f 2728 2705 2695
f 2728 2727 2705
f 2729 2728 2695
f 2729 2727 2728
f 2729 2695 2708
f 2729 2708 2707
f 2730 2719 2682
f 2731 2710 2720
f 2731 2707 2663
f 2731 2663 2683
f 2731 2683 2698
f 2731 2729 2707
f 2731 2698 2710
f 2732 2697 2706
f 2732 2709 2666
f 2732 2706 2719
f 2732 2719 2730
f 2732 2666 2681
f 2732 2681 2697
f 2733 2731 2720
f 2733 2720 2669
f 2734 2709 2732
f 2734 2684 2709
f 2734 2711 2684
f 2735 2711 2734
f 2735 2713 2648
f 2735 2686 2711
f 2735 2688 2687
f 2735 2687 2686
f 2735 2672 2688
f 2735 2648 2672
f 2736 2642 2644
f 2736 2714 2675
f 2736 2674 2714
f 2736 2675 2642
f 2736 2644 2593
f 2737 2622 2715
f 2737 2647 2655
f 2737 2655 2727
f 2737 2715 2647
f 2738 2258 2257
f 2738 2657 2658
f 2738 2726 2258
f 2738 2658 2726
f 2738 2716 2657
f 2739 2716 2738
f 2739 2659 2692
f 2739 2661 2660
f 2739 2678 2661
f 2739 2717 2678
f 2739 2692 2716
f 2739 2738 2735
f 2739 2660 2659
f 2740 2717 2739
f 2740 2693 2717
f 2740 2718 2694
f 2740 2694 2693
f 2741 2682 2696
f 2741 2739 2735
f 2741 2718 2740
f 2741 2740 2739
f 2741 2730 2682
f 2741 2696 2718
f 2741 2734 2732
f 2741 2732 2730
f 2741 2735 2734
f 2742 2733 2669
f 2742 2669 2699
f 2742 2731 2733
f 2742 2727 2729
f 2742 2729 2731
f 2742 2699 2721
f 2743 2668 2685
f 2743 2721 2668
f 2743 2712 2722
f 2743 2722 2723
f 2743 2742 2721
f 2743 2700 2712
f 2743 2685 2700
f 2744 2727 2742
f 2744 2742 2743
f 2744 2673 2670
f 2744 2686 2671
f 2744 2670 2701
f 2744 2743 2723
f 2744 2723 2686
f 2744 2671 2673
f 2744 2701 2724
f 2745 2593 2622
f 2745 2744 2724
f 2745 2724 2648
f 2745 2674 2736
f 2745 2648 2674
f 2745 2727 2744
f 2745 2622 2737
f 2745 2736 2593
f 2745 2737 2727
f 2746 2257 2725
f 2746 2725 2651
f 2746 2713 2735
f 2746 2651 2650
f 2746 2649 2689
f 2746 2735 2738
f 2746 2650 2649
f 2746 2689 2713
f 2746 2738 2257
