# USD → MuJoCo (world-space, simplified)
v 0.022496 0.001076 -0.000983
v 0.022482 0.000076 -0.001263
v 0.022420 0.000076 0.002102
v 0.022392 0.001076 0.002381
v 0.021964 0.000076 0.004911
v 0.021920 0.001076 0.005104
v 0.021366 0.000076 0.007073
v 0.021303 0.001076 0.007261
v 0.020348 0.000076 0.009643
v 0.020227 0.001076 0.009896
v 0.018684 0.000076 0.012568
v 0.018526 0.001076 0.012800
v 0.016602 0.000076 0.015212
v 0.016411 0.001076 0.015418
v 0.014543 0.000076 0.017176
v 0.014391 0.001076 0.017304
v 0.011886 0.000076 0.019144
v 0.011614 0.001076 0.019310
v 0.008833 0.000076 0.020700
v 0.008651 0.001076 0.020777
v 0.006234 0.000076 0.021637
v 0.005963 0.001076 0.021713
v 0.002939 0.000076 0.022325
v 0.002660 0.001076 0.022359
v 0.000099 0.000076 0.022505
v -0.000099 0.001076 0.022505
v -0.002661 0.000076 0.022359
v -0.002939 0.001076 0.022325
v -0.005458 0.000076 0.021834
v -0.005650 0.001076 0.021785
v -0.008096 0.000076 0.021012
v -0.008357 0.001076 0.020909
v -0.010677 0.000076 0.019812
v -0.010851 0.001076 0.019717
v -0.013479 0.000076 0.018058
v -0.013733 0.001076 0.017865
v -0.016411 0.000076 0.015418
v -0.016602 0.001076 0.015212
v -0.018526 0.000076 0.012800
v -0.018684 0.001076 0.012568
v -0.020227 0.000076 0.009896
v -0.020349 0.001076 0.009643
v -0.021366 0.001076 0.007073
v -0.021476 0.000076 0.006771
v -0.022099 0.001076 0.004323
v -0.022245 0.000076 0.003494
v -0.022497 0.001076 0.000981
v -0.021000 0.001076 -0.000001
v -0.021013 0.000076 -0.000001
v -0.020899 0.001076 0.002222
v -0.020801 0.000076 0.003002
v -0.020584 0.001076 0.004160
v -0.020121 0.000076 0.006069
v -0.020196 0.001076 0.005778
v -0.019734 0.001076 0.007182
v -0.019109 0.001076 0.008723
v -0.018783 0.000076 0.009462
v -0.018145 0.001076 0.010582
v -0.017351 0.001076 0.011829
v -0.016832 0.000076 0.012585
v -0.016365 0.001076 0.013168
v -0.015029 0.001076 0.014658
v -0.015039 0.000076 0.014668
v -0.013573 0.001076 0.016031
v -0.011909 0.001076 0.017303
v -0.012580 0.000076 0.016854
v -0.010500 0.001076 0.018186
v -0.009580 0.001076 0.018687
v -0.009965 0.000076 0.018491
v -0.008637 0.001076 0.019141
v -0.007271 0.001076 0.019707
v -0.007556 0.000076 0.019611
v -0.005688 0.001076 0.020214
v -0.005094 0.000076 0.020378
v -0.004673 0.001076 0.020473
v -0.003647 0.001076 0.020680
v -0.002483 0.000076 0.020869
v -0.002184 0.001076 0.020891
v 0.000393 0.001076 0.021012
v 0.003520 0.001076 0.020719
v 0.001197 0.000076 0.020997
v 0.005688 0.001076 0.020214
v 0.004804 0.000076 0.020460
v 0.006688 0.001076 0.019906
v 0.007800 0.000076 0.019515
v 0.008074 0.001076 0.019392
v 0.010047 0.001076 0.018449
v 0.011393 0.001076 0.017640
v 0.011093 0.000076 0.017868
v 0.013101 0.001076 0.016428
v 0.013573 0.000076 0.016031
v 0.015409 0.001076 0.014297
v 0.015867 0.000076 0.013804
v 0.017109 0.001076 0.012186
v 0.018181 0.001076 0.010496
v 0.018001 0.000076 0.010846
v 0.019109 0.001076 0.008723
v 0.019185 0.000076 0.008554
v 0.019882 0.001076 0.006777
v 0.020351 0.001076 0.005181
v 0.020079 0.000076 0.006193
v 0.020674 0.001076 0.003645
v 0.020689 0.000076 0.003647
v 0.020940 0.001076 0.001661
v 0.020995 0.001076 -0.001049
v 0.020987 0.000076 0.001047
v 0.020925 0.000076 -0.001963
v 0.022147 0.000076 -0.004006
v 0.020500 0.000076 -0.004585
v 0.021638 0.000076 -0.006192
v 0.019941 0.000076 -0.006603
v 0.020695 0.000076 -0.008877
v 0.018992 0.000076 -0.009001
v 0.017696 0.000076 -0.011320
v 0.019141 0.000076 -0.011862
v 0.015774 0.000076 -0.013921
v 0.016790 0.000076 -0.015030
v 0.013479 0.000076 -0.018059
v 0.012580 0.000076 -0.016855
v 0.008991 0.000076 -0.019014
v 0.010677 0.000076 -0.019813
v 0.008096 0.000076 -0.021013
v 0.005566 0.000076 -0.020267
v 0.004874 0.000076 -0.021985
v 0.002142 0.000076 -0.022405
v 0.002483 0.000076 -0.020870
v -0.000093 0.000076 -0.021006
v -0.022518 0.000076 0.000140
v -0.000702 0.000076 -0.022508
v -0.003910 0.000076 -0.022173
v -0.002613 0.000076 -0.020851
v -0.022287 0.000076 -0.003218
v -0.020786 0.000076 -0.003134
v -0.020080 0.000076 -0.006194
v -0.005693 0.000076 -0.020236
v -0.021559 0.000076 -0.006504
v -0.008763 0.000076 -0.019103
v -0.020555 0.000076 -0.009167
v -0.019185 0.000076 -0.008556
v -0.007709 0.000076 -0.021182
v -0.018194 0.000076 -0.010505
v -0.011380 0.000076 -0.019431
v -0.011032 0.000076 -0.017876
v -0.019015 0.000076 -0.012093
v -0.012757 0.000076 -0.016689
v -0.017001 0.000076 -0.012338
v -0.016940 0.000076 -0.014818
v -0.015052 0.000076 -0.014682
v -0.014606 0.000076 -0.017160
v -0.026539 0.086076 0.028596
v -0.029232 0.086076 0.025833
v -0.027692 0.086076 0.024537
v -0.023506 0.086076 0.031138
v -0.021214 0.086076 0.030317
v -0.020640 0.086076 0.033115
v -0.032190 0.086076 0.018235
v -0.016061 0.086076 0.033331
v -0.016871 0.086076 0.035178
v -0.033751 0.086076 0.015156
v -0.035708 0.086076 0.015683
v -0.013514 0.086076 0.034431
v -0.013007 0.086076 0.036771
v -0.035081 0.086076 0.011769
v -0.037032 0.086076 0.012285
v -0.008968 0.086076 0.037964
v -0.038348 0.086076 0.007137
v -0.008231 0.086076 0.036061
v -0.036132 0.086076 0.007969
v -0.005795 0.086076 0.036537
v -0.036805 0.086076 0.003682
v -0.038806 0.086076 0.003882
v -0.036943 0.086076 0.001843
v -0.000922 0.086076 0.036977
v -0.001154 0.086076 0.038990
v -0.036989 0.086076 -0.000001
v -0.039000 0.086076 -0.000001
v 0.001760 0.086076 0.036956
v -0.038966 0.086076 -0.001684
v -0.036897 0.086076 -0.002746
v 0.004599 0.086076 0.036701
v -0.038452 0.086076 -0.006553
v 0.009670 0.086076 0.037799
v -0.038017 0.086077 -0.008735
v 0.008231 0.086076 0.036061
v 0.009775 0.086076 0.035670
v -0.035123 0.086076 -0.011658
v -0.037267 0.086076 -0.011496
v 0.012563 0.086076 0.036917
v 0.014429 0.086076 0.036236
v 0.012271 0.086076 0.034904
v -0.033731 0.086076 -0.015206
v 0.016871 0.086076 0.035178
v 0.015468 0.086076 0.033612
v 0.018520 0.086076 0.032014
v 0.019500 0.086076 0.033774
v 0.020068 0.086076 0.031071
v -0.032223 0.086076 -0.021970
v -0.030444 0.086076 -0.021020
v 0.022088 0.086076 0.029686
v 0.022797 0.086076 0.031681
v 0.025806 0.086076 0.029241
v -0.029198 0.086076 -0.025867
v 0.025256 0.086076 0.027032
v 0.027985 0.086076 0.027180
v -0.025256 0.086076 -0.027033
v -0.026539 0.086076 -0.028597
v -0.022797 0.086076 -0.031682
v -0.022088 0.086076 -0.029688
v 0.029620 0.086076 0.022155
v 0.030749 0.086076 0.020557
v -0.020068 0.086076 -0.031072
v -0.018172 0.086077 -0.032219
v 0.035938 0.086076 0.015148
v 0.033731 0.086076 0.015205
v -0.012271 0.086076 -0.034906
v 0.035345 0.086076 0.010902
v 0.037267 0.086076 0.011495
v -0.011498 0.086076 -0.037281
v -0.009775 0.086076 -0.035672
v -0.008506 0.086076 -0.038066
v -0.008231 0.086076 -0.036062
v 0.038017 0.086076 0.008733
v 0.036545 0.086076 0.005750
v 0.038452 0.086076 0.006551
v -0.004599 0.086076 -0.036702
v 0.036916 0.086076 0.002387
v 0.038966 0.086076 0.001683
v -0.001747 0.086076 -0.036957
v 0.039000 0.086076 -0.000001
v 0.036989 0.086076 -0.000001
v 0.036943 0.086076 -0.001844
v 0.002218 0.086076 -0.036933
v 0.002719 0.086075 -0.038909
v 0.038806 0.086076 -0.003884
v 0.036805 0.086076 -0.003684
v 0.005880 0.086076 -0.038571
v 0.005526 0.086076 -0.036582
v 0.038348 0.086076 -0.007138
v 0.036131 0.086076 -0.007971
v 0.008231 0.086076 -0.036062
v 0.035081 0.086076 -0.011770
v 0.012563 0.086076 -0.036918
v 0.011055 0.086077 -0.035306
v 0.037032 0.086076 -0.012287
v 0.014429 0.086076 -0.036237
v 0.014369 0.086076 -0.034096
v 0.035708 0.086076 -0.015685
v 0.034078 0.086076 -0.014382
v 0.033408 0.086076 -0.015886
v 0.032190 0.086076 -0.018236
v 0.017573 0.086076 -0.034854
v 0.016638 0.086076 -0.033033
v 0.021868 0.086076 -0.032303
v 0.025100 0.086076 -0.029864
v 0.029232 0.086076 -0.025834
v 0.027713 0.086076 -0.024513
v -0.031377 0.033368 -0.001401
v -0.028617 0.007013 -0.000001
v 0.029983 0.020190 -0.001339
v 0.028617 0.007013 -0.000001
v 0.031377 0.033368 -0.001401
v -0.034749 0.080060 -0.010718
v -0.033510 0.081083 -0.014392
v -0.034190 0.059722 -0.000760
v -0.036056 0.077675 -0.001759
v -0.032402 0.059984 -0.011034
v -0.031931 0.061916 -0.012895
v -0.031479 0.064195 -0.014545
v -0.030378 0.059722 -0.015708
v -0.031619 0.055468 -0.011801
v -0.006480 0.086076 -0.036417
v -0.005587 0.081524 -0.036080
v -0.026454 0.061955 -0.022054
v -0.004398 0.076193 -0.035674
v -0.003757 0.080737 -0.036234
v -0.026717 0.055324 -0.020595
v -0.026008 0.055285 -0.021476
v -0.030063 0.037959 -0.010661
v -0.031281 0.033368 -0.002823
v 0.004334 0.081732 -0.036272
v -0.010533 0.063304 -0.032943
v -0.030888 0.033332 -0.005672
v -0.008197 0.064670 -0.033752
v -0.004482 0.062562 -0.034217
v -0.006268 0.060178 -0.033667
v 0.012557 0.081593 -0.034289
v 0.011455 0.081369 -0.034649
v -0.004353 0.068825 -0.034895
v -0.025413 0.037992 -0.019285
v -0.024431 0.033169 -0.019704
v 0.013863 0.077679 -0.033335
v -0.025006 0.041886 -0.020469
v -0.028785 0.013152 -0.005333
v -0.027992 0.007060 -0.006016
v 0.011201 0.068281 -0.033280
v 0.014276 0.064158 -0.031596
v 0.015717 0.058624 -0.030242
v 0.032011 0.082491 -0.017787
v 0.031945 0.076867 -0.016651
v 0.034333 0.081516 -0.012447
v -0.007254 0.033841 -0.030610
v -0.008988 0.027340 -0.029439
v 0.029897 0.058762 -0.016419
v 0.030831 0.064405 -0.015936
v 0.031266 0.061442 -0.014309
v 0.032264 0.062894 -0.012330
v -0.009096 0.013911 -0.027910
v -0.006398 0.011503 -0.028383
v -0.005555 0.014704 -0.028914
v 0.010111 0.033959 -0.029804
v 0.011862 0.037295 -0.029532
v 0.012552 0.027924 -0.028174
v 0.034190 0.059722 -0.000760
v 0.035558 0.072899 -0.001587
v 0.031706 0.042776 -0.006696
v 0.032067 0.042358 -0.004385
v 0.032505 0.050937 -0.007086
v 0.009061 0.011419 -0.027639
v 0.010882 0.006520 -0.026422
v 0.011648 0.013882 -0.026942
v 0.012895 0.007829 -0.025653
v 0.027425 0.033207 -0.015307
v 0.026202 0.028908 -0.016448
v 0.028558 0.033205 -0.013032
v 0.027000 0.025777 -0.014429
v 0.028743 0.028821 -0.011442
v 0.030676 0.028379 -0.003555
v 0.031281 0.033368 -0.002823
v 0.025277 0.007014 -0.013418
v 0.026563 0.014969 -0.012752
v 0.026917 0.011446 -0.011045
v -0.036363 0.083852 -0.005408
v -0.036288 0.086076 -0.007291
v -0.035890 0.083795 -0.007910
v -0.035517 0.075346 -0.004915
v -0.035163 0.075047 -0.006888
v -0.034858 0.070264 -0.005723
v -0.034574 0.071523 -0.007824
v -0.030561 0.078967 -0.019469
v -0.032726 0.076844 -0.015050
v -0.029430 0.086076 -0.022398
v -0.033120 0.069605 -0.012052
v -0.033397 0.053133 -0.002630
v -0.031976 0.039956 -0.002886
v -0.032500 0.046545 -0.004452
v -0.033547 0.059058 -0.006273
v -0.032937 0.057485 -0.008308
v -0.019242 0.081892 -0.031070
v -0.016907 0.081343 -0.032342
v -0.015365 0.086075 -0.033660
v -0.029748 0.061808 -0.017317
v -0.029699 0.065579 -0.018174
v -0.015273 0.076300 -0.032552
v -0.027723 0.064399 -0.020868
v -0.029092 0.066897 -0.019397
v -0.030918 0.057526 -0.014063
v -0.028325 0.061070 -0.019422
v -0.028333 0.057748 -0.018783
v -0.014013 0.079882 -0.033525
v -0.032362 0.049290 -0.006920
v -0.031959 0.052702 -0.009913
v -0.028562 0.050706 -0.017015
v -0.030506 0.052251 -0.013631
v -0.029448 0.050961 -0.015486
v -0.031921 0.046158 -0.007369
v -0.031578 0.040064 -0.005895
v -0.030134 0.050149 -0.013925
v -0.002455 0.083129 -0.036594
v -0.008969 0.069785 -0.034106
v -0.009361 0.076904 -0.034792
v -0.030798 0.039767 -0.009012
v -0.025117 0.057623 -0.022884
v -0.028946 0.046545 -0.015434
v -0.031183 0.044297 -0.009384
v -0.006955 0.077028 -0.035357
v -0.017228 0.059722 -0.029543
v 0.000504 0.082238 -0.036591
v -0.023478 0.056282 -0.024374
v -0.023510 0.059872 -0.024872
v -0.016413 0.065211 -0.030674
v 0.000039 0.078155 -0.036155
v -0.025369 0.047879 -0.021023
v -0.013260 0.065579 -0.032195
v -0.023953 0.054342 -0.023618
v -0.030412 0.034255 -0.008225
v -0.028599 0.042152 -0.015095
v -0.024210 0.048772 -0.022484
v 0.001832 0.080384 -0.036344
v -0.019202 0.057925 -0.028095
v -0.027826 0.042983 -0.016667
v -0.014544 0.061168 -0.031125
v 0.006179 0.078111 -0.035617
v -0.013767 0.059203 -0.031248
v 0.009807 0.083880 -0.035424
v -0.026938 0.041398 -0.017760
v 0.003317 0.078620 -0.036058
v -0.000000 0.072899 -0.035594
v 0.002031 0.072899 -0.035536
v -0.027894 0.033530 -0.014474
v -0.002156 0.069169 -0.035135
v -0.000000 0.068507 -0.035129
v -0.029554 0.031680 -0.010096
v -0.030491 0.026448 -0.003376
v -0.028815 0.032024 -0.012167
v -0.022476 0.043836 -0.023506
v -0.002111 0.062985 -0.034484
v -0.012223 0.057937 -0.031739
v 0.004416 0.071744 -0.035203
v 0.004124 0.074729 -0.035549
v -0.018983 0.048942 -0.027086
v -0.027341 0.036743 -0.016175
v -0.020687 0.045767 -0.025366
v 0.008202 0.079014 -0.035306
v -0.030005 0.027266 -0.006839
v -0.017242 0.046545 -0.027907
v 0.002793 0.068667 -0.035039
v -0.010071 0.056110 -0.032286
v 0.005694 0.068507 -0.034665
v -0.029440 0.022511 -0.006993
v -0.029377 0.015879 -0.003313
v 0.002858 0.068536 -0.035017
v 0.003884 0.065716 -0.034619
v 0.002341 0.067318 -0.034930
v 0.000055 0.058845 -0.034105
v 0.008042 0.070829 -0.034464
v 0.022551 0.086076 -0.029331
v -0.029335 0.017994 -0.005131
v -0.023238 0.034528 -0.021308
v -0.022213 0.036550 -0.022680
v -0.027301 0.028568 -0.014490
v -0.013470 0.051080 -0.030433
v -0.011089 0.048468 -0.031095
v -0.026445 0.024057 -0.015052
v -0.026224 0.029475 -0.016537
v -0.005711 0.056642 -0.033395
v 0.007834 0.067812 -0.034183
v -0.029607 0.016622 -0.001302
v -0.006569 0.050937 -0.032614
v -0.028775 0.016210 -0.006919
v 0.001825 0.061965 -0.034389
v 0.003272 0.059919 -0.034065
v -0.002512 0.057017 -0.033831
v 0.005975 0.063147 -0.034042
v -0.006718 0.044791 -0.031921
v -0.009130 0.046807 -0.031539
v 0.009045 0.063927 -0.033445
v 0.029556 0.086076 -0.022244
v 0.028508 0.084431 -0.023302
v 0.007587 0.063182 -0.033722
v 0.029492 0.080258 -0.021289
v 0.006194 0.058583 -0.033512
v -0.017187 0.033368 -0.026289
v -0.004254 0.046712 -0.032539
v -0.027193 0.006615 -0.008800
v -0.027167 0.012736 -0.010774
v -0.014561 0.032214 -0.027701
v -0.015824 0.033773 -0.027178
v -0.017370 0.024003 -0.024972
v -0.010235 0.035090 -0.029889
v -0.026648 0.014009 -0.012344
v -0.025899 0.011407 -0.013234
v -0.001115 0.045749 -0.032713
v 0.011032 0.058624 -0.032248
v -0.025581 0.012504 -0.014078
v -0.026053 0.007085 -0.011878
v -0.003615 0.038073 -0.031708
v -0.012044 0.031383 -0.028779
v -0.010851 0.029116 -0.028995
v -0.015884 0.027808 -0.026421
v 0.009218 0.053133 -0.032208
v -0.024732 0.011344 -0.015290
v 0.004648 0.046578 -0.032478
v 0.007492 0.046548 -0.031938
v 0.010719 0.055449 -0.032004
v 0.012718 0.053133 -0.030994
v 0.010962 0.050937 -0.031411
v 0.020629 0.062817 -0.027693
v 0.018759 0.062591 -0.028963
v 0.021596 0.061134 -0.026709
v 0.016826 0.056161 -0.029341
v 0.014209 0.053619 -0.030397
v 0.015453 0.052676 -0.029668
v -0.005441 0.033086 -0.030900
v -0.002949 0.032854 -0.031217
v 0.035350 0.081134 -0.008965
v 0.035832 0.079488 -0.005757
v 0.012150 0.046533 -0.030482
v 0.017259 0.052369 -0.028622
v 0.018695 0.054231 -0.027940
v 0.013817 0.051609 -0.030347
v 0.006547 0.040457 -0.031486
v 0.034794 0.076680 -0.009211
v 0.026926 0.064359 -0.021872
v 0.035382 0.077292 -0.006955
v 0.009350 0.046561 -0.031454
v 0.008834 0.039956 -0.030867
v 0.014537 0.043381 -0.029029
v -0.011158 0.026575 -0.028597
v 0.036536 0.082797 -0.002778
v 0.028641 0.066215 -0.019922
v 0.021854 0.057720 -0.026043
v 0.031473 0.069853 -0.015923
v 0.032426 0.069161 -0.013696
v 0.015737 0.048747 -0.029050
v -0.005534 0.025260 -0.030049
v -0.002620 0.027224 -0.030642
v 0.027225 0.060853 -0.020901
v -0.007395 0.026030 -0.029733
v -0.017389 0.011314 -0.023299
v -0.015763 0.011318 -0.024435
v 0.035645 0.075595 -0.004130
v 0.028655 0.061637 -0.019056
v 0.018400 0.048293 -0.027394
v 0.012667 0.041178 -0.029647
v 0.005720 0.032721 -0.030812
v 0.033290 0.069014 -0.011391
v 0.006639 0.038079 -0.031223
v 0.010615 0.040908 -0.030408
v -0.003337 0.024321 -0.030275
v -0.003680 0.020190 -0.029787
v 0.000023 0.024583 -0.030478
v 0.034524 0.068739 -0.006619
v 0.021075 0.048643 -0.025453
v 0.033885 0.067450 -0.008826
v -0.012171 0.006702 -0.025869
v 0.035382 0.073293 -0.004209
v 0.034026 0.066343 -0.007766
v 0.033339 0.065326 -0.009968
v -0.001847 0.021654 -0.030112
v 0.014652 0.038452 -0.028394
v 0.008123 0.032575 -0.030252
v 0.033114 0.062630 -0.009704
v 0.021003 0.044040 -0.024864
v 0.016180 0.036509 -0.027307
v 0.000049 0.018020 -0.029783
v -0.002996 0.015683 -0.029392
v 0.002114 0.020214 -0.029939
v 0.004458 0.021021 -0.029769
v 0.034850 0.067043 -0.002941
v 0.034352 0.062799 -0.003457
v 0.034258 0.064846 -0.005771
v 0.033577 0.058953 -0.006017
v 0.032096 0.057231 -0.011032
v 0.033655 0.062155 -0.007420
v 0.032106 0.055574 -0.010453
v -0.005872 0.006737 -0.027987
v -0.004299 0.009827 -0.028601
v 0.008475 0.024311 -0.029249
v 0.019802 0.035285 -0.024650
v 0.017344 0.032197 -0.026043
v 0.032857 0.056650 -0.008256
v 0.015831 0.031337 -0.026886
v 0.003859 0.013619 -0.029063
v 0.013877 0.027920 -0.027539
v 0.033740 0.056977 -0.003370
v 0.006085 0.015981 -0.028935
v 0.012194 0.019231 -0.027310
v 0.015890 0.026310 -0.026226
v 0.001818 0.012663 -0.029160
v 0.003484 0.006463 -0.028353
v 0.018376 0.028877 -0.024885
v 0.031141 0.047844 -0.010734
v 0.017443 0.026360 -0.025225
v 0.008387 0.016140 -0.028376
v 0.033397 0.053133 -0.002630
v 0.032999 0.052162 -0.005133
v 0.031976 0.039956 -0.002886
v 0.023894 0.031777 -0.020146
v 0.031164 0.044311 -0.009499
v 0.005657 0.011568 -0.028550
v 0.025272 0.031321 -0.018286
v 0.026288 0.033368 -0.017187
v 0.007170 0.009981 -0.028032
v 0.009114 0.006483 -0.027071
v 0.022937 0.026500 -0.020392
v 0.029601 0.033545 -0.010597
v 0.030265 0.037329 -0.009885
v 0.031449 0.039004 -0.005956
v 0.030736 0.034964 -0.007266
v 0.015258 0.011261 -0.024745
v 0.031463 0.036662 -0.004310
v 0.030883 0.033368 -0.005716
v 0.014953 0.006762 -0.024394
v 0.029863 0.029855 -0.008504
v 0.017272 0.006466 -0.022746
v 0.029118 0.026926 -0.009838
v 0.029826 0.026779 -0.007316
v 0.030515 0.029600 -0.005530
v 0.028362 0.023654 -0.010895
v 0.023379 0.012870 -0.017558
v 0.029987 0.024583 -0.005445
v 0.025799 0.016322 -0.014529
v 0.022020 0.008326 -0.018502
v 0.021281 0.006766 -0.019103
v 0.023323 0.006978 -0.016596
v 0.024396 0.006532 -0.014860
v 0.024791 0.012168 -0.015362
v 0.029373 0.021575 -0.006872
v 0.029797 0.020185 -0.003664
v 0.029370 0.018959 -0.005499
v 0.028357 0.012595 -0.007001
v 0.027850 0.012424 -0.008747
v 0.029042 0.013164 -0.003646
v 0.027594 0.010164 -0.008781
v 0.026482 0.006425 -0.010673
v 0.027631 0.006706 -0.007362
v 0.028738 0.012618 -0.005230
v 0.028824 0.009570 -0.001997
v 0.028590 0.007096 -0.001522
v -0.035631 0.079152 -0.006686
v -0.035441 0.072899 -0.003293
v -0.032171 0.086076 -0.018289
v -0.033807 0.077165 -0.012505
v -0.032299 0.081074 -0.016927
v -0.033925 0.069952 -0.009702
v -0.034269 0.067016 -0.006976
v -0.029425 0.079348 -0.021220
v -0.034774 0.065915 -0.002384
v -0.032186 0.070140 -0.014511
v -0.030851 0.069756 -0.017091
v -0.030950 0.075267 -0.018084
v -0.033602 0.063345 -0.008186
v -0.033937 0.061321 -0.005498
v -0.025818 0.082490 -0.025959
v -0.030962 0.065199 -0.015848
v -0.028428 0.068845 -0.020692
v -0.020772 0.078309 -0.029608
v -0.021473 0.079836 -0.029309
v -0.032867 0.053080 -0.006545
v -0.021939 0.076078 -0.028458
v -0.033004 0.051723 -0.004817
v -0.025242 0.071389 -0.024868
v -0.024198 0.067380 -0.025307
v -0.025533 0.064487 -0.023510
v -0.011073 0.080580 -0.034689
v -0.013878 0.074361 -0.032950
v -0.031123 0.050910 -0.011748
v -0.031714 0.049068 -0.009388
v -0.012517 0.077717 -0.033871
v -0.011567 0.072899 -0.033662
v -0.024284 0.062060 -0.024430
v -0.020376 0.069065 -0.028709
v -0.029492 0.043123 -0.013524
v -0.014917 0.067147 -0.031655
v -0.013778 0.069625 -0.032452
v -0.031348 0.035564 -0.004294
v -0.019910 0.061692 -0.028065
v -0.012213 0.068093 -0.032897
v -0.030276 0.042143 -0.011360
v -0.029515 0.039432 -0.012505
v -0.027086 0.050992 -0.019327
v -0.021619 0.060291 -0.026578
v -0.001873 0.075829 -0.035858
v -0.028124 0.049900 -0.017563
v -0.010945 0.067214 -0.033242
v -0.006705 0.069280 -0.034567
v -0.019647 0.052725 -0.027078
v -0.017730 0.053133 -0.028425
v -0.028797 0.035848 -0.013184
v -0.026487 0.043250 -0.018755
v -0.015463 0.059690 -0.030502
v -0.021513 0.050611 -0.025327
v -0.010330 0.059716 -0.032609
v -0.014536 0.055331 -0.030451
v -0.029962 0.023582 -0.004973
v 0.006569 0.074920 -0.035203
v -0.014903 0.052910 -0.029978
v -0.012074 0.053133 -0.031250
v 0.010029 0.078160 -0.034733
v 0.018930 0.086076 -0.031790
v 0.017690 0.081917 -0.031992
v -0.021178 0.040929 -0.024277
v -0.029615 0.028005 -0.008618
v -0.026298 0.033994 -0.017293
v -0.023445 0.041177 -0.022125
v -0.028536 0.027338 -0.011539
v -0.019460 0.043922 -0.026070
v -0.028684 0.024176 -0.010226
v -0.002792 0.059820 -0.034116
v 0.019975 0.083102 -0.030765
v -0.028657 0.020190 -0.008919
v 0.011198 0.073174 -0.033818
v -0.007445 0.055943 -0.032969
v -0.009354 0.050349 -0.031881
v 0.025075 0.086076 -0.027213
v 0.019856 0.077673 -0.030162
v -0.014526 0.044709 -0.029201
v 0.023972 0.082021 -0.027613
v -0.004742 0.052378 -0.033089
v -0.022779 0.027581 -0.020724
v 0.026546 0.083477 -0.025362
v -0.019702 0.038462 -0.025167
v -0.020502 0.035915 -0.024153
v -0.027918 0.014350 -0.009222
v -0.020671 0.031668 -0.023410
v 0.024032 0.078333 -0.027041
v 0.025422 0.076434 -0.025453
v 0.000229 0.053087 -0.033513
v 0.027428 0.081633 -0.024126
v 0.028420 0.079488 -0.022570
v 0.026680 0.078762 -0.024495
v 0.031354 0.086076 -0.019648
v -0.008691 0.040581 -0.030982
v -0.012902 0.035613 -0.028914
v -0.025936 0.016072 -0.014215
v -0.010936 0.040688 -0.030269
v -0.009232 0.038562 -0.030602
v -0.005664 0.040607 -0.031675
v 0.018504 0.067229 -0.029706
v 0.019849 0.068945 -0.029041
v 0.009399 0.057164 -0.032602
v 0.007727 0.056406 -0.032955
v 0.019733 0.064818 -0.028591
v 0.006766 0.051214 -0.032604
v 0.004428 0.054045 -0.033307
v 0.028033 0.075871 -0.022443
v 0.026434 0.072899 -0.023836
v 0.028949 0.073411 -0.020817
v -0.001311 0.037158 -0.031783
v 0.017024 0.063567 -0.030133
v 0.012584 0.055828 -0.031354
v 0.023644 0.067789 -0.025894
v 0.030868 0.079518 -0.019114
v 0.030139 0.077556 -0.019862
v 0.030431 0.072899 -0.018463
v -0.006727 0.036972 -0.031079
v 0.025873 0.066885 -0.023513
v 0.022714 0.064127 -0.026196
v -0.013786 0.026517 -0.027419
v 0.001464 0.043971 -0.032500
v 0.003312 0.046155 -0.032600
v -0.023401 0.009061 -0.016866
v 0.033156 0.077288 -0.014174
v 0.004357 0.039956 -0.031809
v -0.022499 0.006697 -0.017632
v 0.023405 0.062162 -0.025288
v -0.011845 0.023792 -0.027996
v 0.036564 0.086076 -0.005592
v 0.024845 0.064391 -0.024226
v 0.000105 0.034190 -0.031499
v 0.001446 0.039992 -0.032077
v 0.025502 0.061755 -0.023107
v 0.034111 0.077273 -0.011712
v -0.020857 0.006587 -0.019554
v -0.019936 0.009411 -0.020888
v -0.001613 0.030045 -0.031017
v -0.018677 0.006458 -0.021588
v 0.029962 0.067814 -0.018226
v 0.020348 0.055106 -0.026882
v 0.022324 0.053133 -0.024980
v -0.018979 0.009579 -0.021786
v -0.017144 0.006704 -0.022875
v 0.023730 0.058504 -0.024455
v -0.013206 0.016797 -0.026555
v -0.009585 0.018475 -0.028249
v 0.025230 0.057460 -0.022750
v 0.024601 0.056137 -0.023231
v 0.020385 0.052035 -0.026438
v 0.003875 0.036027 -0.031458
v -0.011928 0.016896 -0.027161
v -0.013103 0.013234 -0.026181
v -0.010910 0.012684 -0.027110
v 0.009581 0.036916 -0.030309
v 0.016466 0.042517 -0.027875
v -0.007599 0.016874 -0.028673
v 0.023252 0.047065 -0.023225
v 0.001568 0.028593 -0.030868
v 0.003867 0.026677 -0.030458
v 0.018249 0.043433 -0.026862
v 0.013790 0.035307 -0.028460
v 0.024174 0.053437 -0.023237
v 0.034728 0.067775 -0.004750
v 0.019667 0.041204 -0.025545
v 0.006139 0.026225 -0.030035
v 0.030757 0.055494 -0.013931
v 0.031249 0.057058 -0.013203
v -0.001610 0.017079 -0.029640
v 0.023456 0.040745 -0.022054
v 0.017626 0.035413 -0.026261
v 0.031434 0.052401 -0.011358
v -0.000331 0.011972 -0.029138
v 0.029727 0.050702 -0.014871
v 0.010272 0.020027 -0.028177
v 0.021207 0.035476 -0.023470
v 0.000104 0.006478 -0.028571
v 0.033191 0.054880 -0.005776
v 0.032177 0.052554 -0.009123
v 0.022133 0.033980 -0.022378
v 0.031555 0.047169 -0.009209
v 0.023306 0.036623 -0.021591
v 0.019317 0.032404 -0.024639
v 0.029167 0.044784 -0.014615
v 0.014291 0.021992 -0.026607
v 0.020330 0.029439 -0.023398
v 0.029791 0.043288 -0.012904
v 0.030268 0.040688 -0.010937
v 0.021412 0.028653 -0.022302
v 0.029071 0.037277 -0.012981
v 0.030975 0.040558 -0.008706
v 0.021691 0.023028 -0.021178
v 0.015921 0.020099 -0.025436
v 0.020319 0.022631 -0.022438
v 0.016916 0.015382 -0.024168
v 0.014379 0.014775 -0.025706
v 0.025418 0.025722 -0.017047
v 0.022956 0.021288 -0.019514
v 0.024530 0.026735 -0.018466
v 0.019692 0.016455 -0.022125
v 0.021092 0.015354 -0.020629
v 0.026387 0.022186 -0.014742
v 0.025134 0.020190 -0.016403
v 0.019400 0.013437 -0.021955
v 0.018189 0.011795 -0.022747
v 0.019717 0.009161 -0.021086
v 0.019660 0.006547 -0.020732
v 0.029159 0.024340 -0.008791
v 0.027612 0.024569 -0.012900
v 0.027702 0.016902 -0.010618
v -0.036620 0.083426 -0.002613
v -0.035933 0.077991 -0.003800
v -0.034805 0.077650 -0.009615
v -0.034855 0.067958 -0.003879
v -0.027965 0.086076 -0.024212
v -0.033480 0.065547 -0.009563
v -0.034554 0.065932 -0.004573
v -0.026295 0.079658 -0.025045
v -0.023747 0.081965 -0.027812
v -0.026948 0.076368 -0.023811
v -0.034058 0.059599 -0.002955
v -0.028823 0.074901 -0.021242
v -0.027516 0.071801 -0.022395
v -0.028474 0.077313 -0.022129
v -0.029655 0.073174 -0.019737
v -0.024700 0.076673 -0.026180
v -0.023540 0.078429 -0.027474
v -0.026362 0.071183 -0.023645
v -0.019348 0.077017 -0.030394
v -0.022204 0.063267 -0.026528
v -0.017298 0.070698 -0.030841
v -0.022407 0.066991 -0.026846
v -0.020029 0.065963 -0.028543
v -0.014465 0.071801 -0.032395
v -0.015797 0.070152 -0.031572
v -0.018402 0.066472 -0.029675
v -0.031336 0.038808 -0.006481
v -0.016180 0.055123 -0.029576
v -0.016373 0.049359 -0.028774
v 0.015091 0.076227 -0.032634
v -0.018054 0.041916 -0.026800
v -0.027583 0.024579 -0.012965
v 0.019421 0.073436 -0.029903
v 0.017515 0.075921 -0.031356
v 0.021249 0.081082 -0.029646
v -0.024906 0.030403 -0.018624
v -0.025292 0.025540 -0.017200
v -0.027660 0.017174 -0.010798
v -0.023795 0.024663 -0.019062
v 0.025412 0.080982 -0.026134
v -0.014410 0.038865 -0.028569
v 0.016297 0.072068 -0.031559
v 0.014492 0.070145 -0.032198
v -0.012809 0.042767 -0.029772
v 0.021106 0.074150 -0.028833
v 0.022743 0.072147 -0.027277
v 0.004380 0.057337 -0.033669
v -0.021323 0.030457 -0.022642
v 0.015169 0.066411 -0.031443
v -0.025922 0.017978 -0.014665
v -0.002495 0.050336 -0.033113
v -0.021185 0.025389 -0.022039
v 0.002343 0.055376 -0.033660
v -0.024836 0.018853 -0.016594
v -0.019280 0.028249 -0.024100
v 0.024495 0.073632 -0.025941
v -0.023464 0.018776 -0.018472
v 0.024870 0.070707 -0.025153
v -0.024555 0.015088 -0.016314
v -0.019270 0.023197 -0.023433
v -0.020720 0.016890 -0.021230
v 0.021336 0.066737 -0.027668
v -0.018713 0.015416 -0.022832
v -0.023185 0.012843 -0.017816
v -0.016871 0.016568 -0.024357
v -0.013432 0.023017 -0.027180
v -0.018782 0.013459 -0.022507
v -0.014933 0.014015 -0.025284
v 0.002802 0.033608 -0.031309
v 0.027100 0.057902 -0.020551
v 0.000220 0.027694 -0.030807
v 0.026015 0.054718 -0.021370
v 0.029003 0.054120 -0.016978
v 0.027222 0.048158 -0.018606
v 0.027040 0.053043 -0.019766
v 0.028434 0.050122 -0.017106
v 0.030444 0.049734 -0.013107
v -0.002399 0.012140 -0.029062
v 0.026682 0.039837 -0.017846
v 0.025147 0.035204 -0.019148
v 0.025824 0.039033 -0.018914
v 0.028569 0.040200 -0.014705
v 0.019018 0.024796 -0.023846
v 0.018262 0.018416 -0.023577
v 0.021674 0.019309 -0.020636
v 0.016838 0.009448 -0.023460
v 0.023968 0.015986 -0.017337
v 0.022352 0.014573 -0.019136
v 0.021121 0.011787 -0.020078
v -0.033574 0.056553 -0.004463
v -0.027339 0.068635 -0.022083
v -0.018758 0.071268 -0.030047
v -0.017422 0.076146 -0.031437
v 0.013179 0.073562 -0.033144
v 0.012741 0.069593 -0.032863
v -0.016165 0.040359 -0.027803
v -0.018369 0.034348 -0.025616
v -0.010303 0.044467 -0.030915
v 0.022504 0.077575 -0.028219
v -0.022197 0.019942 -0.020163
v 0.027572 0.070773 -0.022154
v -0.021588 0.011267 -0.019465
v 0.022710 0.050937 -0.024312
v 0.028162 0.054940 -0.018498
v 0.026225 0.049663 -0.020259
v 0.021769 0.041709 -0.023847
v 0.025803 0.044308 -0.019873
v 0.027780 0.043185 -0.016768
v 0.027674 0.037556 -0.015770
v 0.024880 0.047933 -0.021612
v 0.024680 0.038404 -0.020274
v 0.025640 0.003310 0.001852
v 0.027695 0.004811 -0.002097
v 0.028181 0.005476 0.000788
v 0.025269 0.003349 -0.004972
v 0.028172 0.005698 -0.002566
v 0.024629 0.003193 -0.005947
v 0.024343 0.003339 -0.008457
v 0.027218 0.004799 -0.005430
v 0.027787 0.005693 -0.005267
v 0.026565 0.005395 -0.009308
v 0.022345 0.003340 -0.012862
v 0.022568 0.003194 -0.011398
v 0.023666 0.004021 -0.013086
v 0.022606 0.003866 -0.014395
v 0.025170 0.006241 -0.013324
v 0.024700 0.005243 -0.013297
v 0.020962 0.003677 -0.016182
v 0.019963 0.003249 -0.015914
v 0.023536 0.005750 -0.015729
v 0.016828 0.003267 -0.019287
v 0.022307 0.005527 -0.017223
v 0.019066 0.003676 -0.018383
v 0.020569 0.005783 -0.019472
v 0.018823 0.005727 -0.021133
v 0.017025 0.005284 -0.022324
v 0.013831 0.003247 -0.021426
v 0.011776 0.003486 -0.023338
v 0.010374 0.003194 -0.023014
v 0.014627 0.005732 -0.024232
v 0.013769 0.005209 -0.024418
v 0.006539 0.003193 -0.024448
v 0.011616 0.005772 -0.025833
v 0.007116 0.003346 -0.024789
v 0.006403 0.005662 -0.027568
v 0.002840 0.003338 -0.025604
v 0.001528 0.003194 -0.025235
v -0.001176 0.003339 -0.025741
v -0.002694 0.003194 -0.025137
v 0.002347 0.005352 -0.028029
v -0.001749 0.003712 -0.026492
v -0.004940 0.003345 -0.025289
v -0.000083 0.005704 -0.028286
v -0.000217 0.004811 -0.027767
v -0.002466 0.005712 -0.028185
v -0.003359 0.006477 -0.028356
v -0.006439 0.003121 -0.024115
v -0.009406 0.003288 -0.023877
v -0.007683 0.006497 -0.027507
v -0.011936 0.003133 -0.021981
v -0.011729 0.003683 -0.023751
v -0.008510 0.005549 -0.026900
v -0.011533 0.005772 -0.025870
v -0.013588 0.003341 -0.021889
v -0.013782 0.005253 -0.024441
v -0.015874 0.003713 -0.021283
v -0.018320 0.003232 -0.017678
v -0.016642 0.003255 -0.019420
v -0.020560 0.003196 -0.014725
v -0.021583 0.003542 -0.014987
v -0.019391 0.005482 -0.020481
v -0.021928 0.005733 -0.017907
v -0.022780 0.003413 -0.012445
v -0.022360 0.003128 -0.011196
v -0.024657 0.005247 -0.013394
v -0.025239 0.003523 -0.007124
v -0.023975 0.003258 -0.008846
v -0.025266 0.003257 -0.003836
v -0.027019 0.005717 -0.008413
v -0.025005 0.003125 -0.000056
v -0.026010 0.003437 0.001048
v -0.026833 0.003888 -0.000428
v -0.026938 0.004210 -0.003860
v -0.028187 0.005727 -0.002497
v -0.027709 0.004784 -0.001488
v 0.025761 0.003368 -0.001853
v 0.026792 0.003889 -0.001491
v 0.024372 0.003077 -0.000278
v 0.024201 0.003102 -0.005556
v 0.028326 0.006643 -0.003797
v 0.025344 0.003805 -0.008457
v 0.028088 0.006668 -0.005266
v 0.026438 0.004604 -0.007972
v 0.022320 0.003079 -0.010202
v 0.025498 0.004680 -0.010718
v 0.026013 0.006610 -0.011826
v 0.020590 0.003077 -0.013402
v 0.023179 0.004817 -0.015294
v 0.019654 0.004220 -0.018855
v 0.021392 0.004736 -0.017618
v 0.017143 0.003082 -0.017675
v 0.022352 0.006440 -0.017754
v 0.016802 0.003693 -0.020503
v 0.018131 0.004696 -0.020903
v 0.013517 0.003105 -0.020774
v 0.008537 0.003076 -0.022943
v 0.014308 0.003685 -0.022313
v 0.015271 0.004088 -0.022370
v 0.015877 0.004756 -0.022734
v 0.010283 0.003095 -0.022429
v 0.013158 0.004275 -0.023909
v 0.011850 0.004733 -0.025034
v 0.011282 0.004029 -0.024530
v 0.005310 0.003103 -0.024277
v 0.009516 0.004387 -0.025688
v 0.008523 0.003713 -0.025139
v 0.006450 0.004825 -0.027014
v 0.004940 0.003659 -0.025994
v 0.003663 0.004523 -0.027301
v 0.003003 0.003737 -0.026411
v 0.006518 0.006464 -0.027802
v -0.001094 0.003079 -0.024554
v -0.001564 0.004357 -0.027325
v -0.005208 0.003679 -0.025985
v -0.003086 0.004825 -0.027596
v -0.004938 0.004342 -0.026905
v -0.001862 0.006635 -0.028514
v -0.008918 0.003076 -0.022451
v -0.009551 0.004116 -0.025385
v -0.006993 0.004108 -0.026189
v -0.009239 0.003689 -0.024843
v -0.008353 0.004702 -0.026407
v -0.011550 0.004371 -0.024819
v -0.009971 0.006479 -0.026773
v -0.012853 0.004729 -0.024537
v -0.013811 0.004097 -0.023298
v -0.013978 0.003693 -0.022524
v -0.014863 0.003077 -0.019524
v -0.014078 0.006576 -0.024876
v -0.015353 0.004549 -0.022889
v -0.015661 0.006438 -0.023868
v -0.018157 0.003102 -0.016900
v -0.017242 0.004675 -0.021645
v -0.018681 0.004190 -0.019785
v -0.018585 0.003704 -0.018976
v -0.020414 0.003927 -0.017539
v -0.021465 0.004805 -0.017608
v -0.022759 0.004501 -0.015494
v -0.023955 0.004163 -0.012833
v -0.023603 0.006733 -0.016136
v -0.023216 0.003076 -0.008063
v -0.025056 0.004106 -0.010299
v -0.025786 0.004790 -0.010289
v -0.024556 0.006710 -0.014630
v -0.024353 0.003733 -0.010669
v -0.025221 0.003694 -0.008181
v -0.024308 0.003078 -0.003530
v -0.027036 0.004851 -0.006497
v -0.026331 0.006034 -0.010748
v -0.027451 0.004746 -0.003783
v -0.026246 0.003694 -0.003955
v -0.027845 0.005922 -0.005532
v -0.025853 0.003380 -0.000648
v -0.028529 0.006809 -0.001971
v 0.026393 0.003820 -0.004380
v 0.026164 0.003919 -0.006087
v 0.027196 0.005588 -0.007655
v 0.024360 0.003833 -0.011081
v 0.025492 0.005479 -0.012019
v 0.021307 0.004111 -0.016749
v 0.020364 0.005070 -0.019145
v 0.017899 0.004072 -0.020278
v 0.010214 0.003442 -0.023939
v 0.009410 0.004997 -0.026287
v 0.007351 0.003874 -0.025791
v 0.005253 0.004204 -0.026697
v 0.000206 0.003872 -0.026817
v -0.005481 0.005453 -0.027641
v -0.010428 0.005062 -0.025916
v -0.016367 0.005654 -0.023056
v -0.023885 0.005768 -0.015218
v -0.025474 0.006434 -0.012893
v -0.026191 0.004205 -0.007332
v -0.028261 0.006463 -0.004071
v 0.028531 0.006374 -0.000310
v -0.019496 0.003076 0.014274
v -0.013447 0.003076 0.020045
v -0.006246 0.003076 0.023606
v 0.016310 0.003076 0.018367
v 0.034164 0.059722 0.001524
v 0.035558 0.072899 0.001586
v -0.034164 0.059722 0.001524
v -0.035558 0.072899 0.001586
v 0.035024 0.079161 0.009400
v 0.033676 0.080296 0.013761
v 0.034420 0.078986 0.011341
v 0.033207 0.081494 0.015164
v 0.034748 0.086076 0.012675
v 0.033349 0.065169 0.009862
v 0.031931 0.061917 0.012894
v 0.031806 0.065573 0.014193
v 0.030733 0.058747 0.014802
v 0.032265 0.058247 0.010858
v 0.032337 0.051681 0.008175
v 0.031581 0.055210 0.011838
v 0.006480 0.086076 0.036416
v 0.005587 0.081524 0.036079
v 0.026550 0.059722 0.021554
v 0.004313 0.081684 0.036268
v 0.031400 0.033368 0.000696
v 0.029983 0.020190 0.001337
v 0.003514 0.076881 0.035843
v 0.026717 0.055324 0.020594
v 0.026008 0.055285 0.021474
v 0.029540 0.031812 0.010185
v 0.030869 0.041976 0.009589
v 0.031346 0.033867 0.002722
v 0.029847 0.037614 0.011141
v -0.004113 0.080122 0.036127
v 0.000295 0.077292 0.036057
v 0.002031 0.072899 0.035535
v 0.010533 0.063304 0.032941
v 0.008197 0.064670 0.033750
v 0.029963 0.030756 0.008442
v 0.029907 0.025805 0.006556
v 0.006268 0.060178 0.033666
v 0.004482 0.062562 0.034216
v -0.012011 0.081287 0.034457
v 0.024431 0.033169 0.019703
v 0.025413 0.037991 0.019284
v -0.015438 0.080169 0.032935
v 0.025006 0.041886 0.020468
v 0.028785 0.013152 0.005332
v 0.028226 0.006643 0.004531
v 0.028730 0.015478 0.006774
v 0.027657 0.007016 0.007386
v -0.012611 0.058624 0.031662
v -0.011448 0.063666 0.032674
v -0.013492 0.068116 0.032393
v -0.015671 0.070709 0.031699
v -0.013986 0.052902 0.030416
v -0.015243 0.064807 0.031215
v -0.015717 0.058624 0.030241
v -0.032405 0.080624 0.016612
v -0.033138 0.077745 0.014348
v -0.034333 0.081516 0.012446
v 0.007254 0.033841 0.030608
v 0.008988 0.027340 0.029438
v -0.029659 0.058001 0.016672
v -0.031181 0.058520 0.013733
v -0.032331 0.063080 0.012221
v 0.009096 0.013911 0.027908
v 0.006398 0.011502 0.028381
v 0.005555 0.014704 0.028913
v -0.010105 0.033368 0.029737
v -0.009851 0.030952 0.029559
v -0.011373 0.029603 0.028850
v -0.012099 0.025785 0.028116
v -0.013110 0.028975 0.028028
v -0.009061 0.011418 0.027637
v -0.010316 0.007024 0.026694
v -0.011648 0.013882 0.026940
v -0.013399 0.012633 0.025962
v -0.027425 0.033207 0.015306
v -0.026202 0.028908 0.016447
v -0.027000 0.025777 0.014427
v -0.028932 0.033449 0.012282
v -0.028743 0.028821 0.011441
v -0.031400 0.033368 0.000696
v -0.029983 0.020190 0.001337
v -0.024681 0.007013 0.014484
v -0.025561 0.007078 0.012904
v -0.026563 0.014969 0.012751
v -0.026917 0.011446 0.011044
v 0.036468 0.083491 0.004250
v 0.036124 0.086076 0.007977
v 0.035612 0.078995 0.006700
v 0.035459 0.075481 0.005425
v 0.035026 0.075071 0.007510
v 0.032279 0.086076 0.018086
v 0.029958 0.083724 0.021265
v 0.030634 0.080370 0.019633
v 0.032724 0.076770 0.015032
v 0.028408 0.081684 0.022955
v 0.033932 0.062478 0.006180
v 0.033069 0.069024 0.012020
v 0.033246 0.060598 0.008421
v 0.034100 0.060359 0.003430
v 0.033365 0.053133 0.003009
v 0.019242 0.081892 0.031069
v 0.016681 0.081670 0.032490
v 0.029748 0.061808 0.017316
v 0.029699 0.065579 0.018173
v 0.015273 0.076300 0.032551
v 0.032932 0.053026 0.006099
v 0.032190 0.048611 0.007356
v 0.032501 0.046565 0.004459
v 0.027723 0.064399 0.020866
v 0.028325 0.061070 0.019420
v 0.028332 0.057749 0.018781
v 0.013779 0.080220 0.033657
v 0.032404 0.043250 0.001812
v 0.026397 0.064114 0.022466
v 0.031785 0.049784 0.009417
v 0.032006 0.039956 0.002519
v 0.031793 0.043800 0.006798
v 0.029484 0.050555 0.015316
v 0.030344 0.050910 0.013634
v 0.002611 0.083880 0.036663
v 0.009361 0.076904 0.034791
v 0.025117 0.057623 0.022883
v 0.028562 0.050706 0.017014
v 0.028946 0.046545 0.015433
v 0.031201 0.044024 0.009237
v 0.001650 0.081207 0.036437
v 0.006955 0.077028 0.035356
v -0.002758 0.086076 0.036888
v 0.017228 0.059722 0.029541
v -0.000280 0.081805 0.036533
v 0.023478 0.056282 0.024373
v 0.023510 0.059872 0.024871
v -0.002123 0.079782 0.036264
v 0.016413 0.065211 0.030673
v 0.030908 0.033624 0.005728
v 0.025369 0.047879 0.021022
v 0.013260 0.065579 0.032194
v 0.023953 0.054342 0.023616
v 0.029443 0.042944 0.013599
v 0.028599 0.042152 0.015094
v 0.024210 0.048772 0.022483
v 0.008969 0.069785 0.034104
v 0.019202 0.057925 0.028094
v 0.030642 0.035391 0.007832
v 0.027826 0.042983 0.016665
v 0.014544 0.061168 0.031124
v -0.008302 0.081067 0.035507
v -0.006110 0.077666 0.035584
v 0.013767 0.059203 0.031246
v -0.010469 0.086076 0.035484
v 0.026938 0.041398 0.017759
v -0.002659 0.077325 0.035964
v -0.002630 0.068785 0.035061
v 0.004379 0.068690 0.034877
v 0.029076 0.037733 0.013053
v 0.027387 0.029069 0.014428
v 0.002071 0.067415 0.034953
v -0.000023 0.069606 0.035244
v 0.030451 0.026124 0.003405
v 0.022476 0.043836 0.023504
v 0.012223 0.057937 0.031738
v -0.004129 0.073035 0.035375
v 0.018983 0.048942 0.027084
v 0.027341 0.036743 0.016174
v 0.020687 0.045767 0.025364
v 0.028735 0.031928 0.012318
v -0.008247 0.077313 0.035103
v 0.017242 0.046545 0.027905
v 0.010071 0.056110 0.032284
v 0.029440 0.022511 0.006991
v 0.028724 0.027511 0.011082
v 0.029371 0.015945 0.003406
v -0.003884 0.065716 0.034618
v -0.018570 0.079645 0.031213
v 0.002858 0.060155 0.034139
v -0.007263 0.070703 0.034606
v 0.023238 0.034528 0.021307
v 0.022213 0.036550 0.022678
v 0.013470 0.051080 0.030432
v 0.011088 0.048468 0.031093
v 0.026445 0.024057 0.015050
v 0.026224 0.029475 0.016535
v 0.005711 0.056642 0.033393
v -0.005896 0.068274 0.034604
v -0.016317 0.076074 0.032020
v 0.006569 0.050937 0.032613
v -0.008505 0.069798 0.034222
v 0.028968 0.018346 0.007069
v -0.001825 0.061965 0.034387
v -0.003567 0.059419 0.033985
v 0.003252 0.056062 0.033653
v -0.005975 0.063148 0.034040
v 0.006718 0.044791 0.031920
v 0.028789 0.009119 0.001762
v 0.009130 0.046807 0.031537
v -0.011048 0.069240 0.033430
v -0.008418 0.064124 0.033638
v -0.029080 0.086076 0.022879
v -0.029941 0.080306 0.020671
v -0.016738 0.068655 0.030901
v 0.004020 0.048553 0.032771
v -0.030622 0.086076 0.020750
v -0.006195 0.058583 0.033510
v 0.017187 0.033368 0.026288
v 0.004222 0.045595 0.032424
v 0.026981 0.007246 0.009622
v 0.027167 0.012736 0.010773
v 0.015824 0.033773 0.027177
v 0.014561 0.032214 0.027700
v 0.017717 0.027133 0.025133
v 0.010235 0.035090 0.029888
v 0.025728 0.011670 0.013643
v 0.026648 0.014009 0.012342
v 0.001621 0.045939 0.032699
v 0.003615 0.038073 0.031706
v 0.012043 0.031383 0.028777
v 0.010851 0.029116 0.028994
v 0.015884 0.027808 0.026419
v -0.010603 0.056095 0.032110
v -0.009218 0.053133 0.032207
v 0.024732 0.011344 0.015288
v -0.005128 0.049290 0.032693
v -0.011943 0.053877 0.031394
v -0.010990 0.048853 0.031164
v -0.021890 0.064114 0.026877
v -0.031821 0.076068 0.016709
v -0.020676 0.060519 0.027356
v -0.018957 0.061688 0.028719
v -0.004634 0.045543 0.032368
v -0.016876 0.056093 0.029304
v 0.005441 0.033086 0.030899
v 0.002948 0.032854 0.031216
v -0.035350 0.081134 0.008963
v -0.035832 0.079488 0.005756
v -0.007492 0.046548 0.031936
v -0.015465 0.052348 0.029626
v -0.018742 0.055361 0.028050
v -0.034794 0.076680 0.009210
v -0.026782 0.064114 0.022005
v -0.027702 0.066305 0.021231
v -0.035382 0.077292 0.006953
v -0.017227 0.052020 0.028596
v -0.009350 0.046561 0.031452
v -0.008834 0.039956 0.030865
v -0.010655 0.042152 0.030531
v -0.014308 0.046677 0.029533
v -0.022116 0.057376 0.025760
v 0.011158 0.026575 0.028596
v -0.036536 0.082797 0.002776
v -0.028731 0.065579 0.019668
v -0.012312 0.046047 0.030357
v -0.031329 0.070101 0.016276
v -0.031479 0.066945 0.015235
v -0.032445 0.069616 0.013769
v -0.015722 0.048414 0.029017
v 0.005534 0.025260 0.030047
v 0.002620 0.027224 0.030641
v -0.027635 0.060776 0.020351
v -0.027041 0.058795 0.020791
v 0.007395 0.026030 0.029732
v 0.016425 0.006703 0.023407
v -0.028785 0.061561 0.018830
v 0.015763 0.011318 0.024434
v -0.035645 0.075596 0.004128
v -0.030263 0.063963 0.016871
v -0.005720 0.032721 0.030811
v -0.033290 0.069014 0.011390
v -0.010762 0.039590 0.030205
v -0.035374 0.073213 0.004202
v 0.003337 0.024321 0.030273
v -0.000023 0.024583 0.030477
v 0.003680 0.020190 0.029786
v -0.014892 0.040766 0.028542
v -0.034526 0.068763 0.006619
v -0.018000 0.047046 0.027502
v -0.020012 0.046545 0.025991
v -0.021325 0.049087 0.025295
v -0.033885 0.067450 0.008824
v -0.016395 0.042223 0.027879
v 0.012171 0.006702 0.025868
v -0.033919 0.065015 0.007607
v -0.009923 0.037045 0.030209
v -0.033346 0.065179 0.009877
v 0.001847 0.021654 0.030110
v -0.013083 0.039046 0.029217
v -0.007755 0.031347 0.030216
v -0.021003 0.044040 0.024863
v -0.000049 0.018020 0.029781
v 0.002995 0.015683 0.029391
v -0.034592 0.065108 0.003537
v -0.002114 0.020213 0.029938
v -0.004458 0.021020 0.029768
v -0.015330 0.034277 0.027534
v -0.034192 0.063894 0.005592
v -0.032090 0.055906 0.010643
v -0.034060 0.059722 0.003072
v 0.005872 0.006737 0.027986
v 0.004299 0.009827 0.028599
v -0.008476 0.024310 0.029248
v -0.032747 0.057740 0.009110
v -0.019802 0.035285 0.024649
v -0.015685 0.031067 0.026934
v -0.032365 0.053143 0.008683
v -0.006197 0.016896 0.029009
v -0.015804 0.026914 0.026349
v -0.001818 0.012663 0.029159
v -0.018376 0.028877 0.024884
v -0.031141 0.047844 0.010733
v -0.016863 0.025925 0.025570
v -0.032505 0.050937 0.007084
v -0.033365 0.053133 0.003009
v -0.008270 0.015680 0.028360
v -0.032979 0.051757 0.004988
v -0.032121 0.042946 0.004394
v -0.031036 0.044361 0.009886
v -0.023894 0.031777 0.020145
v -0.031659 0.042534 0.006781
v -0.005146 0.006510 0.028099
v -0.025272 0.031321 0.018285
v -0.012194 0.019231 0.027309
v -0.026288 0.033368 0.017186
v -0.007171 0.006805 0.027684
v -0.022938 0.026500 0.020391
v -0.029987 0.035685 0.010146
v -0.030845 0.038751 0.008489
v -0.032404 0.043250 0.001812
v -0.015259 0.011261 0.024743
v -0.031765 0.038354 0.003436
v -0.015482 0.006724 0.024038
v -0.029782 0.030040 0.008825
v -0.031377 0.034397 0.002913
v -0.016838 0.009448 0.023458
v -0.017272 0.006466 0.022745
v -0.029118 0.026926 0.009837
v -0.029826 0.026779 0.007314
v -0.030787 0.032252 0.005563
v -0.030442 0.029707 0.005963
v -0.021462 0.011406 0.019625
v -0.028362 0.023654 0.010893
v -0.023379 0.012870 0.017557
v -0.030631 0.028080 0.003658
v -0.029988 0.024583 0.005444
v -0.030297 0.027237 0.005302
v -0.025799 0.016322 0.014527
v -0.030980 0.030073 0.002215
v -0.022015 0.006838 0.018286
v -0.023450 0.006947 0.016404
v -0.024792 0.012168 0.015361
v -0.029373 0.021575 0.006871
v -0.029797 0.020185 0.003663
v -0.029370 0.018959 0.005497
v -0.028357 0.012595 0.007000
v -0.027807 0.011701 0.008623
v -0.029043 0.013164 0.003645
v -0.027042 0.006813 0.009311
v -0.028738 0.012618 0.005229
v -0.028523 0.006757 0.002072
v 0.036240 0.079488 0.001921
v 0.035921 0.077825 0.003741
v 0.035277 0.071603 0.003597
v 0.034672 0.067262 0.004762
v 0.034444 0.075248 0.009923
v 0.033807 0.077165 0.012504
v 0.032158 0.080538 0.017062
v 0.033878 0.068959 0.009501
v 0.034397 0.068750 0.007291
v 0.030646 0.077933 0.019138
v 0.029598 0.078852 0.020877
v 0.034411 0.063016 0.003064
v 0.031343 0.074989 0.017335
v 0.032059 0.069864 0.014728
v 0.033757 0.064231 0.007941
v 0.025818 0.082490 0.025957
v 0.030528 0.068098 0.017301
v 0.030962 0.065199 0.015847
v 0.033592 0.059366 0.006200
v 0.029989 0.072566 0.019121
v 0.033415 0.055385 0.004705
v 0.028849 0.067303 0.019846
v 0.020772 0.078309 0.029607
v 0.021473 0.079836 0.029307
v 0.032834 0.055921 0.008026
v 0.021939 0.076078 0.028457
v 0.025242 0.071389 0.024867
v 0.024198 0.067380 0.025305
v 0.025533 0.064487 0.023508
v 0.011073 0.080579 0.034687
v 0.031105 0.050412 0.011645
v 0.014759 0.079077 0.033110
v 0.032128 0.042688 0.004194
v 0.013878 0.074360 0.032949
v 0.031657 0.039956 0.005345
v 0.012517 0.077717 0.033870
v 0.011567 0.072899 0.033661
v 0.024284 0.062060 0.024428
v 0.020376 0.069065 0.028707
v 0.031314 0.039956 0.007086
v 0.014917 0.067147 0.031654
v 0.013778 0.069625 0.032450
v 0.019910 0.061692 0.028064
v 0.012213 0.068093 0.032896
v 0.031476 0.036476 0.004108
v 0.030218 0.042035 0.011484
v 0.027086 0.050992 0.019326
v 0.021619 0.060291 0.026577
v 0.004457 0.075758 0.035617
v 0.028124 0.049901 0.017562
v 0.010945 0.067214 0.033241
v 0.006705 0.069280 0.034565
v 0.019647 0.052726 0.027077
v 0.017730 0.053133 0.028424
v 0.026487 0.043250 0.018753
v 0.015463 0.059690 0.030501
v 0.021513 0.050611 0.025326
v 0.010330 0.059716 0.032608
v 0.014536 0.055330 0.030449
v 0.030143 0.024959 0.004793
v 0.029144 0.025606 0.009336
v 0.029383 0.018420 0.005120
v 0.014903 0.052910 0.029977
v 0.012073 0.053133 0.031249
v -0.010847 0.078093 0.034490
v -0.006388 0.074371 0.035180
v -0.018287 0.086076 0.032154
v 0.021178 0.040929 0.024276
v 0.026298 0.033995 0.017292
v 0.023445 0.041176 0.022123
v -0.000000 0.059722 0.034198
v 0.028260 0.025522 0.011685
v 0.019460 0.043922 0.026069
v 0.028777 0.021917 0.009134
v 0.007445 0.055943 0.032968
v 0.009354 0.050349 0.031880
v -0.020705 0.080220 0.029899
v -0.023837 0.086076 0.028295
v -0.013665 0.076551 0.033284
v 0.014526 0.044709 0.029199
v 0.001603 0.058258 0.034005
v -0.025832 0.086076 0.026476
v -0.024526 0.082904 0.027238
v -0.018070 0.072899 0.030665
v 0.004742 0.052378 0.033087
v -0.019322 0.077539 0.030486
v 0.022779 0.027581 0.020722
v 0.019701 0.038462 0.025166
v 0.020502 0.035915 0.024151
v -0.000519 0.055147 0.033709
v 0.027909 0.015378 0.009588
v -0.025045 0.075742 0.025718
v -0.025314 0.081257 0.026265
v 0.020671 0.031668 0.023409
v 0.000468 0.053621 0.033548
v -0.027061 0.080598 0.024372
v 0.027660 0.017174 0.010797
v -0.021867 0.076836 0.028609
v 0.027952 0.012948 0.008606
v -0.031555 0.084345 0.018940
v -0.018295 0.067723 0.029901
v -0.028443 0.079915 0.022612
v 0.008691 0.040581 0.030980
v 0.012902 0.035613 0.028912
v 0.025936 0.016072 0.014213
v 0.010936 0.040688 0.030267
v 0.009231 0.038562 0.030600
v -0.000997 0.052713 0.033442
v 0.000629 0.046161 0.032759
v -0.026640 0.074545 0.023870
v 0.005664 0.040607 0.031674
v -0.019741 0.066115 0.028753
v -0.031095 0.079357 0.018695
v -0.009399 0.057164 0.032600
v -0.030105 0.077371 0.019877
v -0.007773 0.056593 0.032963
v -0.006766 0.051214 0.032602
v -0.004428 0.054045 0.033305
v -0.027863 0.072332 0.022054
v 0.001311 0.037158 0.031782
v 0.017337 0.023358 0.024911
v -0.030431 0.072899 0.018462
v 0.006727 0.036972 0.031077
v -0.017080 0.062037 0.029913
v -0.026273 0.069024 0.023404
v 0.013786 0.026517 0.027418
v -0.003312 0.046156 0.032599
v 0.022151 0.006640 0.018059
v -0.023074 0.061918 0.025555
v -0.023656 0.057932 0.024438
v 0.019877 0.006707 0.020566
v 0.011844 0.023792 0.027994
v -0.036564 0.086076 0.005590
v -0.000106 0.034190 0.031498
v -0.001417 0.042230 0.032311
v -0.025506 0.061918 0.023128
v -0.024898 0.056666 0.022992
v -0.034111 0.077273 0.011711
v 0.019326 0.009384 0.021470
v 0.001613 0.030045 0.031015
v -0.029905 0.067562 0.018265
v -0.020481 0.053621 0.026575
v -0.022324 0.053133 0.024978
v 0.017389 0.011314 0.023298
v -0.006547 0.040457 0.031485
v 0.013206 0.016797 0.026553
v 0.009585 0.018475 0.028247
v -0.018470 0.048393 0.027352
v -0.020315 0.051215 0.026388
v -0.007216 0.037766 0.031049
v -0.005215 0.034735 0.031129
v 0.011928 0.016896 0.027159
v 0.013103 0.013234 0.026179
v 0.010910 0.012684 0.027108
v -0.008681 0.034085 0.030266
v 0.007599 0.016874 0.028671
v -0.023884 0.048276 0.022780
v -0.003867 0.026677 0.030457
v -0.018249 0.043432 0.026861
v -0.013225 0.036629 0.028866
v -0.001568 0.028593 0.030866
v -0.024174 0.053437 0.023236
v -0.034709 0.067775 0.004883
v -0.030431 0.058848 0.015398
v -0.023073 0.045973 0.023241
v -0.019667 0.041204 0.025544
v -0.006140 0.026225 0.030033
v -0.030776 0.055379 0.013855
v 0.001610 0.017079 0.029638
v -0.024670 0.045262 0.021421
v -0.017481 0.033767 0.026149
v -0.033550 0.059797 0.006731
v -0.033522 0.056458 0.004754
v -0.031434 0.052401 0.011357
v 0.000331 0.011971 0.029136
v -0.029727 0.050702 0.014870
v -0.013917 0.026659 0.027370
v -0.010272 0.020026 0.028175
v -0.021207 0.035476 0.023469
v 0.000518 0.006753 0.028589
v -0.022134 0.033980 0.022377
v -0.031555 0.047169 0.009208
v -0.023307 0.036623 0.021590
v -0.019317 0.032404 0.024638
v -0.005773 0.012624 0.028640
v -0.029168 0.044784 0.014614
v -0.014291 0.021992 0.026605
v -0.020330 0.029439 0.023397
v -0.003859 0.013619 0.029061
v -0.030268 0.040688 0.010935
v -0.021412 0.028653 0.022301
v -0.017374 0.021654 0.024662
v -0.030985 0.040931 0.008801
v -0.014688 0.015523 0.025616
v -0.029071 0.037277 0.012979
v -0.031345 0.038260 0.006062
v -0.021691 0.023028 0.021177
v -0.015921 0.020098 0.025434
v -0.020319 0.022632 0.022437
v -0.016917 0.015382 0.024167
v -0.025418 0.025722 0.017046
v -0.022956 0.021288 0.019513
v -0.024530 0.026735 0.018464
v -0.019692 0.016455 0.022124
v -0.021000 0.014833 0.020643
v -0.030338 0.031544 0.007341
v -0.026387 0.022186 0.014740
v -0.025134 0.020190 0.016402
v -0.018880 0.012387 0.022275
v -0.019717 0.009162 0.021085
v -0.018821 0.006407 0.021446
v -0.020157 0.006396 0.020206
v -0.029160 0.024340 0.008790
v -0.027612 0.024569 0.012898
v -0.030892 0.030622 0.003735
v -0.027702 0.016902 0.010617
v 0.027965 0.086076 0.024210
v 0.026294 0.079658 0.025044
v 0.023747 0.081965 0.027810
v 0.026836 0.075627 0.023819
v 0.028823 0.074901 0.021240
v 0.028474 0.077313 0.022128
v 0.024699 0.076673 0.026178
v 0.023540 0.078429 0.027472
v 0.019348 0.077017 0.030393
v 0.022204 0.063267 0.026527
v 0.017298 0.070698 0.030840
v 0.022407 0.066991 0.026844
v 0.020029 0.065963 0.028541
v 0.014465 0.071801 0.032394
v 0.015797 0.070152 0.031570
v 0.018402 0.066472 0.029674
v 0.016180 0.055123 0.029574
v 0.016373 0.049359 0.028772
v 0.018054 0.041916 0.026798
v 0.027582 0.024579 0.012964
v -0.022803 0.081980 0.028573
v 0.024906 0.030403 0.018623
v 0.025292 0.025540 0.017198
v -0.026749 0.083496 0.025159
v 0.023795 0.024663 0.019060
v 0.001531 0.056611 0.033833
v 0.014410 0.038865 0.028568
v 0.012808 0.042767 0.029771
v -0.023491 0.077092 0.027327
v 0.021323 0.030457 0.022641
v 0.025922 0.017977 0.014663
v 0.002495 0.050336 0.033112
v -0.020100 0.074058 0.029525
v 0.021184 0.025389 0.022037
v -0.002343 0.055376 0.033658
v 0.024836 0.018853 0.016593
v -0.023197 0.072265 0.026914
v 0.019280 0.028249 0.024099
v 0.023464 0.018776 0.018470
v -0.021530 0.068761 0.027790
v -0.023296 0.068675 0.026324
v 0.024555 0.015088 0.016312
v -0.025199 0.071314 0.024901
v 0.019416 0.024007 0.023426
v 0.018844 0.020190 0.023359
v -0.024917 0.069406 0.024898
v -0.029052 0.071473 0.020302
v 0.023185 0.012843 0.017815
v 0.020720 0.016890 0.021228
v 0.021546 0.010496 0.019386
v 0.018721 0.015017 0.022769
v 0.016871 0.016568 0.024356
v 0.013432 0.023017 0.027178
v -0.004213 0.039080 0.031731
v 0.014933 0.014015 0.025283
v -0.002802 0.033608 0.031307
v -0.000220 0.027694 0.030806
v -0.026016 0.054719 0.021368
v -0.011976 0.037828 0.029544
v -0.028650 0.051814 0.017097
v -0.027222 0.048158 0.018605
v -0.030444 0.049735 0.013106
v 0.002398 0.012140 0.029060
v -0.023139 0.039858 0.022238
v -0.033086 0.053963 0.005804
v -0.026682 0.039837 0.017844
v -0.025147 0.035204 0.019147
v -0.025824 0.039033 0.018912
v -0.028569 0.040200 0.014704
v -0.029791 0.043288 0.012903
v -0.019018 0.024796 0.023844
v -0.018262 0.018416 0.023576
v -0.021674 0.019309 0.020635
v -0.023968 0.015986 0.017335
v -0.022352 0.014573 0.019134
v 0.027330 0.068982 0.022150
v 0.017651 0.076381 0.031333
v 0.018758 0.071268 0.030046
v 0.016200 0.074546 0.031888
v 0.016165 0.040359 0.027802
v 0.018369 0.034348 0.025615
v 0.010303 0.044467 0.030913
v 0.022183 0.018080 0.019881
v 0.020426 0.011528 0.020719
v -0.022710 0.050937 0.024310
v -0.027647 0.053917 0.019087
v -0.026225 0.049663 0.020257
v -0.021769 0.041709 0.023846
v -0.025803 0.044308 0.019872
v -0.027780 0.043185 0.016767
v -0.027674 0.037556 0.015768
v -0.024680 0.038404 0.020273
v -0.027802 0.004872 0.000785
v -0.028416 0.005995 -0.000383
v -0.024773 0.003346 0.007168
v -0.025115 0.003231 0.004042
v -0.028131 0.005700 0.002935
v -0.027602 0.005482 0.005837
v -0.023272 0.003248 0.010457
v -0.021240 0.003128 0.013176
v -0.023320 0.003562 0.012135
v -0.024997 0.005270 0.012787
v -0.021865 0.003555 0.014589
v -0.019746 0.003266 0.016247
v -0.023768 0.005977 0.015566
v -0.017111 0.003251 0.018955
v -0.017852 0.003881 0.020019
v -0.014956 0.003343 0.020984
v -0.017025 0.005284 0.022323
v -0.013728 0.003695 0.022679
v -0.014275 0.005502 0.024332
v -0.007821 0.003267 0.024343
v -0.010911 0.005250 0.025856
v -0.008353 0.005723 0.027045
v -0.002468 0.003253 0.025427
v -0.008998 0.006454 0.027098
v -0.004735 0.003243 0.025055
v -0.005690 0.005329 0.027516
v -0.003425 0.003695 0.026299
v -0.002836 0.005866 0.028215
v 0.002140 0.003241 0.025401
v 0.000083 0.005704 0.028284
v 0.005616 0.003194 0.024618
v 0.004307 0.003344 0.025414
v 0.002466 0.005712 0.028183
v 0.003359 0.006477 0.028355
v 0.007786 0.003349 0.024547
v 0.008543 0.003194 0.023795
v 0.007683 0.006497 0.027506
v 0.012770 0.003788 0.023442
v 0.008510 0.005549 0.026899
v 0.007550 0.004798 0.026704
v 0.010679 0.003345 0.023450
v 0.011533 0.005772 0.025869
v 0.014399 0.003341 0.021391
v 0.012792 0.003194 0.021820
v 0.013782 0.005253 0.024439
v 0.017590 0.003266 0.018555
v 0.018850 0.005744 0.021112
v 0.020475 0.003271 0.015370
v 0.022150 0.005827 0.017684
v 0.022395 0.003252 0.012244
v 0.024643 0.005287 0.013468
v 0.024034 0.003345 0.009291
v 0.024029 0.003194 0.007942
v 0.025217 0.004846 0.011680
v 0.025065 0.003350 0.006068
v 0.026923 0.005550 0.008436
v 0.027808 0.005778 0.005357
v 0.026533 0.003710 0.001221
v 0.024978 0.003126 -0.000533
v 0.027548 0.004543 0.000680
v -0.024646 0.003083 0.001360
v -0.027140 0.004233 0.002283
v -0.026400 0.003734 0.003040
v -0.027424 0.004810 0.004455
v -0.023618 0.003099 0.007709
v -0.028512 0.006293 0.001084
v -0.025892 0.003760 0.006284
v -0.026798 0.004462 0.006120
v -0.028219 0.006698 0.004586
v -0.027685 0.006498 0.007030
v -0.026143 0.004841 0.009450
v -0.023384 0.004073 0.013617
v -0.026344 0.006499 0.011018
v -0.021264 0.003884 0.016364
v -0.017499 0.003105 0.017558
v -0.019794 0.003844 0.018028
v -0.020242 0.004426 0.018531
v -0.018572 0.004756 0.020568
v -0.015887 0.003710 0.021265
v -0.017008 0.004552 0.021678
v -0.013117 0.003129 0.021276
v -0.014970 0.004413 0.023001
v -0.010487 0.003127 0.022672
v -0.012505 0.004423 0.024446
v -0.011605 0.003878 0.024179
v -0.006244 0.003103 0.024000
v -0.008262 0.003705 0.025214
v -0.009516 0.004387 0.025687
v -0.012956 0.006507 0.025452
v -0.007584 0.004793 0.026690
v -0.006781 0.003904 0.025991
v -0.011199 0.006454 0.026266
v 0.000289 0.003101 0.024784
v -0.000493 0.003582 0.026335
v -0.003892 0.004471 0.027224
v 0.003048 0.003077 0.024369
v -0.002382 0.006674 0.028503
v 0.001748 0.003712 0.026491
v 0.002011 0.004602 0.027549
v 0.007514 0.003098 0.023561
v 0.004627 0.004344 0.026983
v 0.005033 0.003705 0.026054
v 0.001862 0.006635 0.028513
v 0.007632 0.004143 0.026048
v 0.009527 0.003666 0.024680
v 0.011639 0.003100 0.021781
v 0.009905 0.004217 0.025375
v 0.009971 0.006479 0.026772
v 0.012380 0.004579 0.024650
v 0.014717 0.004420 0.023180
v 0.015645 0.003705 0.021436
v 0.015537 0.003120 0.019504
v 0.014078 0.006576 0.024874
v 0.016071 0.005631 0.023257
v 0.017665 0.004727 0.021351
v 0.016906 0.004249 0.021400
v 0.017669 0.006432 0.022414
v 0.018676 0.003674 0.018815
v 0.020385 0.004747 0.018774
v 0.020064 0.003077 0.014266
v 0.021861 0.004242 0.016272
v 0.021840 0.003705 0.015104
v 0.022452 0.004857 0.016406
v 0.023196 0.003078 0.008187
v 0.023159 0.003667 0.012805
v 0.023817 0.004348 0.013471
v 0.023279 0.006852 0.016638
v 0.025527 0.004128 0.009179
v 0.024556 0.006710 0.014629
v 0.026023 0.006660 0.011830
v 0.025297 0.003712 0.008028
v 0.024866 0.003133 0.002852
v 0.026305 0.004047 0.006179
v 0.026309 0.004769 0.008798
v 0.026112 0.003671 0.004439
v 0.027276 0.006270 0.008258
v 0.027126 0.004607 0.005212
v 0.027505 0.004737 0.003683
v 0.028462 0.006465 0.002309
v -0.025303 0.003879 0.008936
v -0.026531 0.005704 0.009820
v -0.024552 0.004392 0.012194
v -0.025204 0.006077 0.013182
v -0.023179 0.004817 0.015292
v -0.021699 0.004908 0.017433
v -0.022172 0.005743 0.017589
v -0.019788 0.005394 0.020029
v -0.011242 0.003397 0.023372
v -0.002451 0.005269 0.027972
v 0.000166 0.004422 0.027451
v 0.007835 0.003567 0.025106
v 0.005481 0.005453 0.027640
v 0.010428 0.005062 0.025915
v 0.019399 0.004121 0.018938
v 0.020357 0.005461 0.019497
v 0.023885 0.005768 0.015217
v 0.024514 0.003801 0.010587
v 0.025474 0.006434 0.012892
v 0.026148 0.005714 0.010794
v -0.034800 0.046439 -0.000459
v -0.030606 0.006803 -0.000001
v -0.017348 0.077396 -0.033912
v -0.015275 0.069920 -0.034016
v -0.014980 0.079581 -0.035267
v -0.011557 0.078851 -0.036450
v -0.008281 0.072729 -0.036666
v -0.006876 0.076087 -0.037321
v -0.003753 0.077268 -0.037883
v -0.001833 0.073811 -0.037659
v 0.003028 0.080216 -0.038262
v 0.002371 0.069602 -0.037181
v 0.006534 0.079095 -0.037699
v 0.007664 0.072864 -0.036812
v 0.008963 0.072864 -0.036515
v 0.012352 0.074396 -0.035690
v 0.014589 0.078829 -0.035345
v -0.016124 0.018773 -0.027500
v -0.015128 0.014982 -0.027603
v -0.015868 0.020530 -0.027876
v -0.012997 0.012135 -0.028340
v -0.013194 0.014450 -0.028525
v -0.010029 0.016989 -0.030065
v -0.012011 0.020454 -0.029722
v -0.008843 0.024417 -0.031246
v -0.008134 0.015611 -0.030473
v -0.008322 0.026622 -0.031630
v -0.007454 0.015611 -0.030646
v -0.007431 0.020015 -0.031131
v -0.006495 0.019907 -0.031332
v -0.005695 0.013268 -0.030768
v -0.005421 0.022910 -0.031855
v -0.004024 0.012047 -0.030900
v -0.003729 0.018775 -0.031661
v -0.002190 0.014264 -0.031319
v 0.003616 0.013705 -0.031129
v 0.002658 0.020015 -0.031895
v 0.002685 0.013579 -0.031209
v 0.008103 0.013510 -0.030255
v 0.009940 0.017262 -0.030124
v 0.012138 0.017742 -0.029362
v 0.013822 0.022504 -0.029161
v 0.015686 0.020580 -0.027978
v -0.036883 0.066258 -0.001161
v -0.032322 0.081709 -0.020985
v -0.031714 0.083140 -0.022160
v -0.031103 0.086076 -0.023529
v -0.029588 0.080913 -0.024574
v -0.026907 0.083087 -0.027806
v -0.027738 0.079585 -0.026429
v -0.021631 0.075993 -0.031169
v -0.020229 0.075185 -0.031988
v -0.019205 0.062439 -0.031049
v -0.017843 0.067037 -0.032405
v -0.006417 0.066303 -0.036350
v -0.009086 0.066916 -0.035837
v 0.000023 0.076689 -0.038013
v -0.005429 0.066284 -0.036502
v -0.003113 0.068377 -0.036998
v -0.001669 0.067051 -0.036951
v 0.003325 0.063630 -0.036483
v 0.004204 0.075645 -0.037672
v 0.006108 0.063373 -0.036086
v 0.026917 0.086076 -0.028223
v 0.018175 0.071493 -0.032757
v 0.021844 0.075947 -0.031017
v 0.031637 0.086076 -0.022824
v 0.030887 0.081235 -0.022970
v -0.025247 0.011072 -0.018109
v 0.019103 0.062234 -0.031085
v -0.018760 0.016855 -0.025529
v -0.008493 0.029558 -0.031905
v -0.007501 0.024419 -0.031594
v -0.003177 0.026334 -0.032518
v -0.002759 0.020015 -0.031887
v -0.001143 0.021754 -0.032167
v 0.002322 0.024419 -0.032389
v 0.002614 0.029534 -0.032911
v 0.002660 0.026624 -0.032598
v 0.003522 0.022959 -0.032126
v -0.000115 0.013877 -0.031356
v 0.007104 0.021834 -0.031405
v 0.008463 0.025961 -0.031527
v 0.001144 0.011207 -0.031052
v 0.000588 0.006056 -0.030527
v 0.015112 0.026166 -0.028944
v 0.014762 0.028365 -0.029412
v 0.020204 0.013859 -0.023989
v 0.021565 0.011234 -0.022378
v 0.022095 0.009739 -0.021627
v 0.023339 0.008850 -0.020164
v 0.024746 0.006292 -0.017917
v 0.025145 0.011044 -0.018245
v -0.037870 0.076167 -0.002480
v -0.037096 0.071400 -0.005111
v -0.033780 0.086076 -0.019498
v -0.033457 0.078105 -0.018347
v -0.034407 0.077798 -0.016421
v -0.035771 0.056471 -0.002623
v -0.023942 0.083656 -0.030475
v -0.025823 0.080433 -0.028438
v -0.023689 0.078328 -0.029973
v -0.023311 0.080080 -0.030485
v -0.032809 0.063730 -0.016309
v -0.029882 0.065218 -0.021464
v -0.028070 0.060749 -0.023049
v -0.031896 0.046710 -0.014001
v -0.031997 0.043014 -0.012741
v -0.031434 0.050666 -0.015995
v -0.028391 0.058184 -0.022211
v -0.020227 0.067298 -0.031008
v -0.030750 0.047380 -0.016528
v -0.033656 0.045428 -0.008487
v -0.032891 0.039422 -0.008863
v -0.002878 0.086076 -0.038895
v 0.000235 0.081178 -0.038484
v -0.028848 0.051060 -0.020335
v -0.024227 0.060196 -0.026984
v -0.025023 0.056730 -0.025734
v -0.016641 0.070196 -0.033402
v -0.003056 0.082087 -0.038462
v -0.032156 0.039339 -0.011219
v -0.013143 0.068128 -0.034694
v -0.030073 0.052216 -0.018704
v -0.031255 0.038261 -0.013235
v -0.002433 0.078681 -0.038148
v -0.020591 0.059632 -0.029782
v -0.021517 0.057899 -0.028892
v -0.030590 0.041557 -0.015506
v -0.012546 0.060166 -0.034018
v -0.029544 0.042384 -0.017577
v -0.026887 0.044390 -0.021756
v -0.027757 0.046168 -0.020948
v -0.028095 0.041976 -0.019730
v -0.028131 0.036163 -0.018584
v -0.028756 0.036163 -0.017602
v -0.000117 0.071478 -0.037455
v -0.026492 0.039004 -0.021339
v -0.006183 0.062343 -0.035960
v -0.015818 0.051333 -0.031582
v 0.000246 0.067853 -0.037074
v -0.003954 0.064295 -0.036484
v -0.022264 0.045710 -0.026654
v -0.020153 0.044963 -0.028184
v -0.022204 0.042062 -0.026201
v -0.002247 0.063241 -0.036533
v -0.006008 0.058439 -0.035573
v -0.025418 0.033315 -0.021712
v -0.021054 0.039826 -0.026831
v 0.000098 0.059787 -0.036212
v -0.026928 0.030455 -0.019271
v -0.017200 0.039099 -0.029359
v 0.008146 0.067540 -0.036136
v 0.010692 0.070325 -0.035778
v 0.024286 0.083684 -0.030192
v -0.027231 0.026932 -0.018184
v -0.029769 0.006849 -0.007174
v -0.030435 0.012712 -0.007025
v -0.029157 0.006801 -0.009321
v -0.008816 0.047174 -0.033749
v -0.011793 0.047908 -0.032910
v 0.023437 0.079230 -0.030271
v -0.030256 0.016296 -0.009159
v -0.020342 0.032675 -0.026432
v -0.029427 0.012185 -0.010297
v 0.009489 0.064381 -0.035470
v 0.014086 0.071158 -0.034679
v -0.028956 0.012104 -0.011544
v -0.029074 0.012878 -0.011487
v 0.026173 0.080389 -0.028122
v 0.027928 0.080558 -0.026384
v 0.012970 0.066013 -0.034520
v 0.020711 0.070223 -0.031050
v -0.027963 0.013164 -0.014018
v -0.011476 0.033637 -0.031417
v -0.014309 0.033588 -0.030224
v 0.005997 0.058472 -0.035579
v 0.033780 0.086076 -0.019497
v -0.026315 0.017268 -0.017715
v 0.034468 0.084853 -0.017967
v -0.027901 0.006310 -0.012470
v -0.028714 0.006222 -0.010429
v -0.024508 0.018090 -0.020271
v 0.016282 0.062212 -0.032641
v 0.017821 0.067046 -0.032418
v -0.027532 0.008292 -0.013745
v 0.022073 0.065726 -0.029505
v -0.013430 0.030259 -0.030254
v -0.016436 0.028373 -0.028502
v -0.018597 0.023903 -0.026558
v -0.017076 0.024929 -0.027693
v 0.033465 0.079715 -0.018682
v 0.030932 0.075820 -0.021944
v -0.001759 0.043082 -0.034410
v -0.012346 0.027343 -0.030372
v -0.007389 0.037014 -0.032988
v -0.005297 0.032493 -0.032911
v -0.005793 0.028291 -0.032374
v -0.008235 0.032677 -0.032322
v -0.020531 0.014290 -0.023775
v 0.034058 0.077628 -0.017105
v 0.034948 0.077210 -0.015069
v 0.035070 0.080545 -0.015711
v 0.009252 0.049670 -0.033923
v 0.007386 0.044792 -0.033836
v 0.005804 0.046455 -0.034318
v 0.020594 0.060334 -0.029867
v 0.021472 0.057904 -0.028927
v -0.010448 0.025700 -0.030894
v -0.002813 0.034338 -0.033407
v 0.023200 0.063002 -0.028263
v -0.000002 0.033202 -0.033402
v -0.020710 0.006281 -0.022460
v -0.002656 0.029557 -0.032909
v 0.029285 0.062267 -0.021761
v -0.005256 0.026558 -0.032281
v -0.019735 0.010247 -0.023875
v 0.023928 0.059163 -0.027099
v 0.017584 0.049376 -0.030395
v 0.015768 0.051333 -0.031607
v 0.017977 0.056560 -0.031047
v 0.028015 0.060734 -0.023108
v 0.036841 0.074169 -0.008184
v 0.037552 0.081697 -0.008644
v 0.037588 0.079470 -0.007352
v 0.028264 0.058554 -0.022436
v 0.002991 0.032577 -0.033208
v 0.005586 0.033227 -0.032934
v 0.005485 0.028823 -0.032479
v -0.000143 0.025724 -0.032625
v 0.037865 0.076167 -0.002550
v 0.036879 0.066258 -0.001297
v 0.007328 0.037291 -0.033031
v 0.029703 0.060054 -0.020771
v 0.007867 0.031809 -0.032320
v 0.022195 0.045706 -0.026711
v 0.019981 0.043954 -0.028174
v 0.001113 0.019485 -0.031932
v 0.029141 0.053360 -0.020344
v 0.030399 0.056716 -0.019082
v 0.017213 0.039807 -0.029440
v 0.008425 0.029557 -0.031923
v 0.014194 0.035702 -0.030527
v 0.011314 0.033227 -0.031431
v 0.016983 0.033501 -0.028802
v 0.015277 0.038081 -0.030286
v 0.022128 0.042068 -0.026265
v 0.024153 0.043503 -0.024625
v 0.005151 0.026853 -0.032328
v 0.005347 0.022843 -0.031861
v 0.020956 0.039781 -0.026902
v 0.012287 0.026550 -0.030305
v 0.031431 0.053107 -0.016525
v 0.010850 0.024738 -0.030640
v 0.032586 0.051682 -0.013732
v 0.027853 0.040816 -0.019854
v 0.020389 0.034570 -0.026642
v 0.018914 0.033521 -0.027572
v 0.032673 0.048579 -0.012643
v 0.003835 0.011207 -0.030836
v 0.016975 0.024985 -0.027760
v 0.002626 0.006363 -0.030452
v 0.029327 0.041308 -0.017716
v 0.019147 0.027721 -0.026659
v 0.030824 0.045515 -0.015961
v 0.035847 0.056349 -0.000628
v 0.030606 0.006803 -0.000001
v 0.032685 0.026621 -0.001149
v 0.025688 0.033472 -0.021395
v 0.024604 0.033318 -0.022614
v 0.031265 0.040804 -0.013882
v 0.027218 0.027794 -0.018374
v 0.027581 0.033655 -0.018927
v 0.033860 0.040254 -0.004491
v 0.034525 0.046572 -0.004562
v 0.034716 0.046439 -0.002461
v 0.021625 0.013409 -0.022637
v 0.033585 0.037101 -0.003984
v 0.022157 0.013042 -0.022062
v 0.021917 0.013409 -0.022354
v 0.033661 0.036530 -0.002504
v 0.019396 0.010282 -0.024146
v 0.018208 0.006242 -0.024519
v 0.028039 0.013805 -0.014020
v 0.029018 0.013549 -0.011802
v 0.027493 0.007388 -0.013627
v 0.031281 0.015628 -0.004101
v 0.031551 0.016712 -0.002570
v -0.038152 0.080095 -0.004055
v -0.037695 0.079982 -0.007117
v -0.037661 0.076256 -0.004836
v -0.036613 0.077216 -0.010447
v -0.036988 0.074222 -0.007527
v -0.036966 0.068363 -0.003439
v -0.035491 0.077280 -0.013795
v -0.036596 0.065158 -0.003801
v -0.035570 0.074468 -0.012721
v -0.036443 0.063703 -0.003789
v -0.036525 0.068826 -0.006968
v -0.032325 0.077845 -0.020250
v -0.036077 0.063599 -0.006273
v -0.034390 0.069479 -0.014296
v -0.035073 0.069387 -0.012497
v -0.033435 0.065998 -0.015554
v -0.035060 0.064721 -0.011004
v -0.028949 0.076101 -0.024534
v -0.034052 0.063487 -0.013445
v -0.035367 0.062151 -0.008889
v -0.035426 0.055042 -0.004548
v -0.033307 0.071165 -0.017061
v -0.030755 0.074809 -0.022001
v -0.031890 0.065568 -0.018445
v -0.026780 0.076508 -0.026954
v -0.020696 0.084016 -0.032816
v -0.034457 0.059437 -0.011058
v -0.033330 0.059507 -0.014093
v -0.033839 0.056015 -0.011749
v -0.026124 0.074588 -0.027313
v -0.034514 0.055754 -0.009474
v -0.035172 0.056191 -0.006900
v -0.031826 0.061249 -0.017607
v -0.020646 0.079862 -0.032311
v -0.023033 0.073217 -0.029773
v -0.024215 0.074677 -0.029019
v -0.027310 0.065436 -0.024689
v -0.032100 0.055047 -0.015659
v -0.030783 0.062707 -0.019666
v -0.034713 0.046391 -0.002544
v -0.030529 0.058388 -0.019208
v -0.032748 0.053895 -0.013938
v -0.023493 0.069132 -0.028858
v -0.020580 0.070677 -0.031190
v -0.034221 0.043146 -0.004026
v -0.034802 0.048282 -0.003851
v -0.025122 0.068373 -0.027339
v -0.033186 0.036842 -0.006346
v -0.029688 0.056722 -0.020169
v -0.031214 0.053458 -0.017017
v -0.026581 0.061635 -0.024899
v -0.024537 0.063910 -0.027249
v -0.018228 0.072289 -0.032821
v -0.005676 0.086076 -0.038602
v -0.022009 0.064891 -0.029443
v -0.018290 0.069223 -0.032421
v -0.006471 0.081509 -0.037970
v -0.033676 0.037369 -0.003453
v -0.022786 0.061765 -0.028428
v -0.026611 0.058204 -0.024320
v -0.005405 0.079132 -0.037882
v -0.000063 0.086076 -0.039015
v -0.026031 0.053132 -0.024161
v -0.027583 0.051841 -0.022155
v -0.015070 0.065269 -0.033573
v -0.010828 0.069894 -0.035689
v -0.029351 0.046284 -0.018675
v -0.032601 0.026213 -0.001989
v -0.023599 0.050099 -0.026120
v -0.016312 0.062216 -0.032627
v -0.025233 0.048484 -0.024293
v -0.026279 0.048152 -0.023094
v -0.010856 0.065126 -0.035143
v -0.018021 0.056556 -0.031021
v -0.020206 0.051309 -0.028976
v -0.030007 0.035674 -0.015258
v -0.025918 0.045971 -0.023155
v -0.023833 0.045523 -0.025235
v -0.009718 0.063161 -0.035256
v -0.030009 0.031049 -0.014138
v -0.014891 0.059390 -0.032979
v -0.025057 0.041307 -0.023362
v -0.007955 0.060910 -0.035456
v -0.029243 0.032862 -0.016077
v -0.010757 0.058320 -0.034422
v -0.011996 0.055248 -0.033663
v -0.025533 0.036607 -0.022091
v -0.013899 0.055433 -0.032951
v -0.023226 0.041025 -0.025147
v -0.028560 0.030170 -0.016696
v -0.026867 0.035137 -0.020204
v -0.018710 0.042817 -0.028890
v -0.021957 0.036649 -0.025654
v -0.023800 0.036629 -0.023955
v -0.030665 0.027215 -0.011545
v -0.009928 0.051089 -0.033876
v -0.030986 0.019857 -0.007961
v 0.020745 0.083533 -0.032719
v 0.023059 0.082955 -0.031043
v -0.003155 0.059679 -0.036072
v -0.014800 0.048233 -0.031716
v -0.012831 0.050588 -0.032826
v -0.008947 0.054481 -0.034514
v -0.019974 0.041026 -0.027799
v -0.023610 0.033869 -0.023729
v -0.030524 0.006155 -0.000427
v -0.019431 0.038429 -0.027858
v -0.030718 0.008738 -0.002533
v 0.019833 0.076764 -0.032434
v -0.030367 0.006316 -0.003470
v -0.012606 0.044021 -0.032170
v -0.030626 0.009495 -0.004051
v -0.030769 0.013463 -0.005826
v 0.020258 0.079694 -0.032550
v -0.025857 0.027149 -0.020118
v 0.003145 0.059664 -0.036072
v -0.026871 0.024327 -0.018239
v -0.010641 0.042782 -0.032733
v 0.011172 0.067944 -0.035365
v -0.028963 0.016693 -0.012797
v -0.013533 0.041709 -0.031520
v -0.028658 0.021228 -0.014540
v -0.009032 0.042654 -0.033198
v -0.027716 0.017009 -0.015366
v 0.007985 0.059509 -0.035295
v -0.017176 0.033834 -0.028728
v -0.002609 0.046924 -0.034768
v -0.000013 0.048572 -0.035031
v -0.011211 0.040007 -0.032234
v -0.013110 0.038352 -0.031328
v -0.015465 0.035334 -0.029865
v 0.015051 0.065267 -0.033581
v -0.022213 0.025458 -0.023840
v -0.018576 0.032493 -0.027674
v -0.021357 0.028968 -0.025101
v -0.026177 0.019752 -0.018372
v 0.029623 0.081553 -0.024638
v -0.026991 0.014443 -0.016088
v 0.024046 0.075755 -0.029303
v -0.022772 0.019922 -0.022475
v 0.026551 0.075364 -0.027021
v -0.019195 0.028029 -0.026665
v -0.009657 0.036143 -0.032304
v -0.007363 0.042557 -0.033597
v -0.003639 0.044408 -0.034401
v 0.028631 0.075552 -0.024817
v -0.026623 0.011081 -0.016002
v 0.014858 0.059394 -0.032994
v 0.010729 0.058317 -0.034431
v 0.011960 0.055248 -0.033676
v 0.023123 0.072676 -0.029635
v 0.032195 0.080843 -0.021016
v 0.002587 0.047143 -0.034792
v 0.008923 0.054514 -0.034524
v -0.024269 0.013158 -0.019743
v -0.005066 0.038287 -0.033564
v -0.020103 0.021471 -0.025110
v 0.029602 0.071975 -0.023048
v -0.022839 0.016750 -0.021940
v 0.001565 0.044390 -0.034558
v 0.020121 0.067495 -0.031096
v 0.013860 0.055432 -0.032967
v -0.022213 0.012789 -0.021989
v -0.020866 0.017894 -0.023972
v 0.032601 0.077528 -0.019716
v -0.020702 0.019198 -0.024311
v 0.024609 0.068222 -0.027797
v 0.010397 0.053046 -0.033947
v 0.003674 0.043577 -0.034310
v -0.010104 0.029861 -0.031467
v -0.014771 0.025831 -0.029088
v 0.001730 0.040125 -0.034090
v -0.000026 0.039605 -0.034084
v 0.015555 0.054286 -0.032071
v 0.026954 0.067300 -0.025389
v 0.012787 0.050589 -0.032844
v -0.001820 0.035352 -0.033588
v 0.036526 0.080201 -0.011776
v 0.033994 0.072523 -0.015986
v -0.016993 0.015428 -0.026558
v 0.028652 0.067155 -0.023414
v 0.030152 0.066081 -0.021256
v 0.036046 0.076951 -0.012137
v 0.019237 0.054913 -0.030078
v 0.008841 0.046974 -0.033722
v 0.005084 0.038431 -0.033578
v 0.002190 0.035009 -0.033542
v 0.025212 0.059266 -0.025927
v 0.026607 0.062276 -0.024965
v 0.011901 0.047580 -0.032838
v 0.014939 0.048186 -0.031651
v 0.038486 0.083375 -0.004221
v 0.013093 0.042364 -0.031779
v 0.032116 0.066227 -0.018180
v -0.017609 0.007765 -0.025164
v 0.031081 0.063466 -0.019348
v 0.020460 0.051394 -0.028800
v 0.026559 0.058190 -0.024374
v 0.034260 0.069201 -0.014531
v 0.011158 0.040015 -0.032253
v 0.025925 0.052991 -0.024252
v 0.009603 0.036140 -0.032319
v 0.008459 0.033240 -0.032318
v 0.035942 0.068979 -0.009562
v 0.024055 0.053552 -0.026194
v 0.017715 0.044597 -0.029740
v 0.037002 0.072595 -0.006519
v 0.023542 0.050128 -0.026176
v 0.012614 0.037873 -0.031470
v 0.031667 0.057895 -0.017153
v 0.031317 0.061579 -0.018565
v 0.027411 0.051506 -0.022308
v 0.023514 0.046783 -0.025718
v 0.035637 0.064002 -0.008619
v 0.025169 0.048491 -0.024360
v 0.032977 0.061136 -0.015313
v 0.009878 0.029211 -0.031468
v 0.025986 0.046704 -0.023199
v 0.027464 0.045978 -0.021312
v 0.030105 0.052475 -0.018714
v 0.019153 0.038616 -0.028072
v 0.021849 0.036897 -0.025780
v 0.031110 0.054211 -0.017379
v 0.023147 0.041028 -0.025220
v 0.025001 0.041407 -0.023437
v -0.003317 0.006033 -0.030348
v 0.029529 0.046307 -0.018413
v 0.034520 0.058291 -0.010461
v 0.023672 0.036640 -0.024082
v 0.017550 0.029402 -0.027945
v 0.034760 0.055514 -0.008446
v 0.034826 0.053046 -0.006897
v 0.005747 0.013387 -0.030776
v 0.026380 0.039965 -0.021633
v 0.028843 0.035986 -0.017442
v 0.022828 0.028997 -0.023771
v 0.033648 0.045585 -0.008572
v 0.006341 0.011207 -0.030419
v 0.026564 0.035568 -0.020668
v 0.021410 0.029777 -0.025174
v 0.030232 0.037763 -0.015312
v 0.035239 0.053589 -0.004757
v 0.020031 0.021471 -0.025168
v 0.031637 0.040021 -0.012800
v 0.034254 0.047386 -0.006736
v 0.021762 0.024825 -0.024163
v 0.032313 0.039672 -0.010864
v 0.025931 0.028924 -0.020339
v 0.032866 0.037817 -0.008265
v 0.020469 0.017810 -0.024313
v 0.031096 0.035854 -0.012952
v 0.028911 0.028448 -0.015725
v 0.029756 0.032787 -0.015105
v 0.018448 0.015359 -0.025561
v 0.022427 0.020893 -0.022978
v 0.026401 0.021936 -0.018462
v 0.027922 0.022951 -0.016270
v 0.024481 0.018070 -0.020301
v 0.022790 0.016795 -0.022000
v 0.025274 0.022164 -0.020005
v 0.022527 0.015203 -0.022012
v 0.029142 0.026150 -0.014772
v 0.017404 0.010081 -0.025599
v 0.016697 0.006707 -0.025652
v 0.026105 0.019041 -0.018355
v 0.024321 0.013691 -0.019762
v 0.030681 0.027922 -0.011736
v 0.032641 0.029501 -0.004932
v 0.027704 0.016867 -0.015361
v 0.032627 0.027284 -0.003106
v 0.028623 0.019632 -0.014233
v 0.029657 0.020447 -0.012160
v 0.026802 0.013788 -0.016273
v 0.026094 0.007394 -0.016144
v 0.031436 0.021147 -0.006630
v 0.031015 0.016247 -0.006117
v 0.030182 0.012361 -0.007893
v 0.029284 0.006368 -0.008748
v 0.031106 0.011757 -0.001255
v 0.030481 0.006123 -0.001806
v -0.038813 0.086076 -0.003824
v -0.036451 0.086076 -0.013882
v -0.035298 0.086076 -0.016615
v -0.035854 0.069540 -0.010133
v -0.034316 0.073901 -0.015667
v -0.032681 0.073272 -0.018684
v -0.030787 0.080734 -0.023009
v -0.031595 0.071572 -0.020142
v -0.030667 0.068806 -0.021009
v -0.029399 0.070290 -0.023010
v -0.018775 0.086076 -0.034202
v -0.026349 0.071396 -0.026607
v -0.027954 0.071176 -0.024880
v -0.018020 0.080966 -0.033985
v -0.028724 0.066873 -0.023277
v -0.024965 0.071766 -0.027961
v -0.034049 0.045209 -0.006561
v -0.034247 0.048598 -0.007415
v -0.034210 0.052014 -0.009120
v -0.033320 0.048975 -0.010969
v -0.026317 0.067055 -0.025996
v -0.033148 0.052259 -0.012480
v -0.029413 0.062228 -0.021581
v -0.009342 0.081618 -0.037379
v -0.021455 0.068949 -0.030374
v -0.008685 0.079270 -0.037290
v -0.032983 0.033652 -0.005638
v -0.032279 0.030916 -0.007641
v -0.032890 0.030726 -0.004060
v -0.032438 0.026849 -0.004398
v 0.005850 0.083001 -0.038233
v 0.006932 0.081672 -0.037906
v 0.009570 0.082795 -0.037460
v 0.009670 0.086076 -0.037801
v -0.031117 0.034880 -0.012634
v -0.021999 0.052791 -0.027833
v -0.015595 0.054275 -0.032050
v -0.019286 0.054915 -0.030047
v -0.031995 0.022642 -0.004324
v -0.031519 0.029867 -0.009947
v -0.018011 0.049144 -0.030127
v 0.009121 0.079216 -0.037173
v -0.031619 0.016508 -0.000958
v -0.031120 0.023861 -0.009104
v -0.027922 0.033212 -0.018347
v 0.017341 0.083713 -0.034668
v -0.031393 0.018201 -0.005214
v -0.028749 0.027109 -0.015696
v -0.031071 0.011451 -0.001313
v 0.016223 0.081076 -0.034885
v -0.016875 0.045146 -0.030288
v 0.017645 0.078402 -0.033866
v -0.027870 0.023017 -0.016375
v -0.030071 0.019589 -0.010814
v -0.015369 0.042225 -0.030730
v -0.024479 0.028084 -0.021922
v -0.005888 0.046207 -0.034280
v 0.016109 0.070718 -0.033734
v -0.025057 0.023520 -0.020517
v -0.023875 0.023978 -0.021955
v 0.025855 0.072553 -0.027276
v 0.012521 0.060168 -0.034028
v 0.027676 0.070185 -0.025034
v -0.018080 0.020107 -0.026422
v 0.036052 0.080154 -0.013147
v 0.025431 0.064061 -0.026429
v 0.037814 0.086076 -0.009540
v 0.036825 0.079103 -0.010386
v 0.031203 0.068867 -0.020232
v 0.035120 0.075422 -0.014184
v 0.010596 0.042787 -0.032748
v 0.038952 0.086076 -0.001945
v 0.032876 0.070339 -0.017697
v -0.017675 0.012117 -0.025686
v -0.014994 0.011613 -0.027262
v 0.038749 0.084233 -0.002149
v 0.008857 0.042136 -0.033189
v 0.038148 0.081812 -0.005539
v 0.021947 0.052857 -0.027883
v 0.018997 0.049793 -0.029586
v 0.036442 0.074874 -0.010104
v 0.015636 0.042630 -0.030657
v -0.015484 0.006865 -0.026426
v 0.033475 0.066510 -0.015591
v 0.032419 0.063706 -0.017059
v 0.035188 0.069594 -0.012227
v 0.034745 0.065755 -0.012294
v 0.037702 0.076847 -0.004969
v 0.034177 0.062559 -0.012886
v 0.037271 0.071213 -0.003406
v -0.006490 0.011572 -0.030426
v 0.036232 0.066266 -0.007039
v 0.035520 0.061365 -0.007880
v 0.035198 0.063939 -0.010249
v 0.036961 0.068954 -0.004168
v -0.005706 0.006390 -0.030032
v 0.036259 0.063947 -0.005390
v 0.033385 0.055663 -0.012870
v -0.001727 0.006334 -0.030510
v 0.032276 0.054043 -0.015045
v 0.036055 0.061324 -0.004844
v 0.033858 0.052610 -0.010560
v 0.035395 0.057549 -0.006568
v 0.025328 0.036467 -0.022304
v 0.033755 0.049682 -0.009833
v 0.008360 0.010931 -0.029899
v 0.035649 0.055722 -0.003121
v 0.017750 0.018778 -0.026480
v 0.032703 0.041704 -0.010388
v 0.033559 0.043092 -0.007779
v 0.024215 0.026149 -0.021921
v 0.030107 0.034471 -0.014789
v 0.028340 0.032034 -0.017444
v 0.015758 0.013700 -0.027094
v 0.033341 0.037901 -0.006173
v 0.024009 0.023177 -0.021674
v 0.032160 0.034776 -0.009642
v 0.015207 0.009955 -0.026950
v 0.014528 0.006360 -0.026886
v 0.030295 0.029909 -0.013226
v 0.031538 0.033427 -0.011082
v 0.031609 0.027858 -0.008879
v 0.029358 0.023102 -0.013579
v 0.030441 0.022764 -0.010796
v 0.032763 0.033648 -0.006755
v 0.030875 0.020863 -0.008768
v 0.032201 0.027737 -0.006361
v 0.026292 0.017310 -0.017759
v 0.030085 0.017456 -0.010113
v 0.031907 0.022295 -0.004677
v 0.029251 0.011574 -0.010614
v 0.030976 0.011970 -0.003304
v -0.037446 0.082269 -0.009378
v -0.036628 0.082092 -0.012122
v -0.034761 0.051898 -0.006603
v -0.035161 0.051337 -0.003369
v -0.015890 0.086076 -0.035617
v -0.014026 0.086076 -0.036392
v -0.013288 0.079594 -0.035935
v -0.032225 0.036280 -0.010011
v -0.023673 0.053819 -0.026573
v -0.031886 0.024428 -0.006201
v -0.031675 0.017803 -0.002461
v 0.013066 0.081194 -0.036196
v 0.011646 0.079384 -0.036479
v -0.029826 0.026711 -0.013454
v -0.031070 0.012996 -0.003449
v -0.029248 0.020163 -0.013028
v -0.008737 0.014147 -0.030144
v -0.014344 0.006249 -0.026972
v -0.008552 0.012296 -0.029994
v -0.007846 0.006277 -0.029532
v -0.010014 0.006491 -0.028908
v 0.036613 0.064690 -0.002999
v 0.036309 0.061310 -0.002239
v 0.035958 0.058422 -0.002856
v 0.010214 0.012060 -0.029442
v 0.013570 0.013483 -0.028224
v 0.012690 0.006332 -0.027799
v 0.011407 0.006441 -0.028361
v 0.030679 0.011633 -0.005207
v -0.011583 0.083218 -0.036922
v -0.011092 0.012787 -0.029209
v -0.010527 0.009610 -0.029060
v 0.026308 0.001404 0.000396
v 0.027755 0.002066 -0.000256
v 0.026146 0.001396 -0.002940
v 0.027794 0.002164 -0.001788
v 0.029166 0.003390 -0.001574
v 0.030063 0.004766 0.000017
v 0.027081 0.001952 -0.004833
v 0.029960 0.004840 -0.002850
v 0.023798 0.001259 -0.009908
v 0.029208 0.004898 -0.007340
v 0.024555 0.001474 -0.010012
v 0.028343 0.004639 -0.009801
v 0.028784 0.005364 -0.009437
v 0.022092 0.001475 -0.014612
v 0.019406 0.001466 -0.018018
v 0.026636 0.004895 -0.014052
v 0.025221 0.004660 -0.016246
v 0.016568 0.001251 -0.019724
v 0.025418 0.005563 -0.016635
v 0.015917 0.001470 -0.021148
v 0.021997 0.004946 -0.020606
v 0.013139 0.001365 -0.022666
v 0.019429 0.005002 -0.023098
v 0.016494 0.004592 -0.025027
v 0.013722 0.004999 -0.026887
v 0.004136 0.001470 -0.026176
v 0.010323 0.004855 -0.028279
v 0.006108 0.001864 -0.026658
v 0.007074 0.004642 -0.029150
v 0.003142 0.004630 -0.029819
v -0.002341 0.001270 -0.025721
v 0.000576 0.003751 -0.029462
v -0.000015 0.004796 -0.030078
v -0.005410 0.001362 -0.025631
v -0.008608 0.001341 -0.024679
v -0.002577 0.003761 -0.029362
v -0.003076 0.004655 -0.029845
v -0.005563 0.005301 -0.029756
v -0.009415 0.005244 -0.028771
v -0.011113 0.004371 -0.027709
v -0.016035 0.001365 -0.020713
v -0.013277 0.004629 -0.026890
v -0.014991 0.005152 -0.026236
v -0.016571 0.004594 -0.024977
v -0.019271 0.005186 -0.023307
v -0.021117 0.001470 -0.015963
v -0.021706 0.005450 -0.021184
v -0.021935 0.004606 -0.020467
v -0.022943 0.001918 -0.015051
v -0.023836 0.005302 -0.018672
v -0.024291 0.004349 -0.017329
v -0.024677 0.001469 -0.009604
v -0.025915 0.004862 -0.015345
v -0.027774 0.004882 -0.011653
v -0.028648 0.004898 -0.009288
v -0.026383 0.001504 -0.002956
v -0.024507 0.001083 -0.003228
v -0.029251 0.004650 -0.006652
v -0.025411 0.001164 0.000235
v -0.029895 0.005950 -0.006026
v -0.027649 0.002056 -0.001261
v -0.028527 0.002780 -0.002172
v -0.029816 0.004661 -0.003386
v -0.029330 0.003598 -0.001117
v -0.029976 0.004600 -0.000149
v 0.024548 0.001084 -0.003313
v 0.024010 0.001087 -0.006198
v 0.028353 0.002719 -0.003106
v 0.027788 0.002506 -0.005356
v 0.028935 0.003416 -0.004090
v 0.028832 0.003731 -0.006026
v 0.023299 0.001087 -0.008541
v 0.027746 0.003075 -0.008106
v 0.026503 0.002050 -0.008026
v 0.026697 0.002936 -0.010768
v 0.027928 0.003753 -0.009413
v 0.030187 0.006200 -0.004723
v 0.022316 0.001084 -0.010713
v 0.029727 0.006223 -0.007027
v 0.020954 0.001086 -0.013209
v 0.022133 0.001249 -0.013159
v 0.025907 0.002491 -0.011363
v 0.024716 0.001900 -0.011853
v 0.027431 0.004389 -0.011806
v 0.024675 0.002660 -0.014249
v 0.028758 0.006312 -0.010325
v 0.023818 0.002851 -0.015966
v 0.019566 0.001252 -0.016778
v 0.026227 0.003751 -0.013434
v 0.028217 0.006401 -0.011751
v 0.023158 0.001887 -0.014611
v 0.022732 0.001914 -0.015357
v 0.021607 0.001921 -0.016908
v 0.022619 0.002536 -0.017051
v 0.018841 0.001083 -0.015956
v 0.024598 0.003724 -0.016189
v 0.026959 0.006149 -0.014318
v 0.021382 0.002693 -0.018901
v 0.016673 0.001085 -0.018321
v 0.019359 0.001884 -0.019374
v 0.023223 0.003677 -0.018046
v 0.019290 0.002531 -0.020750
v 0.013279 0.001087 -0.020940
v 0.021456 0.003801 -0.020250
v 0.016975 0.001943 -0.021603
v 0.019461 0.003461 -0.021860
v 0.022878 0.006304 -0.020254
v 0.017948 0.003747 -0.023365
v 0.021339 0.006260 -0.021863
v 0.014924 0.001900 -0.022996
v 0.016535 0.002614 -0.023128
v 0.010193 0.001092 -0.022850
v 0.019809 0.006580 -0.023312
v 0.013139 0.002073 -0.024418
v 0.014150 0.003077 -0.025210
v 0.011750 0.002896 -0.026223
v 0.016427 0.003487 -0.024240
v 0.008036 0.001246 -0.024455
v 0.006483 0.001087 -0.023919
v 0.010854 0.002129 -0.025600
v 0.016543 0.005715 -0.025524
v 0.009182 0.001918 -0.025856
v 0.013734 0.003796 -0.026105
v 0.009456 0.002719 -0.026910
v 0.011010 0.003621 -0.027243
v 0.007978 0.003155 -0.027863
v 0.007765 0.002363 -0.027023
v 0.005479 0.002494 -0.027749
v 0.008908 0.003708 -0.028048
v 0.002264 0.001087 -0.024671
v 0.002716 0.001890 -0.027258
v 0.003105 0.002719 -0.028354
v 0.004764 0.003061 -0.028493
v 0.006037 0.003748 -0.028839
v 0.003486 0.003661 -0.029183
v -0.000810 0.001084 -0.024743
v 0.000978 0.002066 -0.027697
v 0.000976 0.002899 -0.028720
v 0.003218 0.003692 -0.029245
v 0.007078 0.006234 -0.029719
v 0.004710 0.006464 -0.030219
v -0.001887 0.002932 -0.028716
v -0.002129 0.002039 -0.027589
v -0.004602 0.001088 -0.024393
v -0.004771 0.002097 -0.027339
v -0.005370 0.002889 -0.028221
v -0.005026 0.003565 -0.028901
v -0.006481 0.001900 -0.026631
v -0.009512 0.001087 -0.022956
v -0.008507 0.002506 -0.026992
v -0.007510 0.003451 -0.028281
v -0.011911 0.001907 -0.024702
v -0.010115 0.002073 -0.025816
v -0.010995 0.003078 -0.026738
v -0.013266 0.002705 -0.025242
v -0.009588 0.003683 -0.027802
v -0.014228 0.002081 -0.023795
v -0.012607 0.001085 -0.021322
v -0.013415 0.003782 -0.026270
v -0.014978 0.002906 -0.024534
v -0.015119 0.001084 -0.019609
v -0.012441 0.005712 -0.027759
v -0.012993 0.007512 -0.027801
v -0.016124 0.001991 -0.022391
v -0.016269 0.003723 -0.024544
v -0.018390 0.004007 -0.023265
v -0.018129 0.002984 -0.022424
v -0.019443 0.002529 -0.020602
v -0.019373 0.001873 -0.019333
v -0.019707 0.001105 -0.015582
v -0.017114 0.005723 -0.025146
v -0.020811 0.003832 -0.020961
v -0.018865 0.006306 -0.024041
v -0.021175 0.002067 -0.017891
v -0.021575 0.003076 -0.019240
v -0.021250 0.001085 -0.012722
v -0.023378 0.002728 -0.016402
v -0.023202 0.003697 -0.018097
v -0.023231 0.001550 -0.013135
v -0.022713 0.001085 -0.009921
v -0.022968 0.006401 -0.020191
v -0.024649 0.001934 -0.012108
v -0.024747 0.006240 -0.017910
v -0.025059 0.002743 -0.013757
v -0.025030 0.003730 -0.015535
v -0.025869 0.002375 -0.011045
v -0.025471 0.006269 -0.016866
v -0.026692 0.003450 -0.011977
v -0.026771 0.005996 -0.014644
v -0.023881 0.001085 -0.006612
v -0.025849 0.001890 -0.009081
v -0.027379 0.002865 -0.008606
v -0.026838 0.002075 -0.006971
v -0.028326 0.002932 -0.005080
v -0.027608 0.003747 -0.010294
v -0.028605 0.003701 -0.006945
v -0.027399 0.002103 -0.004508
v -0.026584 0.001503 -0.000013
v -0.029420 0.005787 -0.007797
v -0.029248 0.003784 -0.003739
v -0.028658 0.002815 -0.000133
v 0.025309 0.001337 -0.006367
v 0.029714 0.004935 -0.005048
v 0.027848 0.005241 -0.011809
v 0.023515 0.004912 -0.018841
v 0.009515 0.006008 -0.028987
v 0.002984 0.001234 -0.025556
v 0.002573 0.005650 -0.030287
v -0.017699 0.001102 -0.017807
v -0.022302 0.001258 -0.012932
v -0.024117 0.001221 -0.008741
v -0.025425 0.001252 -0.004293
v -0.030099 0.005299 -0.003292
v 0.009453 0.001473 -0.024753
v 0.005977 0.005187 -0.029653
v -0.001624 0.001466 -0.026445
v -0.005725 0.004611 -0.029409
v -0.008270 0.004660 -0.028843
v -0.012655 0.001372 -0.022978
v -0.018725 0.001468 -0.018703
v -0.025815 0.001470 -0.005839
v 0.018837 0.001082 0.015997
v 0.014392 0.001079 0.019878
v 0.010405 0.001082 0.022418
v 0.022754 0.001088 0.009917
v 0.007779 0.001086 0.023528
v 0.024153 0.001076 0.002195
v -0.003403 0.001089 0.024683
v 0.022181 0.001076 -0.003811
v 0.021692 0.001076 -0.006001
v 0.020804 0.001076 -0.008618
v -0.011932 0.001085 0.021692
v 0.019287 0.001076 -0.011622
v -0.014921 0.001083 0.019726
v 0.017340 0.001076 -0.014367
v -0.018238 0.001076 0.016002
v 0.014606 0.001076 -0.017160
v 0.011380 0.001076 -0.019431
v 0.007856 0.001076 -0.021121
v 0.004557 0.001076 -0.022041
v 0.002339 0.001076 -0.022385
v -0.022339 0.001076 -0.002961
v -0.000421 0.001076 -0.022515
v -0.003256 0.001076 -0.022270
v -0.021476 0.001076 -0.006772
v -0.006490 0.001076 -0.021580
v -0.020474 0.001076 -0.009348
v -0.009676 0.001076 -0.020321
v -0.019141 0.001076 -0.011862
v -0.012099 0.001076 -0.018992
v -0.017534 0.001076 -0.014111
v -0.015210 0.001076 -0.016627
v 0.020671 0.001076 -0.003739
v 0.019733 0.001076 -0.007183
v 0.020351 0.001076 -0.005183
v 0.020067 0.001076 -0.006191
v 0.017351 0.001076 -0.011830
v 0.019109 0.001076 -0.008724
v 0.018443 0.001076 -0.010044
v 0.017919 0.001076 -0.010951
v 0.016097 0.001076 -0.013508
v 0.014004 0.001076 -0.015672
v 0.011909 0.001076 -0.017304
v 0.009704 0.001076 -0.018643
v 0.003647 0.001076 -0.020682
v 0.007271 0.001076 -0.019708
v 0.005273 0.001076 -0.020334
v 0.001569 0.001076 -0.020942
v 0.002611 0.001076 -0.020838
v -0.001569 0.001076 -0.020942
v 0.000523 0.001076 -0.020994
v -0.000524 0.001076 -0.020994
v -0.020703 0.001076 -0.003557
v -0.020935 0.001076 -0.001570
v -0.006103 0.001076 -0.020100
v -0.003649 0.001076 -0.020694
v -0.020067 0.001076 -0.006191
v -0.020351 0.001076 -0.005183
v -0.008074 0.001076 -0.019393
v -0.019351 0.001076 -0.008158
v -0.019734 0.001076 -0.007183
v -0.018443 0.001076 -0.010044
v -0.018920 0.001076 -0.009112
v -0.010047 0.001076 -0.018451
v -0.011826 0.001076 -0.017346
v -0.017362 0.001076 -0.011838
v -0.013093 0.001076 -0.016419
v -0.015752 0.001076 -0.013902
v -0.014220 0.001076 -0.015462
v 0.034800 0.046439 0.000453
v 0.017308 0.078522 0.034063
v 0.013699 0.071411 0.034857
v 0.008262 0.072933 0.036692
v 0.006797 0.078076 0.037545
v 0.004698 0.076295 0.037674
v 0.002941 0.079433 0.038185
v 0.001603 0.072983 0.037581
v -0.002494 0.078549 0.038125
v -0.003735 0.077127 0.037870
v -0.002313 0.072864 0.037529
v -0.008531 0.080171 0.037417
v -0.008281 0.072729 0.036665
v -0.010692 0.070325 0.035777
v -0.012423 0.077632 0.036026
v -0.014779 0.076315 0.034979
v -0.017143 0.079331 0.034241
v 0.016130 0.018774 0.027495
v 0.015135 0.014983 0.027598
v 0.015306 0.022379 0.028392
v 0.013004 0.012135 0.028335
v 0.013200 0.014452 0.028521
v 0.010034 0.016989 0.030062
v 0.012017 0.020455 0.029718
v 0.008847 0.024417 0.031243
v 0.008140 0.015611 0.030470
v 0.008326 0.026622 0.031627
v 0.007460 0.015611 0.030643
v 0.007436 0.020015 0.031129
v 0.006500 0.019906 0.031329
v 0.005701 0.013268 0.030766
v 0.005425 0.022910 0.031853
v 0.004030 0.012047 0.030897
v 0.003734 0.018771 0.031658
v 0.002196 0.014264 0.031317
v -0.003612 0.013706 0.031128
v -0.002680 0.013579 0.031208
v -0.002654 0.020015 0.031894
v -0.007015 0.019993 0.031225
v -0.007662 0.015611 0.030591
v -0.008597 0.014229 0.030192
v -0.010125 0.014553 0.029757
v -0.012136 0.017743 0.029362
v -0.013820 0.022504 0.029161
v -0.014543 0.015611 0.027985
v -0.015873 0.020000 0.027795
v 0.036883 0.066258 0.001157
v 0.032200 0.080856 0.021009
v 0.032178 0.086076 0.022044
v 0.030446 0.086076 0.024400
v 0.030637 0.081674 0.023384
v 0.029134 0.081546 0.025215
v 0.021843 0.075944 0.031015
v 0.020378 0.075058 0.031878
v 0.019527 0.077677 0.032735
v 0.019207 0.062439 0.031046
v 0.017844 0.067036 0.032403
v 0.006417 0.066303 0.036349
v -0.001389 0.072864 0.037575
v -0.000001 0.076718 0.038014
v 0.005429 0.066283 0.036501
v 0.003120 0.068342 0.036993
v 0.003913 0.064249 0.036483
v 0.002409 0.068458 0.037056
v -0.002549 0.068464 0.037050
v -0.006355 0.076634 0.037466
v -0.006190 0.064309 0.036175
v -0.020378 0.075057 0.031878
v -0.018017 0.069303 0.032583
v -0.021844 0.075947 0.031015
v -0.031637 0.086076 0.022822
v -0.030887 0.081235 0.022968
v 0.025253 0.011072 0.018098
v -0.019103 0.062235 0.031084
v 0.015420 0.026621 0.028841
v 0.018240 0.013564 0.025468
v 0.008497 0.029558 0.031903
v 0.007505 0.024419 0.031592
v 0.003180 0.026333 0.032516
v 0.002763 0.020015 0.031885
v 0.001147 0.021754 0.032165
v 0.000144 0.025724 0.032623
v -0.002320 0.024419 0.032388
v -0.002613 0.029534 0.032909
v -0.002659 0.026624 0.032597
v -0.003519 0.022956 0.032125
v 0.000120 0.013876 0.031355
v -0.005583 0.024067 0.031951
v -0.008466 0.028681 0.031816
v -0.008752 0.024415 0.031270
v -0.001138 0.011207 0.031051
v -0.000710 0.006092 0.030529
v -0.015111 0.026165 0.028943
v -0.014761 0.028365 0.029411
v -0.020202 0.013859 0.023989
v -0.021563 0.011234 0.022378
v -0.022093 0.009739 0.021628
v -0.023337 0.008850 0.020164
v -0.024745 0.006292 0.017917
v -0.025144 0.011044 0.018245
v 0.037870 0.076167 0.002477
v 0.037097 0.071400 0.005108
v 0.033780 0.086076 0.019497
v 0.033473 0.079715 0.018667
v 0.034408 0.077797 0.016418
v 0.030892 0.075987 0.022025
v 0.035771 0.056472 0.002617
v 0.026100 0.081622 0.028350
v 0.023916 0.075395 0.029363
v 0.023437 0.079230 0.030270
v 0.029598 0.063831 0.021609
v 0.031899 0.046710 0.013993
v 0.032000 0.043014 0.012733
v 0.031436 0.050665 0.015987
v 0.028355 0.059745 0.022531
v 0.020228 0.067297 0.031005
v 0.030753 0.047380 0.016520
v 0.025332 0.063768 0.026476
v 0.033658 0.045428 0.008478
v 0.032893 0.039423 0.008854
v 0.002980 0.086075 0.038887
v 0.028851 0.051060 0.020328
v 0.000235 0.081178 0.038483
v 0.023971 0.059139 0.027056
v 0.015275 0.069920 0.034015
v 0.017394 0.072110 0.033256
v 0.032159 0.039338 0.011210
v 0.031258 0.038261 0.013226
v -0.002878 0.086076 0.038894
v 0.010693 0.070325 0.035777
v -0.003056 0.082087 0.038461
v 0.020594 0.059631 0.029779
v 0.021923 0.056296 0.028367
v 0.030594 0.041556 0.015498
v 0.021599 0.058233 0.028865
v 0.021016 0.056349 0.029046
v 0.012548 0.060166 0.034016
v 0.015071 0.065269 0.033571
v 0.029548 0.042383 0.017569
v 0.026891 0.044390 0.021749
v 0.027761 0.046168 0.020941
v 0.028099 0.041975 0.019722
v 0.028760 0.036163 0.017594
v 0.028136 0.036163 0.018576
v 0.000513 0.070662 0.037364
v -0.000110 0.068439 0.037135
v 0.026497 0.039004 0.021332
v 0.006184 0.062343 0.035959
v 0.015821 0.051333 0.031579
v 0.001457 0.066312 0.036879
v 0.022268 0.045710 0.026649
v 0.020157 0.044963 0.028179
v 0.022208 0.042062 0.026195
v 0.002910 0.062893 0.036432
v 0.000099 0.059788 0.036210
v 0.006010 0.058439 0.035571
v 0.025424 0.033315 0.021704
v 0.021059 0.039826 0.026825
v 0.026933 0.030455 0.019263
v 0.017205 0.039099 0.029355
v -0.008402 0.068260 0.036153
v 0.027237 0.026932 0.018175
v -0.004335 0.064854 0.036499
v -0.002297 0.064374 0.036650
v 0.030438 0.012712 0.007010
v 0.029161 0.006801 0.009307
v 0.008819 0.047174 0.033747
v 0.011796 0.047908 0.032908
v 0.030259 0.016290 0.009146
v -0.023703 0.078634 0.029995
v -0.015511 0.068289 0.033720
v 0.020348 0.032675 0.026426
v 0.029431 0.012185 0.010283
v -0.009489 0.064381 0.035468
v -0.012521 0.060168 0.034027
v -0.013346 0.069928 0.034819
v 0.028961 0.012104 0.011531
v 0.029078 0.012878 0.011474
v -0.026291 0.081180 0.028119
v -0.027928 0.080558 0.026383
v -0.012970 0.066013 0.034519
v -0.020711 0.070223 0.031049
v 0.027969 0.013164 0.014006
v 0.011480 0.033637 0.031414
v 0.014314 0.033588 0.030221
v -0.005997 0.058473 0.035578
v -0.033780 0.086076 0.019495
v 0.026321 0.017267 0.017704
v -0.034468 0.084853 0.017966
v 0.027906 0.006310 0.012457
v 0.028717 0.006222 0.010417
v 0.024515 0.018090 0.020262
v 0.027538 0.008292 0.013733
v -0.016282 0.062212 0.032640
v -0.022073 0.065726 0.029504
v 0.013435 0.030259 0.030251
v 0.016442 0.028374 0.028498
v 0.017362 0.025092 0.027523
v 0.018603 0.023903 0.026552
v 0.016768 0.024786 0.027852
v -0.033465 0.079715 0.018681
v -0.030932 0.075820 0.021942
v 0.001760 0.043082 0.034409
v 0.012351 0.027343 0.030369
v 0.007392 0.037014 0.032986
v 0.005299 0.032493 0.032910
v 0.005796 0.028291 0.032372
v 0.008238 0.032677 0.032320
v 0.020538 0.014290 0.023768
v -0.034058 0.077628 0.017103
v -0.034948 0.077210 0.015067
v -0.035070 0.080545 0.015710
v -0.009251 0.049670 0.033922
v -0.007385 0.044792 0.033834
v -0.005803 0.046455 0.034317
v -0.020594 0.060334 0.029866
v -0.021471 0.057904 0.028926
v 0.010452 0.025700 0.030892
v 0.002814 0.034338 0.033406
v -0.023199 0.063002 0.028262
v 0.000003 0.033202 0.033400
v 0.020717 0.006281 0.022452
v 0.002657 0.029557 0.032908
v -0.029285 0.062267 0.021760
v 0.005260 0.026558 0.032279
v 0.019743 0.010247 0.023867
v -0.023928 0.059163 0.027098
v -0.017584 0.049376 0.030394
v -0.015768 0.051333 0.031606
v -0.017977 0.056561 0.031046
v -0.028015 0.060734 0.023107
v -0.036841 0.074169 0.008182
v -0.037552 0.081697 0.008643
v -0.037488 0.076943 0.006469
v -0.028264 0.058554 0.022435
v -0.002991 0.032577 0.033207
v -0.005586 0.033227 0.032933
v -0.037865 0.076167 0.002549
v -0.036879 0.066258 0.001295
v -0.007328 0.037291 0.033029
v -0.029703 0.060054 0.020770
v -0.007867 0.031809 0.032319
v -0.022194 0.045706 0.026710
v -0.019980 0.043954 0.028173
v -0.001110 0.019483 0.031930
v -0.029140 0.053360 0.020344
v -0.030398 0.056716 0.019081
v -0.017212 0.039808 0.029439
v -0.014193 0.035702 0.030526
v -0.016982 0.033501 0.028801
v -0.011313 0.033227 0.031429
v -0.015276 0.038081 0.030285
v -0.022127 0.042068 0.026264
v -0.024152 0.043503 0.024625
v -0.005250 0.027511 0.032379
v -0.020955 0.039781 0.026901
v -0.010848 0.024738 0.030639
v -0.012286 0.026549 0.030304
v -0.031431 0.053107 0.016524
v -0.032586 0.051682 0.013731
v -0.027852 0.040816 0.019853
v -0.020388 0.034570 0.026642
v -0.032673 0.048577 0.012643
v -0.003616 0.010700 0.030810
v -0.016974 0.024985 0.027759
v -0.035669 0.056349 0.003616
v -0.029326 0.041308 0.017715
v -0.019146 0.027721 0.026658
v -0.003457 0.006244 0.030356
v -0.030823 0.045515 0.015961
v -0.025687 0.033472 0.021394
v -0.024603 0.033318 0.022614
v -0.031264 0.040804 0.013882
v -0.033755 0.049681 0.009832
v -0.027218 0.027795 0.018374
v -0.027581 0.033655 0.018927
v -0.034525 0.046572 0.004561
v -0.033782 0.039366 0.004359
v -0.021624 0.013409 0.022637
v -0.022156 0.013042 0.022062
v -0.021916 0.013409 0.022354
v -0.019394 0.010282 0.024147
v -0.017247 0.006354 0.025251
v -0.033749 0.036530 0.000590
v -0.032685 0.026621 0.001148
v -0.028039 0.013806 0.014020
v -0.029018 0.013549 0.011802
v -0.027492 0.007388 0.013628
v 0.038152 0.080096 0.004053
v 0.037695 0.079982 0.007115
v 0.037661 0.076257 0.004833
v 0.036613 0.077217 0.010444
v 0.036989 0.074222 0.007524
v 0.036966 0.068363 0.003435
v 0.035491 0.077279 0.013792
v 0.036597 0.065159 0.003797
v 0.035571 0.074468 0.012718
v 0.036443 0.063702 0.003784
v 0.036525 0.068826 0.006963
v 0.036078 0.063597 0.006267
v 0.034391 0.069479 0.014292
v 0.035074 0.069387 0.012492
v 0.035061 0.064721 0.010999
v 0.034053 0.063488 0.013440
v 0.035368 0.062150 0.008883
v 0.035427 0.055043 0.004541
v 0.033308 0.071165 0.017057
v 0.030013 0.073308 0.022746
v 0.028642 0.075563 0.024804
v 0.023712 0.083189 0.030598
v 0.032385 0.064744 0.017358
v 0.020745 0.083533 0.032718
v 0.027490 0.078015 0.026452
v 0.034458 0.059436 0.011051
v 0.033332 0.059508 0.014087
v 0.033342 0.065259 0.015569
v 0.026541 0.076207 0.027132
v 0.033841 0.056016 0.011742
v 0.031030 0.063399 0.019421
v 0.034515 0.055754 0.009466
v 0.035174 0.056191 0.006892
v 0.025918 0.072930 0.027270
v 0.031828 0.061249 0.017601
v 0.027349 0.065121 0.024592
v 0.032102 0.055046 0.015652
v 0.028782 0.066225 0.023096
v 0.034714 0.046391 0.002537
v 0.030531 0.058388 0.019202
v 0.032750 0.053895 0.013931
v 0.034222 0.043146 0.004018
v 0.034802 0.048281 0.003842
v 0.025123 0.068373 0.027337
v 0.023275 0.071510 0.029372
v 0.033188 0.036843 0.006338
v 0.029691 0.056722 0.020163
v 0.031217 0.053458 0.017011
v 0.006021 0.086075 0.038535
v 0.023237 0.063011 0.028232
v 0.030076 0.052216 0.018697
v 0.018208 0.071079 0.032690
v 0.033676 0.037368 0.003447
v 0.000943 0.086076 0.038988
v 0.026664 0.060609 0.024648
v 0.025026 0.056730 0.025730
v 0.013025 0.066849 0.034595
v 0.026035 0.053131 0.024156
v 0.027587 0.051840 0.022149
v 0.011138 0.066822 0.035248
v 0.029355 0.046284 0.018668
v -0.005931 0.082299 0.038151
v -0.005817 0.086076 0.038578
v 0.032601 0.026213 0.001985
v 0.023603 0.050097 0.026115
v 0.016314 0.062217 0.032624
v 0.025237 0.048484 0.024288
v 0.026283 0.048152 0.023088
v 0.009321 0.065761 0.035653
v 0.018024 0.056556 0.031018
v 0.020210 0.051309 0.028972
v 0.030011 0.035674 0.015249
v -0.005384 0.079131 0.037883
v 0.023838 0.045523 0.025230
v 0.025923 0.045971 0.023149
v 0.030013 0.031050 0.014128
v 0.014893 0.059389 0.032976
v 0.025062 0.041307 0.023355
v 0.007956 0.060909 0.035454
v 0.029247 0.032863 0.016068
v 0.010758 0.058320 0.034420
v 0.011998 0.055248 0.033661
v 0.025538 0.036607 0.022084
v 0.013901 0.055432 0.032948
v 0.023231 0.041025 0.025141
v 0.028564 0.030170 0.016687
v 0.026872 0.035137 0.020197
v 0.018714 0.042817 0.028886
v 0.021962 0.036649 0.025648
v 0.023805 0.036629 0.023948
v 0.030667 0.027212 0.011537
v 0.009930 0.051089 0.033874
v 0.030989 0.019859 0.007951
v -0.020287 0.082750 0.032906
v -0.023712 0.083189 0.030598
v 0.003154 0.059693 0.036073
v 0.014804 0.048233 0.031713
v 0.012834 0.050588 0.032824
v 0.008949 0.054481 0.034512
v 0.019979 0.041026 0.027794
v 0.023616 0.033868 0.023722
v 0.019436 0.038429 0.027853
v 0.030578 0.007218 0.002307
v -0.020181 0.078511 0.032449
v 0.012609 0.044021 0.032168
v 0.030627 0.009495 0.004039
v 0.030770 0.013465 0.005819
v 0.025862 0.027150 0.020110
v -0.003145 0.059665 0.036070
v 0.026876 0.024325 0.018230
v 0.010644 0.042782 0.032731
v -0.011172 0.067944 0.035364
v 0.028968 0.016692 0.012784
v 0.013537 0.041709 0.031517
v 0.028663 0.021226 0.014529
v 0.009035 0.042654 0.033196
v 0.027722 0.017009 0.015355
v -0.007985 0.059509 0.035293
v 0.017182 0.033834 0.028723
v 0.002611 0.046924 0.034767
v 0.000014 0.048572 0.035030
v 0.011214 0.040006 0.032232
v 0.013114 0.038351 0.031325
v 0.015470 0.035335 0.029861
v 0.022219 0.025457 0.023833
v 0.018582 0.032493 0.027669
v 0.021363 0.028969 0.025095
v 0.026183 0.019752 0.018362
v -0.029623 0.081553 0.024637
v 0.026996 0.014443 0.016077
v -0.015006 0.064719 0.033536
v 0.022826 0.017814 0.022108
v -0.026551 0.075364 0.027020
v 0.019201 0.028029 0.026659
v 0.009661 0.036143 0.032301
v 0.007366 0.042556 0.033595
v 0.003640 0.044408 0.034400
v -0.028631 0.075552 0.024815
v 0.026629 0.011081 0.015990
v -0.014857 0.059394 0.032993
v -0.010729 0.058317 0.034429
v -0.011960 0.055248 0.033674
v -0.023123 0.072676 0.029633
v -0.032195 0.080843 0.021015
v -0.002586 0.047142 0.034790
v -0.008923 0.054514 0.034523
v 0.024276 0.013159 0.019733
v 0.005068 0.038287 0.033563
v 0.020110 0.021471 0.025103
v -0.029602 0.071974 0.023047
v -0.001564 0.044390 0.034557
v -0.020120 0.067495 0.031095
v -0.013860 0.055433 0.032966
v 0.022220 0.012790 0.021980
v -0.032601 0.077528 0.019714
v 0.020737 0.018992 0.024248
v -0.024609 0.068222 0.027796
v -0.010397 0.053046 0.033946
v -0.003673 0.043577 0.034309
v 0.010108 0.029861 0.031464
v 0.014225 0.024796 0.029236
v -0.012787 0.050589 0.032842
v -0.001729 0.040126 0.034089
v 0.000026 0.039606 0.034082
v -0.015554 0.054286 0.032070
v -0.026954 0.067299 0.025388
v 0.001821 0.035352 0.033587
v -0.036526 0.080201 0.011775
v -0.033994 0.072523 0.015985
v 0.017000 0.015428 0.026552
v -0.028652 0.067155 0.023413
v -0.030152 0.066080 0.021254
v -0.036046 0.076951 0.012136
v -0.019236 0.054913 0.030077
v -0.008841 0.046974 0.033721
v -0.005084 0.038431 0.033577
v -0.002190 0.035009 0.033541
v -0.025211 0.059266 0.025926
v -0.026607 0.062276 0.024964
v -0.011900 0.047580 0.032837
v -0.014939 0.048186 0.031650
v -0.038486 0.083375 0.004220
v -0.013093 0.042364 0.031778
v -0.032116 0.066227 0.018179
v 0.017617 0.007766 0.025157
v -0.031081 0.063466 0.019347
v -0.018997 0.049793 0.029585
v -0.020460 0.051394 0.028799
v -0.026558 0.058190 0.024373
v -0.034260 0.069201 0.014530
v -0.011157 0.040015 0.032252
v -0.025924 0.052991 0.024252
v -0.009603 0.036140 0.032318
v -0.008459 0.033240 0.032317
v -0.036129 0.069935 0.009283
v -0.024054 0.053552 0.026193
v -0.017714 0.044597 0.029739
v -0.036869 0.071213 0.006434
v -0.023541 0.050128 0.026175
v -0.012613 0.037873 0.031469
v -0.031667 0.057896 0.017153
v -0.031317 0.061579 0.018564
v -0.027410 0.051506 0.022307
v -0.023514 0.046783 0.025717
v -0.035716 0.064592 0.008563
v -0.025169 0.048491 0.024359
v -0.032977 0.061137 0.015312
v -0.009877 0.029211 0.031467
v -0.025985 0.046704 0.023198
v -0.027463 0.045978 0.021312
v -0.030105 0.052475 0.018713
v -0.019152 0.038617 0.028072
v -0.021848 0.036897 0.025780
v -0.031110 0.054211 0.017378
v -0.023146 0.041028 0.025220
v -0.025000 0.041407 0.023437
v 0.003593 0.006361 0.030353
v -0.029529 0.046307 0.018413
v -0.034520 0.058290 0.010460
v -0.018913 0.033522 0.027571
v -0.023671 0.036640 0.024082
v -0.017549 0.029402 0.027945
v -0.034940 0.056342 0.008071
v -0.034826 0.053046 0.006896
v -0.005742 0.013387 0.030775
v -0.026379 0.039965 0.021632
v -0.035330 0.056150 0.005980
v -0.028843 0.035986 0.017442
v -0.015206 0.022380 0.028447
v -0.022827 0.028997 0.023771
v -0.033648 0.045585 0.008571
v -0.006460 0.011618 0.030438
v -0.026563 0.035568 0.020668
v -0.034966 0.050677 0.004458
v -0.021409 0.029777 0.025173
v -0.030232 0.037763 0.015311
v -0.020030 0.021471 0.025167
v -0.031637 0.040021 0.012799
v -0.034254 0.047386 0.006735
v -0.021761 0.024825 0.024162
v -0.032313 0.039672 0.010863
v -0.025931 0.028924 0.020339
v -0.032866 0.037817 0.008264
v -0.020468 0.017810 0.024313
v -0.031096 0.035854 0.012951
v -0.028910 0.028448 0.015724
v -0.029755 0.032788 0.015105
v -0.018447 0.015358 0.025561
v -0.022427 0.020893 0.022978
v -0.026400 0.021936 0.018462
v -0.027921 0.022951 0.016270
v -0.024480 0.018070 0.020301
v -0.022789 0.016795 0.021999
v -0.025273 0.022164 0.020005
v -0.022526 0.015203 0.022012
v -0.029142 0.026150 0.014772
v -0.017401 0.010081 0.025599
v -0.026105 0.019041 0.018355
v -0.034419 0.043564 0.002346
v -0.024320 0.013690 0.019762
v -0.029941 0.024058 0.012467
v -0.027703 0.016867 0.015361
v -0.033125 0.031576 0.002627
v -0.029657 0.020448 0.012159
v -0.026801 0.013787 0.016273
v -0.026093 0.007394 0.016144
v -0.030992 0.019373 0.007756
v -0.031015 0.016247 0.006116
v -0.030306 0.012813 0.007591
v -0.029283 0.006368 0.008748
v -0.029737 0.006647 0.007183
v -0.031106 0.011757 0.001254
v -0.030489 0.006209 0.001842
v 0.038813 0.086076 0.003822
v 0.036528 0.086076 0.013671
v 0.034890 0.086076 0.017438
v 0.035233 0.083468 0.016073
v 0.035855 0.069540 0.010129
v 0.034317 0.073900 0.015664
v 0.033145 0.074904 0.018225
v 0.032442 0.076890 0.019853
v 0.031596 0.071572 0.020139
v 0.030306 0.068372 0.021460
v 0.020258 0.079694 0.032549
v 0.017341 0.083713 0.034667
v 0.027658 0.070066 0.025031
v 0.029062 0.070420 0.023450
v 0.034050 0.045211 0.006552
v 0.034249 0.048598 0.007406
v 0.034211 0.052015 0.009112
v 0.033323 0.048975 0.010960
v 0.026412 0.067436 0.025957
v 0.033150 0.052259 0.012472
v 0.006196 0.080309 0.037899
v 0.009570 0.082795 0.037458
v 0.022448 0.065856 0.029244
v 0.020734 0.070145 0.031023
v 0.009144 0.079239 0.037168
v 0.032984 0.033651 0.005631
v 0.032281 0.030915 0.007633
v 0.032890 0.030726 0.004054
v 0.032439 0.026850 0.004392
v 0.031120 0.034881 0.012624
v 0.022002 0.052786 0.027828
v 0.015598 0.054275 0.032048
v 0.019290 0.054915 0.030043
v 0.031996 0.022642 0.004319
v 0.031521 0.029866 0.009939
v 0.018014 0.049144 0.030124
v 0.031619 0.016508 0.000956
v 0.031122 0.023862 0.009097
v 0.027927 0.033212 0.018338
v -0.017120 0.083110 0.034709
v 0.031394 0.018202 0.005207
v 0.028753 0.027109 0.015687
v 0.031071 0.011451 0.001311
v 0.016879 0.045146 0.030285
v -0.017743 0.077555 0.033713
v 0.027875 0.023017 0.016365
v 0.030074 0.019589 0.010803
v 0.015373 0.042225 0.030727
v 0.024485 0.028084 0.021914
v 0.005890 0.046207 0.034278
v -0.017435 0.072494 0.033279
v 0.025062 0.023520 0.020509
v 0.023881 0.023978 0.021947
v -0.026303 0.072493 0.026814
v -0.024592 0.073676 0.028568
v -0.027676 0.070185 0.025032
v 0.016310 0.020104 0.027547
v 0.018392 0.017967 0.025934
v -0.036052 0.080154 0.013146
v -0.025431 0.064061 0.026428
v -0.037814 0.086076 0.009538
v -0.036825 0.079103 0.010385
v -0.031203 0.068867 0.020231
v -0.035120 0.075422 0.014183
v -0.010595 0.042787 0.032747
v -0.038952 0.086076 0.001943
v -0.032876 0.070339 0.017696
v 0.017311 0.011675 0.025862
v -0.038749 0.084233 0.002148
v -0.008857 0.042136 0.033188
v -0.038148 0.081812 0.005538
v -0.021946 0.052858 0.027882
v -0.036442 0.074874 0.010103
v -0.015636 0.042629 0.030656
v 0.015331 0.010490 0.026944
v -0.033475 0.066510 0.015590
v -0.032419 0.063706 0.017058
v -0.035187 0.069593 0.012226
v -0.034745 0.065755 0.012293
v -0.037702 0.076846 0.004968
v -0.034177 0.062559 0.012885
v -0.037271 0.071213 0.003404
v -0.036748 0.067621 0.004708
v 0.006497 0.011572 0.030423
v -0.036217 0.066056 0.007002
v -0.035520 0.061365 0.007879
v -0.035198 0.063939 0.010248
v 0.005713 0.006390 0.030029
v -0.036173 0.062814 0.005147
v -0.033385 0.055664 0.012869
v 0.001734 0.006334 0.030509
v -0.032276 0.054043 0.015044
v -0.033858 0.052610 0.010559
v -0.025328 0.036466 0.022303
v -0.008355 0.010930 0.029900
v -0.017749 0.018777 0.026479
v -0.032703 0.041705 0.010387
v -0.033559 0.043092 0.007778
v -0.008209 0.006263 0.029410
v -0.024214 0.026149 0.021921
v -0.030106 0.034471 0.014789
v -0.028339 0.032034 0.017444
v -0.015756 0.013701 0.027095
v -0.014798 0.011207 0.027322
v -0.033341 0.037901 0.006172
v -0.024008 0.023177 0.021674
v -0.032159 0.034776 0.009641
v -0.015140 0.006573 0.026590
v -0.030295 0.029909 0.013226
v -0.030821 0.028578 0.011544
v -0.031538 0.033427 0.011081
v -0.031609 0.027858 0.008878
v -0.028623 0.019632 0.014233
v -0.029118 0.022912 0.014023
v -0.030440 0.022764 0.010796
v -0.032641 0.029501 0.004931
v -0.030872 0.021349 0.008959
v -0.032186 0.027529 0.006316
v -0.032701 0.033134 0.006790
v -0.026291 0.017310 0.017759
v -0.032199 0.025248 0.004841
v -0.030085 0.017456 0.010112
v -0.031427 0.020830 0.006486
v -0.031810 0.024456 0.006579
v -0.032596 0.027038 0.003176
v -0.031667 0.019709 0.004411
v -0.029251 0.011574 0.010613
v -0.029804 0.011492 0.008892
v -0.031146 0.013244 0.003003
v 0.037446 0.082269 0.009376
v 0.036628 0.082092 0.012120
v 0.034762 0.051899 0.006594
v 0.035161 0.051337 0.003362
v 0.013124 0.081150 0.036170
v 0.011940 0.078986 0.036345
v 0.032227 0.036276 0.010001
v 0.023676 0.053819 0.026569
v 0.031887 0.024430 0.006195
v 0.031675 0.017805 0.002457
v 0.029829 0.026709 0.013446
v 0.031071 0.013004 0.003444
v 0.029252 0.020163 0.013018
v 0.008743 0.014147 0.030141
v 0.012916 0.006278 0.027694
v 0.008533 0.011561 0.029919
v 0.007647 0.006161 0.029554
v 0.009133 0.006235 0.029147
v -0.036773 0.066254 0.003063
v -0.013422 0.013420 0.028283
v -0.010716 0.006226 0.028602
v -0.030977 0.013457 0.004630
v -0.030187 0.006200 0.004725
v 0.015515 0.080920 0.035184
v -0.010580 0.082182 0.037111
v -0.014103 0.080317 0.035705
v 0.011099 0.012787 0.029205
v 0.010500 0.007406 0.028824
v -0.009790 0.006918 0.029017
v -0.012307 0.009573 0.028351
v -0.027536 0.001971 0.000878
v -0.028556 0.002813 0.002254
v -0.029388 0.003683 0.001113
v -0.026030 0.001379 0.003386
v -0.025582 0.001369 0.005632
v -0.029793 0.004494 0.002751
v -0.024969 0.001468 0.008765
v -0.029325 0.004678 0.006426
v -0.022734 0.001164 0.011308
v -0.022924 0.001395 0.012921
v -0.028516 0.004855 0.009645
v -0.026635 0.004895 0.014052
v -0.018584 0.001163 0.017326
v -0.025221 0.004660 0.016245
v -0.025417 0.005563 0.016635
v -0.016569 0.001251 0.019721
v -0.015918 0.001470 0.021146
v -0.021995 0.004946 0.020606
v -0.014925 0.001900 0.022994
v -0.020109 0.004997 0.022481
v -0.013188 0.001468 0.022940
v -0.013169 0.001269 0.022207
v -0.010329 0.001158 0.023147
v -0.018913 0.005018 0.023517
v -0.016493 0.004592 0.025027
v -0.013246 0.004937 0.027081
v -0.005964 0.001356 0.025478
v -0.010320 0.004855 0.028279
v -0.006109 0.001864 0.026656
v -0.007936 0.004961 0.029088
v 0.000769 0.001404 0.026300
v -0.004096 0.004889 0.029861
v 0.003829 0.001237 0.025400
v -0.000574 0.003751 0.029461
v 0.000019 0.004796 0.030077
v 0.007187 0.001259 0.024755
v 0.002579 0.003761 0.029360
v 0.004910 0.001466 0.026017
v 0.003019 0.004893 0.029973
v 0.005616 0.004956 0.029615
v 0.012954 0.001530 0.023287
v 0.012959 0.001168 0.021878
v 0.010959 0.004638 0.027938
v 0.015476 0.001163 0.020123
v 0.015945 0.001476 0.021140
v 0.013122 0.004855 0.027096
v 0.014996 0.005152 0.026231
v 0.016575 0.004594 0.024973
v 0.017468 0.001164 0.018455
v 0.018721 0.001468 0.018705
v 0.019276 0.005187 0.023301
v 0.020071 0.001231 0.016001
v 0.021114 0.001470 0.015965
v 0.021711 0.005450 0.021177
v 0.021217 0.004628 0.021192
v 0.023032 0.001899 0.014864
v 0.023152 0.003989 0.018523
v 0.023887 0.004883 0.018354
v 0.024614 0.003721 0.016156
v 0.026670 0.004931 0.014020
v 0.027777 0.004882 0.011645
v 0.028650 0.004898 0.009279
v 0.026245 0.001472 0.003326
v 0.025174 0.001131 0.000031
v 0.029252 0.004650 0.006644
v 0.029229 0.003445 0.001083
v 0.030065 0.005322 0.003723
v 0.029913 0.004725 0.002860
v 0.030482 0.005981 0.000515
v -0.024580 0.001087 0.003119
v -0.027186 0.001889 0.003343
v -0.030084 0.004806 0.000209
v -0.028906 0.003358 0.004040
v -0.023958 0.001083 0.006286
v -0.027789 0.002479 0.005211
v -0.028832 0.003731 0.006024
v -0.024498 0.001255 0.008013
v -0.025977 0.001895 0.008704
v -0.022783 0.001087 0.009716
v -0.027746 0.003075 0.008105
v -0.026773 0.002078 0.007242
v -0.026697 0.002936 0.010766
v -0.027928 0.003753 0.009412
v -0.029698 0.005690 0.006581
v -0.025908 0.002491 0.011361
v -0.024716 0.001900 0.011852
v -0.027431 0.004389 0.011805
v -0.020820 0.001083 0.013317
v -0.024675 0.002660 0.014247
v -0.028758 0.006312 0.010325
v -0.023818 0.002851 0.015965
v -0.020230 0.001151 0.015262
v -0.026227 0.003751 0.013433
v -0.028217 0.006401 0.011751
v -0.022563 0.001886 0.015566
v -0.026958 0.006149 0.014318
v -0.024598 0.003724 0.016188
v -0.020427 0.001571 0.017267
v -0.022011 0.002437 0.017660
v -0.019198 0.001900 0.019565
v -0.023222 0.003677 0.018045
v -0.021107 0.002900 0.019507
v -0.021456 0.003801 0.020250
v -0.018726 0.002379 0.020994
v -0.016976 0.001943 0.021602
v -0.019460 0.003461 0.021859
v -0.022876 0.006304 0.020254
v -0.017048 0.002536 0.022621
v -0.017947 0.003747 0.023364
v -0.021337 0.006260 0.021864
v -0.014520 0.002467 0.024247
v -0.016810 0.003120 0.023555
v -0.019807 0.006580 0.023313
v -0.013661 0.002928 0.025319
v -0.015889 0.003682 0.024745
v -0.009033 0.001231 0.024003
v -0.008063 0.001080 0.023176
v -0.011325 0.002051 0.025271
v -0.009183 0.001918 0.025854
v -0.006240 0.001098 0.024084
v -0.013128 0.003836 0.026460
v -0.010547 0.002891 0.026722
v -0.012686 0.006332 0.027800
v -0.007436 0.003454 0.028305
v -0.007765 0.002363 0.027022
v -0.005167 0.002706 0.028077
v -0.009458 0.003753 0.027911
v -0.002718 0.001890 0.027257
v -0.001536 0.002564 0.028346
v -0.003684 0.003733 0.029224
v 0.000453 0.001098 0.025018
v -0.001604 0.003061 0.028843
v 0.004129 0.001084 0.024406
v -0.005718 0.006292 0.030023
v 0.001384 0.003081 0.028878
v 0.001140 0.002052 0.027669
v 0.004144 0.002897 0.028433
v 0.003065 0.001943 0.027302
v 0.005426 0.002513 0.027780
v 0.005028 0.003565 0.028899
v 0.006071 0.001884 0.026704
v 0.007861 0.002687 0.027428
v 0.010508 0.002929 0.026781
v 0.010114 0.002073 0.025815
v 0.008634 0.003774 0.028204
v 0.011909 0.001907 0.024702
v 0.013417 0.003782 0.026267
v 0.013552 0.002857 0.025286
v 0.014930 0.002494 0.024021
v 0.015599 0.002031 0.022829
v 0.016272 0.003723 0.024541
v 0.017095 0.001920 0.021472
v 0.015518 0.006247 0.026311
v 0.018393 0.004007 0.023261
v 0.018129 0.002984 0.022422
v 0.019608 0.001898 0.019147
v 0.019443 0.002529 0.020601
v 0.017121 0.005723 0.025140
v 0.020814 0.003832 0.020958
v 0.018872 0.006306 0.024034
v 0.021174 0.002067 0.017891
v 0.022197 0.002987 0.018422
v 0.023919 0.002455 0.015019
v 0.021387 0.001085 0.012528
v 0.022975 0.006402 0.020181
v 0.024648 0.001934 0.012109
v 0.025051 0.006241 0.017490
v 0.025286 0.002916 0.013694
v 0.025868 0.002375 0.011045
v 0.026722 0.006386 0.014840
v 0.023871 0.001108 0.007788
v 0.026693 0.003450 0.011973
v 0.025848 0.001890 0.009082
v 0.027379 0.002864 0.008605
v 0.024290 0.001087 0.004966
v 0.027021 0.002316 0.007512
v 0.026817 0.001908 0.005722
v 0.027824 0.002719 0.006274
v 0.027609 0.003747 0.010289
v 0.028386 0.003620 0.007539
v 0.027760 0.002394 0.004654
v 0.028725 0.003726 0.006473
v 0.029260 0.003781 0.003639
v 0.027581 0.002030 0.001958
v 0.028618 0.003152 0.004529
v 0.029471 0.005716 0.007536
v 0.029753 0.006380 0.007030
v 0.028422 0.002710 0.002397
v 0.030332 0.006297 0.003710
v -0.030113 0.005322 0.003200
v -0.027847 0.005241 0.011808
v -0.023514 0.004912 0.018841
v -0.015869 0.005467 0.025872
v -0.002331 0.001363 0.026090
v 0.010785 0.001161 0.022996
v 0.008301 0.004855 0.028938
v 0.022298 0.001258 0.012936
v 0.024007 0.001366 0.010465
v 0.025764 0.005518 0.016042
v 0.025156 0.001165 0.003621
v -0.018692 0.001469 0.018729
v -0.009455 0.001473 0.024750
v 0.008807 0.001468 0.024954
v 0.023008 0.001472 0.013088
v 0.025668 0.004296 0.015169
v 0.025423 0.001423 0.007066
f 3 1 4
f 3 2 1
f 5 4 6
f 5 3 4
f 7 6 8
f 7 5 6
f 9 8 10
f 9 7 8
f 11 10 12
f 11 9 10
f 13 12 14
f 13 11 12
f 15 14 16
f 15 13 14
f 17 16 18
f 17 15 16
f 19 18 20
f 19 17 18
f 21 20 22
f 21 19 20
f 23 22 24
f 23 21 22
f 25 23 24
f 25 24 26
f 27 25 26
f 27 26 28
f 29 27 28
f 29 28 30
f 31 29 30
f 31 30 32
f 33 32 34
f 33 31 32
f 35 33 34
f 35 34 36
f 37 35 36
f 37 36 38
f 39 37 38
f 39 38 40
f 41 39 40
f 41 40 42
f 44 41 42
f 44 42 43
f 44 43 45
f 46 44 45
f 46 45 47
f 128 46 47
f 49 50 51
f 48 50 49
f 51 52 53
f 50 52 51
f 52 54 53
f 53 55 57
f 54 55 53
f 55 56 57
f 56 58 57
f 57 58 60
f 58 59 60
f 59 61 60
f 60 61 63
f 61 62 63
f 63 64 66
f 62 64 63
f 64 65 66
f 66 67 69
f 65 67 66
f 67 68 69
f 69 70 72
f 68 70 69
f 70 71 72
f 72 73 74
f 71 73 72
f 73 75 74
f 75 76 74
f 74 76 77
f 76 78 77
f 78 79 77
f 77 79 81
f 79 80 81
f 81 80 83
f 80 82 83
f 82 84 83
f 83 84 85
f 84 86 85
f 85 87 89
f 86 87 85
f 87 88 89
f 88 90 89
f 89 90 91
f 90 92 91
f 91 92 93
f 92 94 93
f 93 94 96
f 94 95 96
f 95 97 96
f 96 97 98
f 97 99 98
f 98 99 101
f 99 100 101
f 101 100 103
f 100 102 103
f 103 104 106
f 102 104 103
f 104 105 106
f 93 13 15
f 91 93 15
f 93 11 13
f 89 15 17
f 89 91 15
f 96 11 93
f 96 9 11
f 98 9 96
f 85 89 17
f 85 17 19
f 101 9 98
f 101 7 9
f 85 19 21
f 83 85 21
f 101 5 7
f 103 5 101
f 83 21 23
f 103 3 5
f 81 83 23
f 106 3 103
f 81 23 25
f 106 2 3
f 107 2 106
f 77 25 27
f 77 81 25
f 107 108 2
f 109 108 107
f 74 77 27
f 74 27 29
f 109 110 108
f 111 110 109
f 72 74 29
f 72 29 31
f 111 112 110
f 113 112 111
f 69 31 33
f 69 72 31
f 113 115 112
f 114 115 113
f 66 33 35
f 66 69 33
f 117 115 114
f 116 117 114
f 63 35 37
f 63 66 35
f 119 117 116
f 118 117 119
f 60 63 37
f 39 60 37
f 57 60 39
f 121 119 120
f 121 118 119
f 41 57 39
f 122 121 120
f 44 57 41
f 44 53 57
f 122 120 123
f 124 122 123
f 46 51 53
f 46 53 44
f 124 123 126
f 125 124 126
f 128 51 46
f 128 49 51
f 129 125 126
f 129 126 127
f 129 127 131
f 132 49 128
f 132 133 49
f 130 129 131
f 130 131 135
f 136 133 132
f 136 134 133
f 140 130 135
f 140 135 137
f 138 134 136
f 138 139 134
f 142 137 143
f 142 140 137
f 144 139 138
f 144 141 139
f 142 143 145
f 144 146 141
f 149 142 145
f 147 148 146
f 147 146 144
f 149 145 148
f 149 148 147
f 152 150 1546
f 152 151 150
f 1542 1546 150
f 1542 150 153
f 1305 3023 151
f 1305 151 152
f 154 1542 153
f 1309 3023 1305
f 154 153 155
f 156 3139 3023
f 156 3023 1309
f 1531 154 155
f 156 160 3139
f 157 155 158
f 157 1531 155
f 159 160 156
f 161 157 158
f 161 158 162
f 163 160 159
f 163 164 160
f 1257 161 162
f 163 3574 164
f 1257 162 165
f 168 3574 163
f 168 166 3574
f 167 1257 165
f 167 165 3303
f 169 167 3303
f 1597 166 168
f 170 166 1597
f 170 171 166
f 1235 169 3303
f 1235 3303 3081
f 172 3579 171
f 172 171 170
f 173 1235 3081
f 173 3081 174
f 173 174 3294
f 175 3579 172
f 175 176 3579
f 177 173 3294
f 179 178 176
f 179 176 175
f 177 3294 3073
f 179 2500 178
f 180 177 3073
f 180 3073 3289
f 333 181 2500
f 333 2500 179
f 1124 180 3289
f 182 1124 3289
f 333 183 181
f 184 1124 182
f 185 184 182
f 186 183 333
f 186 187 183
f 190 182 188
f 190 185 182
f 186 2501 187
f 189 190 188
f 191 2501 186
f 192 190 189
f 193 190 192
f 191 2502 2501
f 612 2502 191
f 612 2027 2502
f 194 192 195
f 194 193 192
f 196 195 200
f 196 194 195
f 197 2027 612
f 198 197 612
f 199 196 200
f 1978 197 198
f 341 1978 198
f 823 202 1978
f 823 1978 341
f 203 200 201
f 203 199 200
f 203 201 204
f 205 202 823
f 206 202 205
f 1681 203 204
f 3002 1681 204
f 207 206 205
f 207 205 208
f 3002 209 1681
f 210 209 3002
f 3001 210 3002
f 207 208 211
f 1198 210 3001
f 3055 1198 3001
f 2510 211 212
f 2510 207 211
f 3516 1198 3055
f 3516 214 1198
f 2636 212 350
f 2636 2510 212
f 213 214 3516
f 2637 350 215
f 2637 2636 350
f 1116 214 213
f 3515 1116 213
f 216 1116 3515
f 218 2637 215
f 217 216 3515
f 218 215 219
f 222 1194 216
f 222 216 217
f 220 219 221
f 220 218 219
f 271 220 221
f 223 1194 222
f 2273 220 271
f 224 223 222
f 2273 271 225
f 3514 223 224
f 3514 226 223
f 2046 2273 225
f 2046 225 228
f 227 226 3514
f 2281 228 232
f 2281 2046 228
f 229 226 227
f 229 230 226
f 229 231 230
f 2571 231 229
f 233 2281 232
f 234 231 2571
f 234 235 231
f 236 232 237
f 236 233 232
f 238 235 234
f 238 738 235
f 238 239 738
f 2533 237 240
f 2533 236 237
f 2566 239 238
f 2533 240 243
f 244 239 2566
f 244 241 239
f 242 2533 243
f 245 243 246
f 245 242 243
f 247 241 244
f 247 248 241
f 251 245 246
f 247 249 248
f 247 250 249
f 251 246 252
f 2109 250 247
f 251 252 670
f 253 251 670
f 253 670 426
f 1998 250 2109
f 1998 702 250
f 1998 447 702
f 254 426 685
f 254 253 426
f 255 256 447
f 255 447 1998
f 1995 685 256
f 1995 254 685
f 1995 256 255
f 437 257 258
f 259 260 261
f 263 191 186
f 340 614 263
f 264 265 175
f 264 175 258
f 264 258 257
f 268 619 267
f 270 266 361
f 270 267 266
f 637 270 361
f 375 221 219
f 370 219 635
f 271 221 375
f 370 375 219
f 272 225 271
f 276 273 357
f 274 275 272
f 651 276 358
f 278 402 404
f 278 371 402
f 403 279 257
f 403 257 437
f 650 649 278
f 282 279 403
f 283 663 683
f 283 369 281
f 283 683 285
f 414 385 282
f 286 246 243
f 291 246 286
f 289 395 674
f 289 854 290
f 252 246 291
f 292 289 290
f 848 252 291
f 848 671 252
f 293 420 1102
f 293 1102 294
f 439 293 294
f 439 294 454
f 694 439 454
f 295 463 721
f 721 913 295
f 867 296 297
f 298 249 250
f 299 249 298
f 300 241 248
f 733 248 249
f 300 248 733
f 468 459 467
f 302 459 468
f 302 301 459
f 508 301 302
f 304 303 305
f 503 305 306
f 307 762 1052
f 307 1052 977
f 308 765 977
f 308 977 546
f 312 770 311
f 313 260 230
f 313 230 314
f 313 261 260
f 315 316 317
f 318 319 783
f 319 318 574
f 321 320 319
f 325 322 323
f 325 324 322
f 326 576 324
f 327 259 261
f 327 261 328
f 329 330 592
f 329 597 596
f 329 592 597
f 330 329 1014
f 331 1014 605
f 331 330 1014
f 332 333 179
f 334 333 332
f 334 186 333
f 334 262 186
f 334 332 610
f 334 821 262
f 337 336 335
f 337 338 336
f 338 337 616
f 339 198 612
f 339 612 614
f 615 824 266
f 832 828 341
f 622 266 824
f 622 347 266
f 622 623 346
f 622 346 347
f 343 257 344
f 343 344 345
f 343 264 257
f 347 361 266
f 348 212 211
f 349 212 348
f 349 350 212
f 911 349 348
f 351 268 269
f 351 352 625
f 351 625 268
f 353 349 911
f 358 352 351
f 354 355 352
f 354 626 355
f 354 909 626
f 356 267 270
f 356 268 267
f 356 269 268
f 357 352 358
f 357 354 352
f 359 350 349
f 359 215 350
f 359 635 215
f 357 273 354
f 360 345 365
f 273 909 354
f 364 269 356
f 634 909 273
f 362 351 269
f 362 269 364
f 363 270 637
f 366 365 345
f 366 345 344
f 367 364 363
f 368 228 225
f 368 225 272
f 368 272 275
f 371 365 366
f 372 273 276
f 372 276 277
f 362 367 373
f 362 364 367
f 374 371 278
f 845 366 344
f 378 372 277
f 380 844 376
f 377 280 232
f 378 379 372
f 384 378 277
f 382 276 651
f 384 662 378
f 653 368 275
f 653 381 368
f 382 277 276
f 383 644 380
f 388 280 377
f 650 386 643
f 388 396 280
f 392 240 237
f 389 647 652
f 385 402 371
f 659 386 650
f 390 643 386
f 390 373 643
f 391 383 380
f 391 661 393
f 391 380 376
f 391 376 661
f 413 240 392
f 393 383 391
f 396 388 381
f 394 287 286
f 394 240 413
f 394 243 240
f 394 286 243
f 407 281 383
f 407 383 393
f 399 386 659
f 392 280 396
f 395 390 386
f 411 386 399
f 411 395 386
f 396 397 398
f 396 381 397
f 413 287 394
f 413 669 287
f 659 278 404
f 659 650 278
f 400 401 397
f 400 397 653
f 409 396 398
f 409 392 396
f 402 385 414
f 402 414 673
f 406 400 288
f 406 401 400
f 408 409 398
f 406 288 284
f 404 399 659
f 417 663 407
f 416 398 397
f 416 397 401
f 416 418 408
f 416 408 398
f 676 404 402
f 676 402 673
f 669 413 425
f 421 416 401
f 421 418 416
f 424 401 406
f 912 286 287
f 423 421 401
f 680 426 670
f 421 422 418
f 440 401 424
f 440 423 401
f 912 291 286
f 428 292 290
f 423 422 421
f 425 408 418
f 425 666 408
f 430 411 399
f 430 399 404
f 428 429 675
f 436 425 418
f 433 434 430
f 429 866 695
f 429 428 866
f 442 679 435
f 436 418 422
f 684 438 683
f 439 420 293
f 439 427 420
f 440 424 441
f 443 436 422
f 443 449 436
f 445 438 684
f 445 444 438
f 1082 1102 420
f 1082 420 437
f 1082 437 258
f 446 436 449
f 446 295 436
f 916 445 432
f 913 721 296
f 447 256 448
f 443 451 449
f 723 702 447
f 450 723 447
f 453 438 444
f 458 915 873
f 450 447 448
f 458 452 915
f 454 455 694
f 712 449 451
f 456 457 452
f 469 452 458
f 469 456 452
f 461 460 455
f 455 454 465
f 464 1100 1072
f 462 453 466
f 467 704 456
f 301 726 707
f 474 721 463
f 474 712 470
f 471 464 1072
f 465 464 461
f 465 1100 464
f 465 461 455
f 301 707 459
f 729 468 467
f 729 456 469
f 729 467 456
f 474 475 721
f 474 470 476
f 474 476 475
f 714 472 473
f 477 478 749
f 477 749 479
f 485 239 241
f 485 241 300
f 480 478 720
f 481 721 475
f 481 296 721
f 495 476 470
f 495 470 714
f 495 714 473
f 480 481 482
f 466 483 484
f 485 300 743
f 485 486 239
f 483 301 508
f 490 481 475
f 490 475 476
f 482 481 490
f 501 479 749
f 488 489 480
f 488 480 482
f 491 473 472
f 492 485 743
f 505 483 508
f 487 490 476
f 511 235 738
f 487 476 495
f 485 492 494
f 485 494 486
f 499 230 231
f 499 231 235
f 499 235 511
f 495 473 491
f 495 496 518
f 495 491 496
f 497 490 487
f 755 302 498
f 492 522 494
f 502 304 305
f 487 495 518
f 507 500 493
f 508 302 755
f 510 883 509
f 510 509 752
f 510 752 1059
f 499 314 230
f 512 500 507
f 511 486 494
f 512 303 304
f 514 487 518
f 514 518 311
f 517 515 531
f 516 306 528
f 516 503 306
f 513 488 504
f 511 314 499
f 761 886 510
f 526 314 511
f 526 511 494
f 526 494 522
f 763 518 496
f 767 887 740
f 519 505 520
f 519 521 506
f 518 763 311
f 497 487 514
f 524 492 516
f 524 522 492
f 1057 510 1059
f 1057 761 510
f 523 533 766
f 524 516 528
f 525 761 1057
f 529 535 521
f 529 521 519
f 769 523 513
f 527 524 528
f 527 522 524
f 768 887 767
f 768 515 887
f 525 1052 762
f 525 762 761
f 529 519 520
f 530 764 497
f 309 765 308
f 530 514 311
f 530 497 514
f 532 528 306
f 532 306 543
f 533 523 769
f 533 769 773
f 534 779 769
f 534 769 764
f 534 764 530
f 531 548 310
f 777 535 529
f 777 529 520
f 536 777 520
f 536 520 309
f 537 521 535
f 539 313 314
f 539 314 526
f 534 530 770
f 540 539 541
f 542 540 541
f 540 313 539
f 545 532 543
f 551 532 545
f 551 544 532
f 896 536 309
f 547 308 546
f 547 546 974
f 547 896 309
f 547 309 308
f 552 770 312
f 552 534 770
f 552 312 554
f 552 550 534
f 553 538 537
f 555 313 540
f 556 774 538
f 556 538 553
f 557 312 783
f 557 554 312
f 558 550 552
f 558 552 554
f 559 785 560
f 561 550 558
f 563 561 558
f 789 315 317
f 564 573 318
f 564 318 783
f 569 789 562
f 565 313 555
f 565 261 313
f 565 555 566
f 565 567 261
f 565 316 567
f 569 315 789
f 570 560 1039
f 571 323 322
f 571 322 572
f 573 570 1039
f 573 1039 574
f 573 574 318
f 807 323 571
f 807 571 568
f 807 568 575
f 316 578 567
f 316 315 578
f 579 577 576
f 580 321 583
f 584 576 326
f 584 579 576
f 581 567 578
f 581 328 261
f 581 582 328
f 581 261 567
f 904 583 585
f 586 587 584
f 586 584 326
f 589 586 326
f 588 327 328
f 588 582 579
f 588 328 582
f 588 584 587
f 590 906 907
f 588 587 591
f 588 591 327
f 593 590 907
f 595 590 593
f 1020 593 594
f 1020 595 593
f 595 597 590
f 595 596 597
f 599 259 327
f 599 327 591
f 599 591 598
f 599 598 600
f 598 601 600
f 602 818 331
f 599 603 259
f 599 600 603
f 604 602 331
f 604 605 606
f 604 331 605
f 607 600 601
f 607 603 600
f 608 259 603
f 608 260 259
f 608 1008 609
f 608 603 1008
f 609 1103 260
f 609 260 608
f 819 332 179
f 819 179 175
f 265 819 175
f 610 821 334
f 610 332 820
f 610 335 336
f 611 337 335
f 612 191 263
f 612 263 614
f 613 263 186
f 613 340 263
f 613 186 262
f 613 262 821
f 821 336 338
f 618 265 264
f 618 611 265
f 615 613 821
f 615 821 338
f 615 342 613
f 618 264 829
f 617 198 339
f 617 832 341
f 617 341 198
f 619 620 340
f 619 340 613
f 624 205 823
f 621 339 614
f 621 614 340
f 621 340 620
f 619 613 342
f 622 824 616
f 622 616 623
f 342 266 267
f 342 267 619
f 342 615 266
f 623 618 829
f 623 829 346
f 208 348 211
f 625 620 619
f 908 629 346
f 908 343 629
f 355 621 620
f 620 352 355
f 620 625 352
f 625 619 268
f 631 629 343
f 347 346 629
f 629 361 347
f 629 638 361
f 629 360 638
f 629 631 360
f 631 343 345
f 631 345 360
f 215 635 219
f 363 364 356
f 363 356 270
f 359 349 353
f 635 359 639
f 358 276 357
f 358 351 362
f 637 367 363
f 636 639 359
f 637 361 638
f 638 649 637
f 638 360 365
f 639 640 370
f 639 370 635
f 374 649 638
f 374 638 365
f 641 634 273
f 641 273 372
f 641 372 379
f 374 365 371
f 643 637 649
f 643 367 637
f 643 373 367
f 375 274 272
f 375 272 271
f 369 375 370
f 369 656 375
f 369 370 640
f 651 358 362
f 377 381 388
f 377 228 368
f 377 368 381
f 377 232 228
f 654 651 362
f 643 649 650
f 647 376 844
f 647 389 376
f 845 371 366
f 845 385 371
f 646 257 279
f 646 344 257
f 646 845 344
f 646 279 282
f 648 640 645
f 648 655 640
f 369 640 655
f 649 374 278
f 654 362 373
f 648 644 383
f 648 645 644
f 280 237 232
f 280 392 237
f 387 277 382
f 387 384 277
f 652 379 378
f 652 378 662
f 274 375 656
f 274 653 275
f 653 397 381
f 654 390 660
f 654 660 651
f 654 373 390
f 288 653 274
f 288 274 656
f 655 648 383
f 655 383 281
f 655 281 369
f 288 400 653
f 656 284 288
f 656 285 284
f 656 369 283
f 656 283 285
f 657 658 389
f 657 652 662
f 657 389 652
f 382 660 292
f 382 651 660
f 660 390 395
f 657 662 410
f 657 410 658
f 395 292 660
f 662 412 410
f 395 289 292
f 663 283 281
f 663 281 407
f 846 389 658
f 411 674 395
f 664 393 661
f 665 282 403
f 665 419 414
f 665 414 282
f 666 413 392
f 666 392 409
f 420 403 437
f 420 665 403
f 667 664 846
f 667 668 664
f 666 409 408
f 666 425 413
f 670 252 671
f 675 672 405
f 673 414 419
f 672 412 405
f 420 427 665
f 674 854 289
f 431 432 668
f 431 668 667
f 678 676 673
f 675 429 672
f 675 292 428
f 404 676 430
f 677 412 672
f 677 410 412
f 677 415 410
f 847 410 415
f 679 406 284
f 679 284 285
f 683 663 417
f 683 435 285
f 847 687 667
f 679 285 435
f 680 670 671
f 678 673 419
f 678 419 681
f 682 287 669
f 682 912 287
f 682 669 425
f 684 417 668
f 684 668 432
f 684 432 445
f 440 422 423
f 439 419 665
f 439 681 419
f 439 665 427
f 417 684 683
f 853 671 686
f 853 680 671
f 682 436 295
f 682 425 436
f 687 847 415
f 687 415 914
f 679 424 406
f 688 685 426
f 862 431 687
f 859 862 687
f 689 442 435
f 689 869 442
f 689 683 438
f 689 435 683
f 690 428 290
f 690 290 854
f 441 443 422
f 441 451 443
f 441 422 440
f 691 256 685
f 691 448 256
f 691 685 688
f 693 429 695
f 862 432 431
f 862 916 432
f 694 681 439
f 915 692 693
f 866 428 690
f 693 695 915
f 915 452 457
f 696 858 688
f 424 679 442
f 689 438 453
f 699 448 691
f 695 873 915
f 871 441 424
f 699 691 858
f 446 463 295
f 446 449 711
f 446 711 463
f 698 442 869
f 694 460 856
f 694 455 460
f 699 700 450
f 699 450 448
f 701 699 858
f 701 700 699
f 701 858 696
f 701 696 697
f 702 298 250
f 702 723 298
f 703 444 445
f 704 457 456
f 705 461 464
f 705 460 461
f 462 698 869
f 704 459 706
f 707 706 459
f 707 703 706
f 703 708 444
f 703 726 708
f 703 707 726
f 698 462 730
f 704 467 459
f 708 453 444
f 708 466 453
f 716 700 701
f 723 299 298
f 711 712 474
f 711 474 463
f 711 449 712
f 724 450 700
f 724 723 450
f 724 700 716
f 731 698 730
f 714 712 451
f 714 451 715
f 714 470 712
f 731 472 715
f 717 716 701
f 718 724 716
f 466 719 462
f 714 715 472
f 713 709 720
f 478 713 720
f 724 725 299
f 724 299 723
f 726 466 708
f 720 867 297
f 726 301 483
f 726 483 466
f 919 717 727
f 728 739 722
f 297 481 480
f 297 480 720
f 297 296 481
f 498 468 729
f 498 302 468
f 730 462 719
f 727 722 739
f 737 498 729
f 732 471 1072
f 732 1072 1068
f 919 727 493
f 733 743 300
f 733 249 299
f 731 734 472
f 731 730 734
f 502 733 299
f 502 299 725
f 502 503 733
f 741 730 719
f 741 734 730
f 735 732 1068
f 884 737 729
f 478 480 489
f 478 489 749
f 736 728 479
f 500 919 493
f 727 739 493
f 920 732 735
f 920 735 744
f 738 239 486
f 739 728 736
f 501 736 479
f 501 753 736
f 502 725 748
f 740 741 719
f 886 883 510
f 742 739 736
f 742 493 739
f 742 507 493
f 742 736 753
f 504 490 497
f 504 488 482
f 504 482 490
f 743 733 503
f 491 472 734
f 744 745 920
f 484 483 505
f 484 506 746
f 484 505 506
f 516 743 503
f 516 492 743
f 745 744 747
f 749 750 501
f 751 752 509
f 751 747 752
f 751 745 747
f 755 498 737
f 511 738 486
f 753 501 750
f 748 304 502
f 748 500 512
f 748 512 304
f 756 742 753
f 757 756 753
f 757 753 750
f 503 502 305
f 513 489 488
f 758 749 489
f 758 750 749
f 758 489 513
f 758 513 523
f 517 496 491
f 517 763 496
f 759 887 515
f 759 515 517
f 755 737 760
f 755 765 508
f 519 506 505
f 756 507 742
f 761 760 754
f 761 754 886
f 762 755 760
f 762 760 761
f 762 307 755
f 763 531 310
f 763 517 531
f 764 769 513
f 764 513 504
f 764 504 497
f 505 508 765
f 505 765 309
f 505 309 520
f 765 307 977
f 765 755 307
f 770 530 311
f 774 515 768
f 774 531 515
f 767 537 538
f 767 521 537
f 767 538 768
f 928 771 766
f 776 306 305
f 776 305 303
f 544 527 528
f 544 541 527
f 772 522 527
f 772 527 541
f 772 541 539
f 772 539 526
f 772 526 522
f 775 776 303
f 776 543 306
f 774 548 531
f 544 528 532
f 544 542 541
f 924 766 533
f 776 545 543
f 774 768 538
f 773 549 924
f 773 769 779
f 778 766 924
f 778 928 766
f 779 549 773
f 779 534 550
f 779 791 549
f 779 550 791
f 559 553 537
f 559 537 535
f 781 536 896
f 781 535 777
f 781 777 536
f 783 310 548
f 783 312 311
f 783 311 310
f 542 555 540
f 542 544 551
f 787 545 780
f 787 551 545
f 895 562 780
f 559 535 781
f 784 924 549
f 786 542 551
f 790 924 784
f 781 785 559
f 787 317 786
f 787 786 551
f 786 555 542
f 786 566 555
f 548 564 783
f 548 556 564
f 548 774 556
f 789 787 780
f 789 780 562
f 789 317 787
f 790 784 788
f 788 568 790
f 791 550 561
f 795 895 792
f 556 573 564
f 794 784 549
f 794 549 791
f 570 573 556
f 570 556 553
f 788 784 794
f 793 554 557
f 793 558 554
f 566 317 316
f 566 786 317
f 566 316 565
f 553 560 570
f 553 559 560
f 795 562 895
f 795 569 562
f 795 796 569
f 797 788 794
f 797 568 788
f 783 320 557
f 783 319 320
f 901 561 563
f 901 794 561
f 797 794 901
f 797 901 802
f 799 315 569
f 799 569 796
f 804 793 557
f 800 797 802
f 804 557 320
f 577 799 796
f 799 577 579
f 799 579 578
f 799 578 315
f 798 576 577
f 902 563 803
f 798 322 324
f 798 324 576
f 804 580 803
f 803 801 804
f 804 321 580
f 804 320 321
f 805 323 807
f 805 325 323
f 806 575 800
f 805 810 325
f 807 575 806
f 578 582 581
f 578 579 582
f 812 808 902
f 809 808 812
f 817 324 325
f 817 326 324
f 817 589 326
f 817 325 810
f 584 588 579
f 809 907 906
f 810 805 811
f 592 817 810
f 592 810 811
f 905 592 811
f 814 585 815
f 814 813 904
f 814 904 585
f 814 812 813
f 816 587 586
f 816 586 589
f 814 594 593
f 814 815 594
f 814 593 907
f 905 906 590
f 816 591 587
f 816 598 591
f 818 589 817
f 597 592 905
f 816 589 818
f 597 905 590
f 330 817 592
f 330 818 817
f 330 331 818
f 816 601 598
f 816 818 602
f 816 602 601
f 601 602 604
f 601 604 606
f 819 820 332
f 819 265 820
f 820 265 611
f 820 335 610
f 820 611 335
f 821 610 336
f 822 825 616
f 822 611 618
f 822 618 825
f 822 616 337
f 822 337 611
f 823 341 828
f 824 615 338
f 824 338 616
f 825 623 616
f 825 618 623
f 827 208 205
f 827 205 624
f 826 624 823
f 826 823 828
f 830 617 339
f 833 830 339
f 833 339 621
f 829 343 908
f 829 264 343
f 835 827 624
f 830 831 832
f 833 621 355
f 835 628 827
f 834 624 826
f 628 348 208
f 628 208 827
f 628 627 348
f 835 624 834
f 626 833 355
f 632 826 828
f 630 628 835
f 630 627 628
f 834 826 632
f 837 911 348
f 837 348 627
f 634 632 836
f 634 633 632
f 837 839 911
f 627 630 642
f 641 379 838
f 641 838 633
f 641 633 634
f 642 840 841
f 840 633 838
f 636 640 639
f 636 359 353
f 842 640 636
f 842 645 640
f 843 380 644
f 843 645 842
f 843 644 645
f 844 380 843
f 844 839 642
f 844 843 839
f 844 642 841
f 838 841 840
f 838 647 841
f 647 844 841
f 652 647 838
f 652 838 379
f 845 646 282
f 845 282 385
f 846 376 389
f 846 661 376
f 384 387 405
f 384 405 412
f 384 412 662
f 846 664 661
f 675 382 292
f 675 405 387
f 675 387 382
f 407 664 668
f 407 393 664
f 407 668 417
f 847 846 658
f 847 658 410
f 847 667 846
f 674 430 434
f 674 434 854
f 674 411 430
f 431 667 687
f 849 415 677
f 849 914 415
f 848 291 912
f 692 849 677
f 852 686 671
f 852 671 848
f 850 676 678
f 850 433 430
f 850 430 676
f 692 672 429
f 692 429 693
f 853 688 426
f 853 426 680
f 852 851 686
f 856 678 681
f 856 850 678
f 853 696 688
f 853 917 696
f 860 852 848
f 860 848 912
f 855 434 433
f 686 917 853
f 855 854 434
f 858 691 688
f 856 681 694
f 857 690 854
f 857 854 855
f 442 698 424
f 860 912 861
f 859 706 862
f 855 433 872
f 863 686 851
f 863 917 686
f 866 873 695
f 704 706 859
f 865 441 871
f 865 451 441
f 859 457 704
f 867 860 861
f 867 861 913
f 867 913 296
f 868 850 705
f 868 433 850
f 868 872 433
f 715 865 871
f 870 866 690
f 851 852 860
f 851 860 709
f 869 689 453
f 460 705 850
f 460 850 856
f 857 855 872
f 869 453 462
f 710 851 709
f 710 863 851
f 870 873 866
f 698 871 424
f 720 860 867
f 720 709 860
f 715 451 865
f 871 698 731
f 871 731 715
f 874 696 864
f 874 697 696
f 875 918 857
f 875 857 872
f 880 863 710
f 880 864 863
f 873 870 878
f 874 717 697
f 697 717 701
f 877 872 868
f 877 868 705
f 876 717 874
f 710 709 713
f 878 458 873
f 876 864 722
f 876 874 864
f 877 464 471
f 877 705 464
f 879 878 870
f 879 870 918
f 876 727 717
f 882 872 877
f 882 920 875
f 882 875 872
f 880 710 713
f 880 728 722
f 876 722 727
f 718 725 724
f 882 877 471
f 469 886 884
f 469 884 729
f 469 458 886
f 477 479 728
f 477 713 478
f 477 880 713
f 477 728 880
f 881 878 879
f 882 471 732
f 882 732 920
f 718 748 725
f 718 500 748
f 718 919 500
f 883 878 881
f 883 886 458
f 883 458 878
f 719 484 740
f 719 466 484
f 885 881 879
f 754 884 886
f 754 737 884
f 885 509 883
f 885 883 881
f 751 509 885
f 754 760 737
f 759 517 491
f 759 491 734
f 759 734 741
f 746 740 484
f 746 767 740
f 887 741 740
f 759 741 887
f 888 512 507
f 888 507 756
f 771 757 750
f 889 521 767
f 889 767 746
f 889 746 506
f 889 506 521
f 888 756 757
f 311 763 310
f 892 922 893
f 775 780 545
f 775 545 776
f 894 926 792
f 894 792 782
f 894 892 926
f 895 780 775
f 895 775 782
f 895 782 792
f 896 785 781
f 896 547 974
f 896 974 1045
f 896 1045 785
f 778 924 790
f 926 892 897
f 794 791 561
f 898 790 568
f 795 792 900
f 898 568 571
f 898 571 572
f 801 563 558
f 801 558 793
f 798 577 796
f 798 796 795
f 798 795 900
f 901 563 902
f 575 797 800
f 575 568 797
f 801 793 804
f 927 322 798
f 801 803 563
f 927 572 322
f 903 800 802
f 903 806 800
f 903 906 806
f 903 809 906
f 904 803 580
f 813 812 902
f 813 803 904
f 813 902 803
f 807 811 805
f 904 580 583
f 905 806 906
f 905 811 807
f 905 807 806
f 907 809 812
f 907 812 814
f 607 601 606
f 607 606 1010
f 607 1010 1008
f 607 1008 603
f 832 617 830
f 908 346 829
f 830 833 626
f 830 626 831
f 836 828 832
f 836 632 828
f 836 832 831
f 909 831 626
f 909 836 831
f 835 834 840
f 909 634 836
f 834 632 633
f 630 835 840
f 840 642 630
f 840 834 633
f 910 839 837
f 910 837 627
f 910 642 839
f 910 627 642
f 843 842 636
f 843 636 353
f 843 353 911
f 843 911 839
f 672 692 677
f 849 457 914
f 913 682 295
f 913 861 912
f 913 912 682
f 914 859 687
f 915 457 849
f 915 849 692
f 859 914 457
f 916 703 445
f 916 862 706
f 916 706 703
f 917 864 696
f 917 863 864
f 690 857 918
f 690 918 870
f 864 880 722
f 918 875 920
f 918 920 879
f 919 718 716
f 919 716 717
f 745 885 879
f 745 751 885
f 745 879 920
f 921 523 766
f 921 750 758
f 921 771 750
f 921 766 771
f 921 758 523
f 922 512 888
f 922 891 303
f 922 303 512
f 893 922 888
f 923 893 890
f 891 922 894
f 891 775 303
f 891 782 775
f 894 782 891
f 894 922 892
f 923 892 893
f 923 925 892
f 923 928 925
f 924 533 773
f 925 897 892
f 925 928 778
f 899 925 929
f 899 897 925
f 926 900 792
f 927 926 897
f 927 900 926
f 927 798 900
f 897 899 898
f 897 898 572
f 897 572 927
f 802 901 902
f 808 903 802
f 808 809 903
f 808 802 902
f 890 893 888
f 890 757 771
f 890 888 757
f 928 890 771
f 928 923 890
f 778 929 925
f 929 778 790
f 929 790 898
f 929 898 899
f 933 935 1004
f 1083 933 1004
f 936 935 933
f 1009 936 933
f 938 931 934
f 936 941 935
f 940 941 936
f 1086 940 936
f 605 1087 939
f 940 947 941
f 944 945 1087
f 947 940 946
f 948 1016 945
f 951 949 947
f 952 1089 950
f 955 949 1025
f 1025 956 955
f 956 957 955
f 585 958 954
f 1091 957 956
f 960 957 1091
f 962 960 1091
f 1034 962 1091
f 964 960 962
f 1036 964 962
f 965 960 964
f 560 963 1039
f 966 965 964
f 1095 966 964
f 967 965 966
f 971 968 785
f 970 967 966
f 1042 970 966
f 975 967 970
f 976 975 970
f 1042 976 970
f 1096 1043 973
f 980 1050 1096
f 1052 980 977
f 981 1097 980
f 982 978 976
f 979 982 976
f 982 986 978
f 986 982 984
f 989 1061 1098
f 1063 985 986
f 988 987 985
f 1064 988 985
f 991 987 988
f 991 992 987
f 995 992 991
f 1073 995 991
f 1077 1071 993
f 1074 994 995
f 996 995 994
f 997 1071 1077
f 1080 1076 997
f 1002 1078 1080
f 1003 1000 1001
f 1774 1082 258
f 1004 1830 1005
f 1004 930 1830
f 1004 1831 930
f 1005 1830 1832
f 1005 1832 931
f 1083 1004 1005
f 932 1103 934
f 932 934 931
f 1084 933 1083
f 1084 1009 933
f 1008 938 934
f 1009 1084 1011
f 1010 938 1008
f 1011 1084 937
f 937 1085 1011
f 937 938 1085
f 1007 935 941
f 1012 1007 941
f 1009 1086 936
f 606 1085 938
f 606 938 1010
f 1013 1009 1011
f 1015 1012 941
f 1086 942 940
f 1015 941 947
f 1013 939 1087
f 942 1086 1013
f 942 943 940
f 943 946 940
f 944 1014 329
f 1019 1015 947
f 944 329 596
f 1016 1088 943
f 1019 947 949
f 1018 1016 950
f 951 947 946
f 1088 951 946
f 951 1088 1017
f 1018 950 1089
f 1017 1018 1089
f 1023 1019 949
f 1021 949 951
f 1090 1021 951
f 1022 1017 1089
f 1023 949 955
f 815 952 594
f 1022 1089 953
f 1022 953 954
f 1021 1025 949
f 1026 1025 1021
f 1023 1024 1019
f 1027 1022 954
f 1027 1026 1022
f 1023 1028 1024
f 1023 955 957
f 1028 1023 957
f 1027 954 958
f 1025 1026 1029
f 1027 958 959
f 1029 956 1025
f 1029 1027 959
f 1032 957 960
f 1032 1028 957
f 1031 1091 956
f 583 958 585
f 1030 1029 959
f 1030 959 961
f 1030 1031 1029
f 1030 961 1092
f 319 961 583
f 319 583 321
f 1033 1031 1030
f 1093 962 1034
f 1036 962 1093
f 1032 1040 1024
f 1036 1093 1094
f 1035 1093 1092
f 1092 963 1035
f 1032 960 965
f 574 1039 963
f 1038 1036 1094
f 1037 1035 963
f 1038 964 1036
f 1040 1032 965
f 1037 963 968
f 1040 965 967
f 1095 969 966
f 972 1095 1037
f 560 785 968
f 972 968 971
f 1041 1095 972
f 975 1040 967
f 1045 971 785
f 1045 973 971
f 974 973 1045
f 1048 1042 1044
f 546 1096 974
f 1050 1047 1048
f 978 975 976
f 978 1046 975
f 1049 979 976
f 1047 979 1049
f 1051 1047 1050
f 978 1056 1046
f 1056 978 986
f 1055 982 979
f 1053 1097 981
f 1053 1051 1097
f 1054 1055 979
f 1053 981 983
f 1058 1053 983
f 1055 984 982
f 984 1055 1054
f 1060 1056 986
f 1060 986 985
f 1058 983 1098
f 1058 984 1054
f 1058 1098 1061
f 1058 1061 984
f 984 1063 986
f 1062 1063 984
f 1061 989 1062
f 1060 985 987
f 1064 1062 989
f 1065 1064 989
f 744 989 747
f 1065 989 990
f 992 1069 1060
f 988 1064 1066
f 1065 990 1066
f 735 990 744
f 1066 1099 993
f 1067 1073 991
f 1069 992 995
f 1072 1099 1068
f 1073 1074 995
f 1100 1099 1072
f 1074 1073 1070
f 1069 995 996
f 1077 1100 465
f 1075 1069 996
f 994 1074 1101
f 1077 465 454
f 1076 1071 997
f 1075 998 1833
f 1080 454 294
f 1079 1000 1081
f 1079 1081 996
f 1079 1001 1000
f 1081 1000 999
f 1102 1080 294
f 1003 1001 1078
f 1003 1078 1002
f 1003 1002 1774
f 1082 1002 1102
f 1774 1773 1003
f 1831 935 1007
f 1831 1004 935
f 1083 1005 931
f 1083 931 937
f 937 931 938
f 1083 937 1084
f 1011 1085 939
f 1009 1013 1086
f 1011 939 1013
f 1085 606 605
f 1085 605 939
f 945 1013 1087
f 945 942 1013
f 1087 1014 944
f 1087 605 1014
f 943 942 1016
f 945 1016 942
f 943 1088 946
f 596 945 944
f 596 948 945
f 1016 1018 1088
f 1088 1018 1017
f 948 596 595
f 948 1020 950
f 948 595 1020
f 1020 952 950
f 1020 594 952
f 1090 951 1017
f 1090 1017 1022
f 1089 952 953
f 1090 1022 1026
f 1090 1026 1021
f 952 815 953
f 953 815 585
f 953 585 954
f 1026 1027 1029
f 1029 1031 956
f 1091 1031 1034
f 958 583 961
f 958 961 959
f 1033 1034 1031
f 1092 1033 1030
f 961 319 574
f 1093 1034 1033
f 1093 1033 1092
f 961 574 1092
f 1094 1093 1035
f 574 963 1092
f 1094 1035 1037
f 1094 1037 1038
f 1095 964 1038
f 1037 1095 1038
f 560 968 963
f 968 972 1037
f 1095 1041 969
f 969 1042 966
f 972 971 973
f 972 973 1043
f 972 1043 1041
f 1044 1041 1043
f 1044 969 1041
f 1044 1042 969
f 1096 1044 1043
f 974 1096 973
f 1048 1044 1050
f 1042 1048 1049
f 1042 1049 976
f 1096 1050 1044
f 1047 1049 1048
f 977 980 1096
f 977 1096 546
f 1097 1050 980
f 1047 1051 979
f 1097 1051 1050
f 981 980 1052
f 1054 979 1051
f 1054 1051 1053
f 981 1052 525
f 1054 1053 1058
f 1057 983 981
f 1057 981 525
f 1059 1098 983
f 1059 983 1057
f 1062 984 1061
f 1098 1059 752
f 747 989 1098
f 747 1098 752
f 1063 1064 985
f 1064 1063 1062
f 1064 1065 1066
f 987 992 1060
f 744 990 989
f 991 988 1067
f 990 735 1068
f 1066 1067 988
f 1099 990 1068
f 993 1067 1066
f 1070 1073 1067
f 1070 1067 1071
f 993 1071 1067
f 1100 993 1099
f 1100 1077 993
f 1101 1074 1070
f 1101 1070 1071
f 1101 1071 1076
f 1079 996 994
f 1101 1079 994
f 997 1077 454
f 1001 1079 1101
f 1001 1101 1076
f 1001 1076 1078
f 1080 997 454
f 996 1081 998
f 996 998 1075
f 1076 1080 1078
f 1102 1002 1080
f 1002 1082 1774
f 1007 1006 1831
f 1103 609 1008
f 1103 1008 934
f 948 950 1016
f 1099 1066 990
f 1104 1847 1105
f 1106 1105 1855
f 1833 1837 1104
f 1868 1105 1106
f 1075 1833 1104
f 1107 1104 1105
f 1107 1868 1872
f 1107 1872 1878
f 1107 1105 1868
f 1069 1075 1104
f 1069 1104 1107
f 1107 1878 1884
f 1056 1060 1069
f 1040 975 1046
f 1024 1040 1046
f 1012 1896 1006
f 1012 1006 1007
f 1028 1032 1024
f 1024 1046 1056
f 1024 1056 1069
f 1015 1896 1012
f 1015 1892 1896
f 1015 1069 1107
f 1015 1024 1069
f 1015 1107 1892
f 1019 1024 1015
f 1108 1109 230
f 1110 175 1111
f 1114 1116 216
f 1114 216 1112
f 1114 1112 1469
f 1113 214 1116
f 1115 214 1113
f 1201 1115 1113
f 1204 1117 1121
f 1204 1121 1118
f 1123 1118 1121
f 1234 184 185
f 1228 185 1494
f 1124 184 1234
f 1228 1234 185
f 1125 180 1124
f 1131 1126 1217
f 1513 1127 1125
f 1128 260 1129
f 1128 230 260
f 1128 1108 230
f 1511 1131 1218
f 1130 1127 1513
f 1136 1134 1133
f 1136 1133 1273
f 1136 1510 1134
f 1524 1242 1135
f 1266 1128 1129
f 1266 1524 1135
f 1266 1135 1128
f 1265 1138 1139
f 1141 1522 1539
f 1141 1249 1140
f 1141 1539 1144
f 1143 1242 1524
f 1143 1142 1242
f 1146 161 1257
f 1543 161 1146
f 1148 1258 1533
f 1149 157 161
f 1149 161 1543
f 1148 1702 1147
f 1150 1148 1147
f 1152 1279 1301
f 1151 1279 1152
f 1151 1152 1154
f 1153 1151 1154
f 1563 1153 1154
f 1157 1156 1155
f 1157 1155 1159
f 1160 1159 1161
f 1160 1157 1159
f 1160 1158 1157
f 1162 159 156
f 1163 159 1162
f 1164 163 159
f 1164 159 1163
f 1324 1318 1323
f 1166 1318 1324
f 1166 1165 1318
f 1367 1165 1166
f 1372 1167 1628
f 1360 1372 1628
f 1360 1628 1168
f 1169 1360 1168
f 1170 1618 1880
f 1170 1880 1809
f 1171 1620 1809
f 1171 1809 1404
f 1174 1175 1173
f 1176 1624 1175
f 1177 1400 1624
f 1177 1624 1176
f 1178 1179 1642
f 1179 1178 1796
f 1180 1179 1864
f 1181 1864 1861
f 1181 1180 1864
f 1184 1182 1183
f 1184 1185 1182
f 1187 1188 258
f 1187 258 175
f 1187 175 1110
f 1190 1191 1451
f 1190 1455 1189
f 1190 1451 1455
f 1192 1190 1845
f 1192 1191 1190
f 1193 223 226
f 1194 1112 216
f 1194 223 1195
f 1195 1196 1197
f 1468 1196 1467
f 1200 210 1198
f 1473 1197 1196
f 1473 1196 1468
f 209 210 1199
f 1202 209 1199
f 1472 1117 1204
f 1686 1684 1202
f 1205 1121 1117
f 1205 1479 1203
f 1205 1117 1479
f 1205 1203 1483
f 1485 1483 1206
f 1485 1206 1108
f 1485 1108 1207
f 1489 1121 1205
f 1208 194 196
f 1209 193 194
f 1757 194 1208
f 1757 1209 194
f 1210 1119 1120
f 1210 1482 1119
f 1210 1211 1482
f 1212 1209 1757
f 1218 1211 1210
f 1215 1214 1213
f 1215 1213 1207
f 1216 1486 1211
f 1216 1756 1486
f 1120 1118 1123
f 1120 1119 1118
f 1217 1211 1218
f 1217 1216 1211
f 1219 1209 1496
f 1219 190 193
f 1219 193 1209
f 1219 1494 190
f 1217 1126 1216
f 1220 1108 1128
f 1220 1215 1207
f 1220 1207 1108
f 1221 1126 1229
f 1221 1756 1216
f 1221 1216 1126
f 1222 1121 1122
f 1222 1123 1121
f 1493 1756 1221
f 1230 1210 1120
f 1230 1120 1225
f 1223 1220 1128
f 1224 1214 1215
f 1227 177 180
f 1227 180 1125
f 1227 1125 1127
f 1229 1126 1131
f 1229 1131 1132
f 1233 1227 1127
f 1230 1225 1231
f 1233 1127 1130
f 1238 1229 1132
f 1241 1696 1236
f 1233 1138 1237
f 1238 1239 1229
f 1240 1137 1235
f 1245 1238 1132
f 1243 1131 1511
f 1245 1521 1238
f 1130 1139 1138
f 1130 1138 1233
f 1243 1132 1131
f 1251 1133 1134
f 1244 1505 1241
f 1262 1247 1246
f 1262 1510 1136
f 1250 1507 1512
f 1251 1142 1133
f 1251 1242 1142
f 1240 1237 1138
f 1252 1231 1246
f 1252 1246 1247
f 1253 1244 1241
f 1253 1520 1256
f 1253 1241 1236
f 1253 1236 1520
f 1254 167 169
f 1256 1244 1253
f 1259 1137 1240
f 1259 1255 1137
f 1259 1240 1138
f 1257 167 1254
f 1268 1140 1244
f 1268 1244 1256
f 1263 1247 1262
f 1258 1252 1247
f 1259 1265 1260
f 1259 1138 1265
f 1271 1247 1263
f 1271 1258 1247
f 1254 1529 1146
f 1254 1146 1257
f 1262 1136 1273
f 1255 169 1137
f 1264 1265 1139
f 1269 1255 1259
f 1269 1259 1260
f 1274 1529 1254
f 1274 1254 1255
f 1264 1261 1145
f 1273 1263 1262
f 1276 1522 1268
f 1278 1133 1142
f 1278 1273 1133
f 1529 1274 1294
f 1260 1291 1269
f 1535 1265 1264
f 1279 1129 1301
f 1260 1280 1291
f 1296 1265 1535
f 1296 1260 1265
f 1284 1150 1147
f 1283 1269 1291
f 1283 1530 1269
f 1283 1294 1530
f 1284 1285 1534
f 1294 1283 1291
f 1288 1289 1263
f 1292 1149 1543
f 1285 1710 1558
f 1285 1284 1710
f 1298 1282 1290
f 1301 1129 260
f 1540 1293 1539
f 1153 1295 1526
f 1153 1279 1151
f 1153 1526 1279
f 1304 1294 1291
f 1296 1535 1297
f 1299 1291 1280
f 1299 1304 1291
f 1302 1293 1540
f 1302 1300 1293
f 1301 1911 1152
f 1301 260 1911
f 1304 1303 1294
f 1762 1302 1287
f 1299 1310 1580
f 1304 1299 1580
f 1304 1580 1578
f 1306 1309 1305
f 1308 1312 1321
f 1308 1293 1300
f 1308 1300 1312
f 1317 1761 1718
f 1317 1311 1761
f 1313 1314 1563
f 1313 1563 1154
f 1316 1315 1311
f 1325 1311 1317
f 1325 1316 1311
f 1319 1320 1314
f 1314 1313 1902
f 1585 1325 1317
f 1326 1155 1156
f 1326 1156 1578
f 1319 1930 1901
f 1321 1312 1322
f 1323 1568 1316
f 1165 1587 1571
f 1326 1580 1327
f 1328 1319 1901
f 1902 1930 1319
f 1902 1319 1314
f 1165 1571 1318
f 1329 1336 1342
f 1330 1326 1327
f 1335 1576 1588
f 1590 1324 1323
f 1590 1323 1316
f 1590 1316 1325
f 1330 1327 1331
f 1332 1720 1576
f 1333 1163 1162
f 1581 1329 1342
f 1334 1332 1576
f 1334 1576 1335
f 1340 168 163
f 1340 163 1164
f 1337 1335 1588
f 1350 1331 1327
f 1350 1581 1342
f 1350 1327 1581
f 1337 1159 1343
f 1322 1338 1339
f 1340 1164 1602
f 1340 1341 168
f 1338 1165 1367
f 1159 1330 1331
f 1609 1342 1336
f 1345 1340 1602
f 1363 1338 1367
f 1358 1159 1331
f 1371 170 1597
f 1340 1345 1348
f 1340 1348 1341
f 1356 175 172
f 1356 172 170
f 1356 170 1371
f 1349 1337 1343
f 1349 1344 1337
f 1350 1342 1609
f 1350 1351 1352
f 1350 1609 1351
f 1353 1159 1358
f 1611 1166 1355
f 1357 1347 1346
f 1345 1381 1348
f 1360 1361 1359
f 1358 1331 1350
f 1358 1350 1352
f 1365 1357 1346
f 1367 1166 1611
f 1370 1732 1608
f 1370 1608 1368
f 1356 1111 175
f 1371 1341 1348
f 1369 1372 1357
f 1369 1357 1365
f 1369 1167 1372
f 1392 1358 1352
f 1392 1352 1739
f 1615 1373 1619
f 1374 1169 1390
f 1614 1615 1619
f 1612 1362 1382
f 1612 1349 1362
f 1371 1111 1356
f 1617 1735 1370
f 1375 1352 1351
f 1375 1739 1352
f 1376 1111 1371
f 1376 1348 1381
f 1376 1371 1348
f 1389 1375 1351
f 1625 1736 1598
f 1377 1378 1364
f 1377 1363 1379
f 1375 1389 1739
f 1380 1358 1392
f 1380 1353 1358
f 1385 1381 1345
f 1385 1345 1374
f 1382 1383 1612
f 1885 1370 1368
f 1384 1612 1383
f 1384 1613 1612
f 1384 1383 1394
f 1885 1617 1370
f 1384 1394 1629
f 1385 1374 1390
f 1387 1617 1885
f 1391 1378 1377
f 1391 1395 1378
f 1623 1383 1382
f 1388 1381 1385
f 1388 1385 1390
f 1389 1619 1173
f 1389 1173 1175
f 1622 1373 1736
f 1622 1736 1625
f 1387 1880 1618
f 1387 1618 1617
f 1391 1377 1379
f 1393 1619 1373
f 1393 1173 1619
f 1393 1174 1173
f 1172 1620 1171
f 1390 1169 1407
f 1394 1383 1623
f 1394 1623 1630
f 1386 1635 1623
f 1393 1406 1174
f 1633 1391 1379
f 1633 1395 1391
f 1380 1624 1400
f 1396 1633 1379
f 1396 1379 1172
f 1398 1378 1395
f 1397 1110 1111
f 1397 1111 1376
f 1401 1636 1403
f 1402 1407 1169
f 1397 1401 1403
f 1397 1403 1110
f 1743 1396 1172
f 1405 1171 1404
f 1405 1404 1806
f 1405 1172 1171
f 1405 1743 1172
f 1409 1400 1177
f 1409 1635 1400
f 1410 1407 1402
f 1410 1636 1407
f 1653 1399 1398
f 1411 1631 1399
f 1411 1399 1653
f 1427 1641 1176
f 1427 1176 1642
f 1412 1635 1409
f 1414 1635 1412
f 1416 1414 1412
f 1646 1424 1417
f 1420 1745 1417
f 1419 1178 1642
f 1422 1646 1415
f 1420 1421 1418
f 1420 1424 1421
f 1420 1417 1424
f 1657 1646 1422
f 1657 1424 1646
f 1426 1183 1182
f 1426 1182 1428
f 1429 1649 1425
f 1429 1796 1178
f 1667 1426 1423
f 1667 1423 1430
f 1667 1183 1426
f 1433 1187 1110
f 1433 1110 1418
f 1433 1418 1421
f 1432 1431 1670
f 1435 1187 1433
f 1434 1861 1436
f 1434 1181 1861
f 1437 1185 1186
f 1437 1431 1185
f 1437 1670 1431
f 1438 1187 1435
f 1438 1435 1443
f 1439 1436 1440
f 1441 1442 1437
f 1441 1437 1186
f 1446 1441 1186
f 1444 1437 1442
f 1447 1755 1445
f 1450 1444 1442
f 1450 1448 1444
f 1450 1449 1448
f 1450 1442 1449
f 1452 1188 1187
f 1452 1187 1438
f 1452 1448 1188
f 1453 1447 1445
f 1454 1455 1447
f 1454 1189 1455
f 1454 1447 1453
f 1457 1188 1448
f 1457 1448 1449
f 1457 1449 1456
f 1457 1456 1458
f 1456 1459 1458
f 1460 1680 1192
f 1457 1458 1461
f 1457 1461 1188
f 1462 1460 1192
f 1462 1842 1460
f 1462 1192 1845
f 1463 1461 1458
f 1463 1458 1459
f 1464 258 1188
f 1464 1188 1461
f 1464 1461 1841
f 1838 258 1464
f 1465 230 1109
f 1465 226 230
f 1195 223 1466
f 1195 1112 1194
f 1466 1467 1196
f 1467 1466 1109
f 1467 1109 1468
f 1198 214 1115
f 1198 1471 1200
f 1198 1115 1471
f 1470 1201 1113
f 1470 1116 1114
f 1470 1114 1469
f 1470 1113 1116
f 1471 1115 1201
f 1472 1470 1469
f 1472 1469 1197
f 1472 1204 1470
f 1474 1475 1200
f 1474 1200 1471
f 1199 1200 1475
f 1199 1686 1202
f 1199 1475 1686
f 1199 210 1200
f 1476 1108 1206
f 1476 1109 1108
f 1476 1468 1109
f 1476 1203 1468
f 1480 203 1681
f 1477 1471 1201
f 1477 1474 1471
f 1203 1473 1468
f 1478 1470 1204
f 1478 1201 1470
f 1478 1204 1119
f 1478 1477 1201
f 1479 1473 1203
f 1479 1117 1473
f 1204 1118 1119
f 1206 1483 1203
f 1206 1203 1476
f 199 1208 196
f 1481 1477 1478
f 1482 1481 1478
f 1482 1478 1119
f 1483 1489 1205
f 1483 1213 1489
f 1483 1485 1213
f 1486 1484 1481
f 1481 1211 1486
f 1481 1482 1211
f 1485 1207 1213
f 1489 1122 1121
f 1122 1213 1214
f 1122 1489 1213
f 190 1494 185
f 1122 1214 1222
f 1226 1225 1120
f 1226 1120 1123
f 1496 1209 1212
f 1500 1219 1496
f 1494 1219 1500
f 1497 1215 1220
f 1497 1224 1215
f 1218 1131 1217
f 1218 1210 1230
f 1495 1123 1222
f 1495 1226 1123
f 1498 1500 1496
f 1497 1223 1499
f 1497 1220 1223
f 1497 1499 1224
f 1500 1228 1494
f 1500 1501 1228
f 1502 1493 1221
f 1502 1221 1229
f 1502 1229 1239
f 1232 1222 1214
f 1232 1495 1222
f 1232 1214 1224
f 1509 1499 1223
f 1509 1242 1499
f 1226 1231 1225
f 1234 1513 1125
f 1234 1125 1124
f 1504 1224 1499
f 1504 1242 1251
f 1504 1232 1224
f 1504 1251 1134
f 1504 1134 1232
f 1504 1499 1242
f 1249 1516 1234
f 1249 1228 1501
f 1249 1234 1228
f 1511 1218 1230
f 1514 1511 1230
f 1226 1246 1231
f 1226 1495 1246
f 1237 173 177
f 1237 177 1227
f 1237 1227 1233
f 1237 1235 173
f 1237 1240 1235
f 1507 1236 1696
f 1507 1250 1236
f 1510 1232 1134
f 1510 1495 1232
f 1510 1246 1495
f 1508 1501 1506
f 1508 1515 1501
f 1509 1135 1242
f 1249 1501 1515
f 1510 1262 1246
f 1514 1230 1231
f 1508 1505 1244
f 1508 1506 1505
f 1137 169 1235
f 1248 1132 1243
f 1248 1245 1132
f 1512 1238 1521
f 1512 1239 1238
f 1513 1139 1130
f 1513 1234 1516
f 1514 1252 1519
f 1514 1519 1511
f 1514 1231 1252
f 1515 1508 1244
f 1515 1244 1140
f 1515 1140 1249
f 1513 1264 1139
f 1513 1261 1264
f 1513 1516 1261
f 169 1255 1254
f 1516 1145 1261
f 1516 1249 1141
f 1516 1141 1144
f 1516 1144 1145
f 1517 1518 1250
f 1517 1250 1512
f 1517 1512 1521
f 1243 1511 1519
f 1243 1519 1150
f 1519 1252 1258
f 1517 1521 1270
f 1517 1270 1518
f 1258 1150 1519
f 1521 1272 1270
f 1258 1148 1150
f 1522 1140 1268
f 1522 1141 1140
f 1697 1250 1518
f 1271 1533 1258
f 1523 1256 1520
f 1524 1277 1143
f 1524 1526 1277
f 1524 1266 1526
f 1530 1255 1269
f 1530 1274 1255
f 1525 1142 1143
f 1525 1278 1142
f 1279 1266 1129
f 1279 1526 1266
f 1527 1528 1523
f 1527 1523 1697
f 1530 1294 1274
f 1531 157 1149
f 1531 1281 154
f 1534 1532 1267
f 1525 1143 1277
f 1532 1272 1267
f 1533 1702 1148
f 1286 1528 1527
f 1286 1287 1528
f 1264 1145 1282
f 1264 1282 1535
f 1525 1536 1278
f 1534 1285 1532
f 1534 1150 1284
f 1273 1536 1263
f 1273 1278 1536
f 1537 1272 1532
f 1537 1270 1272
f 1537 1275 1270
f 1698 1270 1275
f 1282 1145 1144
f 1539 1290 1144
f 1539 1522 1276
f 1698 1544 1527
f 1282 1144 1290
f 1543 1146 1529
f 1538 1525 1277
f 1281 1531 1149
f 1536 1525 1538
f 1540 1276 1528
f 1540 1528 1287
f 1540 1287 1302
f 1281 1541 154
f 1296 1280 1260
f 1295 1277 1526
f 1295 1538 1277
f 1281 1149 1292
f 1276 1540 1539
f 1303 1529 1294
f 1303 1543 1529
f 1544 1698 1275
f 1544 1275 1760
f 1545 1535 1282
f 1545 1282 1298
f 1550 1562 1541
f 1550 1541 1281
f 1706 1545 1298
f 1708 1286 1544
f 1547 1546 1542
f 1707 1708 1544
f 1158 1548 1292
f 1158 1292 1543
f 1549 1712 1298
f 1549 1298 1290
f 1549 1290 1539
f 1549 1539 1293
f 1550 1292 1548
f 1550 1281 1292
f 1551 1284 1147
f 1551 1147 1702
f 1297 1299 1280
f 1297 1280 1296
f 1297 1310 1299
f 1553 1285 1558
f 1708 1287 1286
f 1708 1762 1287
f 1555 1538 1295
f 1761 1552 1553
f 1710 1284 1551
f 1553 1558 1761
f 1158 1307 1548
f 1761 1311 1315
f 1563 1295 1153
f 1554 1535 1545
f 1554 1545 1706
f 1549 1293 1308
f 1563 1555 1295
f 1157 1158 1543
f 1157 1543 1303
f 1157 1303 1156
f 1562 1550 1713
f 1709 1556 1557
f 1558 1718 1761
f 1715 1535 1554
f 1715 1297 1535
f 1304 1578 1156
f 1304 1156 1303
f 1559 1298 1712
f 1555 1314 1320
f 1555 1320 1561
f 1555 1563 1314
f 1564 156 1309
f 1564 1162 156
f 1572 1554 1559
f 1565 1548 1307
f 1574 1566 1560
f 1574 1557 1556
f 1574 1560 1557
f 1567 1300 1302
f 1568 1315 1316
f 1569 1320 1319
f 1573 1559 1712
f 1573 1572 1559
f 1568 1318 1570
f 1307 1158 1160
f 1571 1570 1318
f 1571 1567 1570
f 1567 1575 1300
f 1567 1587 1575
f 1567 1571 1587
f 1572 1573 1599
f 1306 1564 1309
f 1568 1323 1318
f 1575 1322 1312
f 1575 1312 1300
f 1576 1713 1565
f 1565 1588 1576
f 1565 1160 1588
f 1565 1307 1160
f 1577 1162 1564
f 1577 1564 1306
f 1578 1580 1326
f 1579 1306 1566
f 1577 1306 1579
f 1591 1572 1599
f 1581 1310 1582
f 1581 1580 1310
f 1581 1327 1580
f 1583 1566 1574
f 1591 1329 1582
f 1727 1579 1566
f 1727 1566 1583
f 1322 1584 1321
f 1581 1582 1329
f 1155 1330 1159
f 1155 1326 1330
f 1577 1333 1162
f 1336 1329 1591
f 1573 1321 1584
f 1579 1586 1333
f 1579 1333 1577
f 1587 1322 1575
f 1588 1160 1161
f 1721 1720 1332
f 1587 1338 1322
f 1587 1165 1338
f 1161 1159 1337
f 1161 1337 1588
f 1355 1324 1590
f 1355 1166 1324
f 1599 1573 1584
f 1596 1355 1590
f 1899 1328 1901
f 1583 1589 1347
f 1163 1602 1164
f 1591 1599 1734
f 1591 1734 1336
f 1333 1361 1163
f 1589 1346 1347
f 1733 1596 1590
f 1344 1334 1335
f 1344 1335 1337
f 1593 1334 1354
f 1593 1332 1334
f 1593 1354 1594
f 1727 1583 1347
f 1359 1361 1333
f 1359 1333 1586
f 1730 1592 1595
f 1730 1899 1592
f 1726 1593 1594
f 1605 1359 1586
f 1597 168 1341
f 1598 1599 1584
f 1735 1732 1370
f 1605 1347 1357
f 1605 1727 1347
f 1600 1726 1594
f 1600 1366 1365
f 1600 1594 1601
f 1600 1601 1366
f 1600 1365 1346
f 1343 1159 1353
f 1343 1362 1349
f 1343 1353 1362
f 1602 1163 1361
f 1605 1360 1359
f 1609 1336 1734
f 1603 1730 1595
f 1339 1363 1364
f 1339 1338 1363
f 1339 1364 1604
f 1374 1345 1602
f 1374 1602 1361
f 1606 1607 1354
f 1606 1334 1344
f 1606 1354 1334
f 1603 1368 1608
f 1603 1595 1889
f 1603 1889 1368
f 1611 1355 1596
f 1371 1597 1341
f 1594 1354 1607
f 1605 1357 1372
f 1605 1372 1360
f 1601 1594 1607
f 1361 1169 1374
f 1361 1360 1169
f 1612 1344 1349
f 1613 1607 1606
f 1613 1606 1344
f 1613 1344 1612
f 1614 1351 1609
f 1614 1609 1615
f 1614 1389 1351
f 1615 1736 1373
f 1611 1596 1616
f 1611 1620 1367
f 1377 1364 1363
f 1617 1616 1610
f 1617 1610 1735
f 1618 1616 1617
f 1618 1611 1616
f 1618 1170 1611
f 1619 1389 1614
f 1386 1623 1382
f 1386 1353 1380
f 1386 1382 1362
f 1386 1362 1353
f 1363 1367 1620
f 1363 1620 1172
f 1363 1172 1379
f 1620 1170 1809
f 1620 1611 1170
f 1624 1392 1739
f 1624 1380 1392
f 1621 1384 1629
f 1631 1373 1622
f 1631 1393 1373
f 1625 1399 1622
f 1625 1398 1399
f 1625 1378 1398
f 1627 1376 1381
f 1627 1381 1388
f 1627 1388 1401
f 1627 1397 1376
f 1627 1401 1397
f 1168 1402 1169
f 1631 1406 1393
f 1386 1380 1400
f 1629 1634 1621
f 1168 1628 1632
f 1768 1629 1394
f 1388 1390 1407
f 1388 1407 1636
f 1388 1636 1401
f 1631 1622 1399
f 1630 1408 1768
f 1630 1623 1635
f 1744 1629 1768
f 1634 1629 1744
f 1635 1386 1400
f 1635 1408 1630
f 1635 1648 1408
f 1413 1398 1395
f 1413 1653 1398
f 1639 1396 1743
f 1639 1395 1633
f 1639 1633 1396
f 1642 1176 1175
f 1642 1175 1174
f 1642 1174 1406
f 1637 1403 1636
f 1742 1415 1638
f 1641 1177 1176
f 1641 1412 1409
f 1641 1409 1177
f 1413 1395 1639
f 1643 1768 1408
f 1647 1768 1643
f 1639 1869 1413
f 1639 1644 1869
f 1410 1417 1745
f 1410 1402 1638
f 1637 1418 1110
f 1637 1110 1403
f 1406 1631 1411
f 1406 1411 1419
f 1406 1419 1642
f 1646 1638 1415
f 1646 1410 1638
f 1646 1417 1410
f 1647 1643 1645
f 1745 1420 1418
f 1745 1418 1637
f 1645 1423 1647
f 1648 1635 1414
f 1750 1742 1650
f 1649 1419 1411
f 1649 1411 1653
f 1652 1643 1408
f 1652 1408 1648
f 1645 1643 1652
f 1651 1412 1641
f 1651 1641 1427
f 1653 1413 1869
f 1653 1425 1649
f 1653 1869 1425
f 1750 1415 1742
f 1750 1422 1415
f 1750 1654 1422
f 1416 1412 1651
f 1655 1423 1645
f 1655 1645 1652
f 1642 1180 1427
f 1642 1179 1180
f 1751 1414 1416
f 1751 1652 1414
f 1751 1416 1656
f 1655 1751 1663
f 1655 1652 1751
f 1657 1422 1654
f 1658 1651 1427
f 1661 1655 1663
f 1181 1427 1180
f 1432 1654 1431
f 1432 1657 1654
f 1657 1432 1660
f 1657 1660 1424
f 1181 1658 1427
f 1659 1185 1431
f 1752 1656 1664
f 1659 1182 1185
f 1658 1434 1664
f 1658 1181 1434
f 1664 1662 1658
f 1421 1660 1435
f 1421 1424 1660
f 1665 1183 1667
f 1665 1184 1183
f 1421 1435 1433
f 1666 1430 1661
f 1665 1671 1184
f 1667 1430 1666
f 1660 1432 1670
f 1660 1443 1435
f 1660 1670 1443
f 1673 1668 1752
f 1669 1668 1673
f 1678 1185 1184
f 1678 1186 1185
f 1678 1446 1186
f 1678 1184 1671
f 1670 1444 1443
f 1670 1437 1444
f 1669 1445 1755
f 1671 1665 1672
f 1451 1671 1672
f 1451 1678 1671
f 1754 1451 1672
f 1674 1440 1675
f 1674 1675 1676
f 1674 1673 1439
f 1674 1439 1440
f 1677 1442 1441
f 1677 1441 1446
f 1674 1676 1453
f 1674 1453 1445
f 1754 1755 1447
f 1679 1443 1444
f 1679 1444 1448
f 1679 1452 1438
f 1679 1438 1443
f 1679 1448 1452
f 1677 1449 1442
f 1677 1456 1449
f 1680 1446 1678
f 1455 1451 1754
f 1677 1446 1680
f 1455 1754 1447
f 1191 1192 1680
f 1191 1678 1451
f 1191 1680 1678
f 1677 1459 1456
f 1677 1680 1460
f 1677 1460 1459
f 1459 1460 1842
f 1193 1466 223
f 1193 226 1465
f 1193 1465 1466
f 1466 1196 1195
f 1466 1465 1109
f 1112 1197 1469
f 1112 1195 1197
f 1473 1472 1197
f 1681 1202 1684
f 1681 209 1202
f 1472 1473 1117
f 1683 199 203
f 1683 203 1480
f 1682 1480 1681
f 1682 1681 1684
f 1685 1475 1474
f 1484 1474 1477
f 1484 1685 1474
f 1688 1683 1480
f 1685 1756 1686
f 1484 1477 1481
f 1688 1488 1683
f 1687 1480 1682
f 1488 1208 199
f 1488 199 1683
f 1488 1487 1208
f 1688 1480 1687
f 1491 1682 1684
f 1490 1488 1688
f 1490 1487 1488
f 1687 1682 1491
f 1689 1757 1208
f 1689 1208 1487
f 1493 1491 1684
f 1493 1492 1491
f 1689 1691 1757
f 1487 1490 1503
f 1502 1690 1492
f 1502 1492 1493
f 1502 1239 1690
f 1503 1692 1693
f 1692 1492 1690
f 1498 1501 1500
f 1498 1496 1212
f 1694 1506 1501
f 1694 1501 1498
f 1695 1241 1505
f 1695 1506 1694
f 1695 1505 1506
f 1696 1691 1503
f 1696 1241 1695
f 1696 1695 1691
f 1696 1503 1693
f 1690 1693 1692
f 1690 1507 1693
f 1135 1223 1128
f 1135 1509 1223
f 1507 1696 1693
f 1512 1507 1690
f 1512 1690 1239
f 1697 1520 1236
f 1697 1236 1250
f 1245 1248 1267
f 1245 1272 1521
f 1245 1267 1272
f 1697 1523 1520
f 1534 1248 1243
f 1534 1243 1150
f 1534 1267 1248
f 1268 1528 1276
f 1268 1523 1528
f 1268 1256 1523
f 1698 1697 1518
f 1698 1527 1697
f 1698 1518 1270
f 1533 1263 1289
f 1533 1271 1263
f 1533 1289 1702
f 1286 1527 1544
f 1699 1760 1275
f 1699 1275 1537
f 1552 1699 1537
f 1700 1263 1536
f 1700 1288 1263
f 1701 1542 154
f 1701 1547 1542
f 1552 1285 1553
f 1552 1532 1285
f 1561 1700 1536
f 1561 1536 1538
f 1703 1289 1288
f 1703 1702 1289
f 1704 152 1546
f 1704 1305 152
f 1561 1538 1555
f 1704 1547 1557
f 1704 1546 1547
f 1709 1557 1547
f 1705 1702 1703
f 1705 1551 1702
f 1706 1559 1554
f 1706 1298 1559
f 1704 1557 1560
f 1707 1570 1708
f 1713 1550 1548
f 1703 1288 1716
f 1710 1718 1558
f 1568 1570 1707
f 1707 1315 1568
f 1711 1288 1700
f 1711 1700 1569
f 1711 1716 1288
f 1582 1297 1715
f 1714 1710 1551
f 1712 1549 1308
f 1320 1569 1700
f 1320 1700 1561
f 1713 1720 1562
f 1713 1548 1565
f 1705 1703 1716
f 1712 1321 1573
f 1712 1308 1321
f 1714 1718 1710
f 1566 1704 1560
f 1566 1305 1704
f 1566 1306 1305
f 1572 1715 1554
f 1582 1310 1297
f 1717 1709 1562
f 1715 1591 1582
f 1715 1572 1591
f 1719 1763 1705
f 1719 1705 1716
f 1556 1709 1717
f 1717 1723 1556
f 1717 1562 1720
f 1718 1714 1724
f 1722 1711 1569
f 1722 1716 1711
f 1717 1720 1721
f 1720 1713 1576
f 1574 1556 1723
f 1724 1585 1317
f 1724 1317 1718
f 1722 1319 1328
f 1722 1569 1319
f 1723 1717 1721
f 1729 1714 1763
f 1729 1724 1714
f 1729 1725 1724
f 1574 1589 1583
f 1574 1723 1589
f 1728 1716 1722
f 1728 1763 1719
f 1728 1719 1716
f 1726 1723 1721
f 1726 1589 1723
f 1728 1722 1328
f 1727 1586 1579
f 1325 1733 1590
f 1325 1585 1735
f 1325 1735 1733
f 1585 1724 1725
f 1731 1725 1729
f 1728 1328 1899
f 1728 1899 1730
f 1721 1593 1726
f 1721 1332 1593
f 1727 1605 1586
f 1732 1735 1585
f 1732 1585 1725
f 1732 1725 1731
f 1589 1726 1600
f 1589 1600 1346
f 1584 1339 1598
f 1584 1322 1339
f 1610 1733 1735
f 1610 1596 1733
f 1731 1608 1732
f 1603 1608 1731
f 1610 1616 1596
f 1734 1615 1609
f 1604 1598 1339
f 1604 1625 1598
f 1736 1599 1598
f 1734 1599 1736
f 1734 1736 1615
f 1366 1369 1365
f 1626 1601 1607
f 1737 1625 1604
f 1737 1378 1625
f 1737 1604 1364
f 1737 1364 1378
f 1739 1389 1175
f 1739 1175 1624
f 1167 1632 1628
f 1632 1638 1402
f 1632 1402 1168
f 1740 1741 1770
f 1740 1770 1650
f 1740 1650 1640
f 1742 1638 1632
f 1742 1632 1640
f 1742 1640 1650
f 1743 1644 1639
f 1743 1405 1806
f 1743 1806 1875
f 1743 1875 1644
f 1744 1768 1647
f 1745 1636 1410
f 1745 1637 1636
f 1770 1741 1746
f 1652 1648 1414
f 1747 1647 1423
f 1750 1650 1749
f 1747 1423 1426
f 1747 1426 1428
f 1662 1416 1651
f 1662 1656 1416
f 1419 1429 1178
f 1419 1649 1429
f 1659 1431 1654
f 1659 1654 1750
f 1659 1750 1749
f 1751 1656 1752
f 1430 1655 1661
f 1430 1423 1655
f 1662 1651 1658
f 1771 1182 1659
f 1662 1664 1656
f 1771 1428 1182
f 1753 1661 1663
f 1753 1666 1661
f 1753 1755 1666
f 1753 1669 1755
f 1439 1664 1434
f 1673 1752 1664
f 1673 1664 1439
f 1667 1672 1665
f 1439 1434 1436
f 1754 1666 1755
f 1754 1672 1667
f 1754 1667 1666
f 1669 1673 1674
f 1669 1674 1445
f 1463 1841 1461
f 1463 1842 1841
f 1463 1459 1842
f 1686 1475 1685
f 1685 1484 1486
f 1685 1486 1756
f 1684 1686 1756
f 1688 1687 1692
f 1756 1493 1684
f 1687 1491 1492
f 1490 1688 1692
f 1692 1503 1490
f 1692 1687 1492
f 1758 1689 1487
f 1758 1691 1689
f 1759 1212 1757
f 1759 1757 1691
f 1758 1503 1691
f 1758 1487 1503
f 1695 1759 1691
f 1695 1212 1759
f 1695 1694 1498
f 1695 1498 1212
f 1532 1552 1537
f 1699 1315 1760
f 1701 154 1541
f 1701 1709 1547
f 1562 1701 1541
f 1562 1709 1701
f 1760 1707 1544
f 1761 1699 1552
f 1761 1315 1699
f 1707 1760 1315
f 1762 1567 1302
f 1762 1708 1570
f 1762 1570 1567
f 1551 1763 1714
f 1551 1705 1763
f 1763 1728 1730
f 1764 1603 1731
f 1764 1731 1729
f 1764 1729 1763
f 1764 1763 1730
f 1764 1730 1603
f 1765 1626 1607
f 1765 1384 1621
f 1765 1621 1626
f 1765 1607 1613
f 1765 1613 1384
f 1766 1167 1369
f 1766 1740 1167
f 1766 1369 1366
f 1767 1621 1634
f 1767 1766 1738
f 1740 1632 1167
f 1740 1640 1632
f 1740 1766 1741
f 1767 1741 1766
f 1767 1634 1769
f 1767 1769 1741
f 1768 1394 1630
f 1769 1746 1741
f 1748 1746 1769
f 1748 1769 1772
f 1770 1749 1650
f 1771 1749 1770
f 1771 1770 1746
f 1771 1659 1749
f 1746 1748 1747
f 1746 1428 1771
f 1746 1747 1428
f 1663 1751 1752
f 1668 1669 1753
f 1668 1753 1663
f 1668 1663 1752
f 1738 1366 1601
f 1738 1766 1366
f 1738 1601 1626
f 1621 1738 1626
f 1621 1767 1738
f 1634 1772 1769
f 1634 1744 1772
f 1772 1747 1748
f 1772 1647 1747
f 1772 1744 1647
f 999 998 1081
f 1834 1000 1003
f 1773 1834 1003
f 1835 1776 999
f 1838 1773 1774
f 1774 258 1838
f 1839 1775 1776
f 1837 1776 1775
f 1775 1779 1837
f 1912 1779 1775
f 1913 1843 1778
f 1781 1780 1779
f 1845 1782 1913
f 1783 1780 1781
f 1784 1780 1783
f 1785 1916 1782
f 1848 1786 1784
f 1919 1917 1918
f 1851 1788 1786
f 1788 1853 1786
f 1920 1853 1788
f 1790 1920 1788
f 1920 1855 1853
f 1440 1791 1789
f 1792 1855 1920
f 1859 1792 1920
f 1861 1793 1791
f 1863 1797 1792
f 1799 1795 1797
f 1798 1862 1794
f 1800 1798 1425
f 1800 1921 1798
f 1801 1795 1866
f 1870 1801 1866
f 1870 1804 1801
f 1802 1921 1800
f 1803 1801 1804
f 1923 1803 1804
f 1807 1803 1923
f 1807 1808 1803
f 1924 1873 1805
f 1813 1808 1807
f 1811 1812 1924
f 1877 1813 1807
f 1880 1811 1809
f 1813 1816 1808
f 1814 1925 1811
f 1815 1816 1813
f 1810 1815 1813
f 1815 1884 1816
f 1818 1884 1815
f 1890 1818 1815
f 1819 1887 1886
f 1890 1820 1818
f 1821 1895 1927
f 1894 1822 1820
f 1824 1825 1822
f 1929 1824 1822
f 1931 1826 1823
f 1827 1825 1824
f 1903 1827 1824
f 1828 1906 1931
f 1904 1825 1827
f 930 1904 1827
f 1829 1909 1828
f 1911 932 1910
f 1832 932 931
f 1103 932 1911
f 1103 1911 260
f 1833 998 999
f 1833 999 1776
f 1835 999 1000
f 1837 1833 1776
f 1836 1773 1777
f 1836 1777 1778
f 1839 1835 1840
f 1464 1777 1838
f 1841 1778 1777
f 1841 1777 1464
f 1839 1912 1775
f 1836 1778 1840
f 1843 1912 1840
f 1842 1778 1841
f 1780 1104 1837
f 1780 1837 1779
f 1843 1782 1914
f 1843 1913 1782
f 1844 1781 1914
f 1844 1783 1781
f 1915 1845 1190
f 1847 1780 1784
f 1847 1104 1780
f 1915 1190 1189
f 1846 1783 1844
f 1846 1784 1783
f 1916 1846 1844
f 1785 1915 1189
f 1785 1189 1454
f 1847 1784 1786
f 1917 1916 1918
f 1848 1784 1846
f 1849 1846 1917
f 1453 1918 1454
f 1848 1787 1786
f 1787 1848 1849
f 1853 1847 1786
f 1853 1105 1847
f 1787 1851 1786
f 1850 1849 1919
f 1852 1787 1850
f 1850 1919 1789
f 1850 1789 1852
f 1854 1851 1852
f 1790 1788 1851
f 1790 1851 1854
f 1853 1855 1105
f 1854 1789 1791
f 1790 1857 1920
f 1856 1857 1790
f 1856 1854 1791
f 1858 1106 1855
f 1858 1855 1792
f 1436 1791 1440
f 1856 1791 1793
f 1861 1791 1436
f 1860 1857 1856
f 1858 1792 1797
f 1859 1863 1792
f 1864 1179 1796
f 1863 1799 1797
f 1865 1858 1797
f 1865 1106 1858
f 1867 1863 1862
f 1865 1797 1795
f 1865 1868 1106
f 1867 1798 1921
f 1869 1800 1425
f 1865 1795 1801
f 1922 1870 1866
f 1922 1921 1802
f 1922 1802 1871
f 1868 1865 1801
f 1869 1802 1800
f 1644 1802 1869
f 1868 1801 1803
f 1872 1868 1803
f 1875 1802 1644
f 1875 1805 1802
f 1872 1803 1808
f 1871 1805 1873
f 1874 1923 1804
f 1806 1805 1875
f 1876 1923 1874
f 1404 1924 1806
f 1877 1807 1923
f 1877 1923 1876
f 1878 1808 1816
f 1878 1872 1808
f 1879 1877 1876
f 1877 1810 1813
f 1879 1810 1877
f 1884 1878 1816
f 1881 1925 1814
f 1881 1814 1817
f 1883 1815 1810
f 1883 1810 1882
f 1882 1881 1817
f 1882 1817 1886
f 1107 1884 1818
f 1888 1883 1882
f 1882 1886 1888
f 1883 1890 1815
f 1888 1890 1883
f 1892 1107 1818
f 1892 1818 1820
f 1887 1819 1927
f 1891 1887 1927
f 1595 1819 1889
f 1894 1820 1890
f 1893 1891 1895
f 1891 1927 1895
f 1592 1821 1595
f 1896 1892 1822
f 1897 1822 1894
f 1897 1894 1898
f 1898 1893 1895
f 1895 1928 1823
f 1895 1823 1898
f 1896 1822 1825
f 1901 1928 1899
f 1930 1928 1901
f 1903 1824 1929
f 1900 1903 1929
f 1906 1900 1826
f 1826 1931 1906
f 1904 1896 1825
f 1903 1907 1827
f 1902 1931 1930
f 1905 1907 1903
f 1905 1903 1900
f 1908 1902 1313
f 1906 1828 1909
f 1907 930 1827
f 1908 1313 1154
f 1904 1006 1896
f 1904 1831 1006
f 1830 930 1907
f 1830 1907 1910
f 1152 1908 1154
f 1834 1773 1836
f 1834 1835 1000
f 1773 1838 1777
f 1839 1776 1835
f 1840 1835 1834
f 1840 1834 1836
f 1839 1840 1912
f 1843 1840 1778
f 1912 1781 1779
f 1912 1843 1914
f 1913 1842 1462
f 1913 1778 1842
f 1914 1781 1912
f 1913 1462 1845
f 1915 1782 1845
f 1844 1914 1916
f 1782 1916 1914
f 1915 1785 1782
f 1916 1917 1846
f 1848 1846 1849
f 1785 1454 1918
f 1917 1919 1849
f 1918 1453 1676
f 1918 1676 1919
f 1787 1849 1850
f 1787 1852 1851
f 1676 1675 1919
f 1852 1789 1854
f 1675 1789 1919
f 1675 1440 1789
f 1854 1856 1790
f 1920 1857 1859
f 1860 1859 1857
f 1793 1860 1856
f 1864 1793 1861
f 1863 1859 1860
f 1863 1860 1862
f 1864 1796 1794
f 1864 1794 1793
f 1793 1794 1862
f 1793 1862 1860
f 1867 1799 1863
f 1798 1867 1862
f 1794 1429 1425
f 1794 1796 1429
f 1794 1425 1798
f 1866 1795 1799
f 1867 1866 1799
f 1867 1922 1866
f 1921 1922 1867
f 1922 1871 1870
f 1870 1874 1804
f 1871 1802 1805
f 1873 1870 1871
f 1873 1874 1870
f 1806 1924 1805
f 1876 1873 1812
f 1876 1874 1873
f 1924 1812 1873
f 1876 1812 1879
f 1809 1924 1404
f 1809 1811 1924
f 1925 1879 1812
f 1925 1812 1811
f 1879 1881 1810
f 1925 1881 1879
f 1814 1811 1880
f 1814 1880 1387
f 1882 1810 1881
f 1885 1814 1387
f 1885 1817 1814
f 1886 1885 1368
f 1886 1817 1885
f 1887 1888 1886
f 1889 1886 1368
f 1926 1890 1888
f 1926 1888 1887
f 1926 1887 1891
f 1889 1819 1886
f 1819 1595 1927
f 1893 1894 1890
f 1893 1926 1891
f 1893 1890 1926
f 1820 1822 1892
f 1927 1595 1821
f 1898 1894 1893
f 1821 1592 1899
f 1928 1821 1899
f 1897 1929 1822
f 1898 1929 1897
f 1823 1826 1898
f 1929 1898 1826
f 1929 1826 1900
f 1930 1823 1928
f 1930 1931 1823
f 1931 1908 1828
f 1931 1902 1908
f 1905 1900 1906
f 1905 1906 1909
f 1905 1909 1907
f 1908 1829 1828
f 1908 1152 1829
f 1904 930 1831
f 1909 1829 1910
f 1909 1910 1907
f 1910 1832 1830
f 1829 1152 1911
f 1911 1910 1829
f 1832 1910 932
f 1785 1918 1916
f 1928 1895 1821
f 1932 1933 176
f 1935 1934 1936
f 2054 2638 1937
f 2054 1936 2638
f 2285 2054 1937
f 2285 1937 2525
f 1938 2285 2525
f 1938 2525 1939
f 1986 1938 1939
f 1986 1939 2280
f 1989 1986 2280
f 2073 1989 2280
f 2073 2280 1940
f 1990 1940 1941
f 1990 2073 1940
f 1993 1943 1942
f 1994 1993 1944
f 1945 1994 1944
f 1945 1944 2541
f 1946 1945 2541
f 2085 2541 2644
f 2085 1946 2541
f 2085 2644 1947
f 1948 1947 2643
f 2098 1948 2557
f 2557 2549 2551
f 1996 2557 2551
f 1950 1951 1953
f 1950 1949 1951
f 1952 1950 1953
f 1957 2648 1956
f 1957 1956 1958
f 1959 1958 1960
f 1959 1957 1958
f 1961 1959 1960
f 1962 1961 1963
f 1962 2590 1961
f 1964 1963 1965
f 1964 1962 1963
f 1965 2005 2006
f 1966 1965 2006
f 1966 2006 2007
f 1967 1968 2011
f 1967 1969 1968
f 1967 2011 2181
f 2452 1967 2181
f 2452 2181 2013
f 1970 2013 2014
f 1972 1971 2185
f 2657 1972 1973
f 2657 1973 1974
f 1975 1932 176
f 1976 2027 197
f 1977 1976 197
f 1977 197 1978
f 1979 1978 202
f 2506 1977 1978
f 1979 2506 1978
f 1980 202 206
f 1981 202 1980
f 2244 1981 1980
f 1983 1934 2272
f 1986 1987 1938
f 1988 2068 1941
f 1988 1943 2068
f 1988 1942 1943
f 2077 1990 1991
f 2077 2073 1990
f 1992 2072 1943
f 1993 1992 1943
f 2084 1994 1945
f 1994 1992 1993
f 2102 1995 255
f 2328 1996 2551
f 2101 1995 2102
f 2356 2102 255
f 2356 255 1998
f 1999 2356 1998
f 2371 1998 2109
f 2371 1999 1998
f 2366 2850 2852
f 2850 2366 2000
f 2846 2850 2000
f 2001 2116 2380
f 2000 2844 2846
f 2126 2390 2119
f 2002 2573 2131
f 1949 2399 2002
f 2382 2144 2844
f 1956 2648 1954
f 2003 1956 2140
f 1958 1956 2003
f 2004 1960 1958
f 2006 2005 2145
f 2007 2145 2161
f 2007 2006 2145
f 2008 2161 2009
f 2008 1968 2169
f 2010 1968 2008
f 2010 2008 2009
f 2010 2011 1968
f 2012 1966 2007
f 2169 2012 2007
f 2169 1968 1969
f 2012 2169 1969
f 2014 1971 1970
f 2014 2173 2436
f 2017 2183 2018
f 2607 2613 1974
f 2021 2770 2772
f 2022 2770 2021
f 2024 2023 2022
f 2493 2023 2024
f 2025 1975 176
f 2222 2025 2220
f 2026 2025 2222
f 2028 2502 2027
f 1981 1979 202
f 2030 1932 1975
f 2031 2032 1980
f 2031 1980 206
f 2031 206 207
f 2244 1980 2032
f 2034 2033 2032
f 2036 2037 2522
f 2263 1983 2272
f 2263 1982 1983
f 2037 2279 2041
f 2037 2041 2522
f 2038 2039 2521
f 2038 2521 2261
f 2040 2038 2261
f 2042 1985 1984
f 2040 2043 2038
f 2053 2045 2044
f 2283 2268 2041
f 2048 2268 2283
f 2281 2052 2046
f 2281 2047 2052
f 2053 2519 2039
f 2056 2039 2038
f 2286 2040 2055
f 2060 2056 2038
f 2060 2038 2043
f 2057 1941 1940
f 2285 1938 1987
f 2057 2052 2047
f 2057 1988 1941
f 2057 2047 1988
f 2289 1984 1985
f 1942 2047 233
f 2054 2061 2284
f 1942 1988 2047
f 2292 2061 2054
f 2063 2065 2064
f 2065 2066 2067
f 2065 2067 2062
f 2298 2061 2292
f 2298 2292 1987
f 2302 1987 1986
f 2302 2298 1987
f 2068 1991 1990
f 2068 1990 1941
f 2072 2068 1943
f 2069 2066 2065
f 2070 1986 1989
f 2070 2302 1986
f 2072 1991 2068
f 2073 2070 1989
f 2071 2540 2293
f 2076 2297 2074
f 2076 2308 2297
f 2075 2323 2076
f 2075 2076 2074
f 2077 2070 2073
f 2079 2334 2082
f 2080 2076 2323
f 2318 253 254
f 2081 2077 1991
f 2081 1991 2072
f 2081 2072 1992
f 2311 2550 2083
f 2085 2084 1945
f 2085 1945 1946
f 2086 2318 254
f 2086 1995 2101
f 2086 254 1995
f 2091 2092 2315
f 2091 2315 2322
f 2097 1994 2084
f 2094 2090 2088
f 2093 2358 1997
f 2096 2113 2090
f 2096 2090 2094
f 2096 2094 2553
f 2096 2553 2100
f 2101 2358 2093
f 2099 2096 2100
f 2556 2363 2091
f 2103 2561 2097
f 2107 2350 2349
f 2104 1996 2328
f 2104 2328 1997
f 2105 2099 2100
f 2105 2100 2339
f 2351 2561 2103
f 2111 2109 247
f 2112 2096 2099
f 2112 2113 2096
f 2117 2112 2099
f 2117 2099 2105
f 2115 2116 2001
f 2117 2852 2112
f 2117 2366 2852
f 2119 2107 2106
f 2122 2120 2390
f 2123 2109 2111
f 2379 2125 2347
f 2130 2127 2128
f 2392 2125 2379
f 2134 2123 2111
f 2391 2392 2379
f 2844 2374 2382
f 2130 2128 2129
f 2132 2123 2134
f 2003 2130 2129
f 2133 2132 2134
f 2404 2136 2137
f 2404 2135 2409
f 2140 1956 1954
f 2140 1954 1955
f 2129 1958 2003
f 2148 2382 2131
f 2148 2144 2382
f 2407 2149 2565
f 2145 2129 2128
f 2145 2128 2141
f 2147 2129 2145
f 2147 2145 2005
f 2147 2004 1958
f 2147 1958 2129
f 2148 2836 2144
f 2150 2151 2152
f 2154 2155 2156
f 1963 1961 1960
f 1963 1960 2004
f 1963 2005 1965
f 1963 2147 2005
f 1963 2004 2147
f 2426 2154 2156
f 2157 2417 2153
f 2158 2159 2160
f 2009 2158 2160
f 2162 229 2163
f 2422 2159 2164
f 2166 2160 2159
f 2166 2159 2422
f 2180 2010 2009
f 2180 2009 2160
f 2169 2161 2008
f 2169 2007 2161
f 2170 2165 2171
f 2170 2157 2165
f 2173 2160 2166
f 2173 2014 2160
f 2180 2011 2010
f 2180 2160 2014
f 2180 2014 2013
f 2177 2176 2174
f 2178 2168 2167
f 2178 2167 2179
f 2182 2168 2178
f 2181 2180 2013
f 2181 2011 2180
f 2183 2175 2174
f 2183 2174 2018
f 2443 2178 2179
f 2185 2436 2183
f 2185 2014 2436
f 2598 2012 2015
f 2598 2015 2016
f 2599 2196 2184
f 2185 1971 2014
f 2599 2202 2196
f 2187 2453 2438
f 2186 2202 2599
f 2186 2190 2202
f 1969 2015 2012
f 2191 2015 1969
f 2191 1969 1967
f 2192 2017 2449
f 2193 2015 2191
f 2193 2016 2015
f 2192 2195 2607
f 2197 229 2198
f 2197 2163 229
f 2197 2198 2199
f 2201 2200 2467
f 2463 2202 2190
f 2608 2190 2604
f 2463 2190 2608
f 2203 2467 2204
f 2205 2206 2207
f 2213 2019 2020
f 2208 2019 2469
f 2208 2020 2019
f 2210 2208 2211
f 2210 2020 2208
f 2210 2021 2020
f 2212 2197 2199
f 2212 2207 2197
f 2212 2205 2207
f 2212 2209 2205
f 2022 2021 2485
f 2213 2776 2214
f 2776 2213 2020
f 2776 2021 2772
f 2776 2020 2021
f 2217 2760 2493
f 2217 2215 2216
f 2631 2218 2219
f 178 2220 2025
f 178 2025 176
f 2220 2500 181
f 2221 2220 181
f 2222 2220 2221
f 2224 2026 2222
f 2225 1975 2025
f 2225 2025 2026
f 2227 1975 2225
f 2226 2504 2228
f 2230 2227 2225
f 1976 1977 2506
f 1976 2028 2027
f 2229 1975 2227
f 2229 2240 2030
f 2229 2030 1975
f 2231 1976 2506
f 2231 2028 1976
f 2232 2230 2239
f 2232 2227 2230
f 2237 1979 1981
f 2241 2235 2233
f 2238 2233 2235
f 2238 2234 2233
f 2238 2236 2234
f 2031 2034 2032
f 2243 2235 2241
f 2243 2241 2507
f 2244 2032 2033
f 2245 2034 2031
f 2245 2031 207
f 2510 2245 207
f 2244 2237 1981
f 2244 2512 2237
f 2246 2236 2238
f 2246 2239 2236
f 2246 2238 2247
f 2235 2247 2238
f 2235 2035 2247
f 2249 2512 2244
f 2250 2239 2246
f 2250 2246 2248
f 2250 2251 2239
f 2509 2036 2508
f 2253 2033 2034
f 2258 2243 2508
f 2258 2508 2036
f 2255 2244 2033
f 2255 2249 2244
f 2255 2033 1982
f 2247 2248 2246
f 2252 2243 2258
f 2252 2035 2243
f 2253 1983 1982
f 2253 1982 2033
f 2254 2255 1982
f 2514 2036 2509
f 2257 2035 2252
f 2257 2247 2035
f 2258 2036 2522
f 2514 2037 2036
f 2254 1982 2263
f 2262 2255 2254
f 2259 2265 2264
f 2260 2252 2258
f 2256 2037 2514
f 2516 2264 2265
f 2516 2044 2045
f 2519 2053 2044
f 2519 2521 2039
f 2270 2256 2271
f 2270 2271 2049
f 2269 2040 2261
f 2269 2261 2257
f 2270 2037 2256
f 2516 2267 2264
f 2516 2045 2267
f 2270 2049 2050
f 2270 2279 2037
f 2273 2046 2052
f 2055 2260 2268
f 2055 2268 2048
f 2055 2269 2260
f 2275 2042 2263
f 2275 2263 2272
f 2276 2273 2052
f 2055 2040 2269
f 2277 1932 2259
f 2277 2264 2267
f 2277 2259 2264
f 2050 2279 2270
f 2278 2271 2274
f 2274 2058 2278
f 2274 1984 2058
f 2274 2042 1984
f 2278 2049 2271
f 1985 2275 2051
f 1985 2042 2275
f 2280 2052 2057
f 2280 2276 2052
f 2280 2057 1940
f 2279 2283 2041
f 2278 2059 2049
f 2278 2058 2059
f 2054 1935 1936
f 2282 2283 2279
f 2282 2279 2050
f 2281 233 2047
f 2043 2040 2286
f 2284 1985 2051
f 2284 2051 1935
f 2284 1935 2054
f 2048 2286 2055
f 2283 2282 2290
f 2048 2064 2286
f 2048 2283 2064
f 2640 2049 2059
f 2640 2050 2049
f 2062 2060 2043
f 2284 2289 1985
f 2286 2062 2043
f 2286 2064 2065
f 2287 1932 2277
f 2530 233 236
f 2288 2290 2282
f 2288 2282 2640
f 2062 2286 2065
f 2293 1984 2289
f 2289 2300 2293
f 2291 2283 2290
f 2291 2290 2296
f 2291 2064 2283
f 2292 2054 2285
f 1987 2292 2285
f 2293 2058 1984
f 2537 2059 2058
f 2293 2537 2058
f 2063 2291 2296
f 2063 2064 2291
f 2300 2284 2061
f 2300 2289 2284
f 2060 2062 2067
f 2537 2294 2059
f 2530 1993 1942
f 2295 2060 2067
f 2297 2296 2290
f 2297 2290 2288
f 2297 2288 2074
f 1944 1993 2530
f 2535 2075 2074
f 2535 2074 2288
f 2069 2065 2063
f 2299 2534 2295
f 2307 2536 2300
f 2301 2069 2063
f 2301 2063 2296
f 2301 2296 2297
f 2301 2297 2308
f 2075 2535 2294
f 2304 2061 2298
f 2304 2298 2302
f 2303 2295 2067
f 2302 2070 2078
f 2303 2299 2295
f 2304 2305 2307
f 2536 2071 2293
f 2310 2069 2306
f 2310 2066 2069
f 2311 2540 2550
f 2307 2071 2536
f 2310 2306 2079
f 2317 251 253
f 2320 2540 2071
f 2321 2307 2305
f 2308 2076 2080
f 2308 2080 2312
f 2313 2301 2308
f 2313 2308 2312
f 2550 2540 2320
f 2319 2078 2070
f 2319 2070 2077
f 2319 2077 2081
f 2321 2320 2071
f 2321 2071 2307
f 2315 2321 2305
f 2322 2315 2305
f 2322 2305 2304
f 2322 2302 2078
f 2322 2304 2302
f 2311 2323 2075
f 2317 253 2318
f 2321 2092 2320
f 2321 2315 2092
f 2094 2089 2316
f 2094 2088 2089
f 2324 2306 2313
f 2079 2306 2324
f 2326 2323 2311
f 2326 2311 2083
f 2327 2329 2325
f 2327 2325 1933
f 2326 2080 2323
f 2326 2312 2080
f 2326 2095 2312
f 2312 2324 2313
f 2333 2318 2093
f 2334 2087 2082
f 2330 2320 2092
f 2331 2329 2327
f 2331 2088 2723
f 2331 2723 2329
f 2331 2089 2088
f 2331 2332 2089
f 2333 2093 1997
f 2333 1997 2328
f 2338 2085 2098
f 2338 2084 2085
f 2086 2093 2318
f 2086 2101 2093
f 2335 2081 1992
f 2335 1992 1994
f 2335 1994 2108
f 2098 1947 1948
f 2098 2085 1947
f 2353 2095 2326
f 2336 2087 2334
f 2338 2097 2084
f 2338 2098 2103
f 2558 2336 2334
f 2340 2330 2337
f 2341 2339 2647
f 2345 2326 2083
f 2345 2353 2326
f 2345 2083 2350
f 2354 2324 2312
f 2354 2352 2324
f 2354 2312 2095
f 2347 2319 2081
f 2338 2103 2097
f 2342 2091 2363
f 2344 1994 2097
f 2344 2108 1994
f 2335 2347 2081
f 2558 2355 2336
f 2558 2114 2355
f 2346 2319 2347
f 2348 2340 2337
f 2348 2349 2340
f 2355 2343 2552
f 2355 2110 2343
f 2351 2098 2557
f 2351 2103 2098
f 2343 2105 2339
f 2343 2339 2341
f 2350 2107 2345
f 2361 2354 2095
f 2358 2370 1997
f 1996 2104 2380
f 2357 2343 2110
f 2360 2358 2101
f 2116 1996 2380
f 2116 2557 1996
f 2116 2351 2557
f 2355 2114 2110
f 2361 2095 2353
f 2361 2353 2120
f 2370 2104 1997
f 2375 2363 2556
f 2102 2360 2101
f 2357 2105 2343
f 2364 2556 2346
f 2106 2107 2349
f 2351 2116 2115
f 2368 2344 2097
f 2368 2097 2561
f 2365 2102 2356
f 2352 2359 2559
f 2361 2121 2354
f 2361 2122 2121
f 2361 2120 2122
f 2346 2347 2125
f 2362 2363 2127
f 2364 2346 2125
f 2360 2102 2365
f 2366 2357 2110
f 2362 2349 2348
f 2362 2106 2349
f 2366 2105 2357
f 2371 2109 2123
f 2560 2360 2365
f 2367 2561 2351
f 2367 2351 2115
f 2372 2347 2335
f 2366 2117 2105
f 2376 2354 2121
f 2376 2352 2354
f 2375 2127 2363
f 2120 2345 2107
f 2120 2119 2390
f 2120 2107 2119
f 2120 2353 2345
f 2378 2114 2359
f 2374 2110 2114
f 2373 2108 2344
f 2373 2368 2369
f 2373 2344 2368
f 2130 2362 2127
f 2130 2106 2362
f 2135 2108 2373
f 2374 2844 2000
f 2375 2396 2141
f 2377 2365 2124
f 2379 2347 2372
f 2384 2371 2123
f 2384 2123 2132
f 2381 2369 2368
f 2382 2114 2378
f 2382 2378 2131
f 2382 2374 2114
f 2152 2115 2001
f 2152 2367 2115
f 2383 2002 2131
f 2383 2359 2385
f 2383 2131 2378
f 2383 2378 2359
f 2384 2124 2371
f 2125 2396 2375
f 2125 2375 2364
f 2125 2392 2396
f 2385 2002 2383
f 2387 2135 2373
f 2387 2373 2369
f 2379 2388 2391
f 2389 2126 2119
f 2389 2119 2106
f 2389 2106 2130
f 2138 2001 2380
f 2138 2380 2118
f 2375 2128 2127
f 2375 2141 2128
f 2389 2003 2140
f 2389 2140 2126
f 2388 2379 2372
f 2388 2372 2137
f 2389 2130 2003
f 2142 2386 2565
f 2393 2381 2367
f 2152 2001 2138
f 1951 2122 2390
f 2142 2138 2118
f 2395 2135 2387
f 2395 2387 2369
f 2397 2564 244
f 2381 2395 2369
f 2390 1953 1951
f 2142 2565 2149
f 2405 2388 2137
f 2564 2133 2134
f 2142 2149 2139
f 2142 2139 2138
f 2405 2137 2136
f 2572 2384 2132
f 2393 2152 2151
f 2393 2151 2381
f 2395 2381 2151
f 2395 2409 2135
f 2396 2143 2141
f 1955 1953 2390
f 2403 2138 2139
f 2403 2152 2138
f 2398 2132 2133
f 2398 2133 2569
f 2398 2572 2132
f 2573 2148 2131
f 2399 2573 2002
f 2410 2409 2395
f 2410 2395 2151
f 2402 2564 2397
f 2402 2133 2564
f 2402 2569 2133
f 2400 2401 2146
f 2164 2405 2136
f 2411 238 234
f 2410 2151 2150
f 2408 2407 2565
f 2405 2391 2388
f 2405 2406 2391
f 2406 2392 2391
f 2406 2396 2392
f 2406 2143 2396
f 2406 2158 2143
f 2408 2153 2417
f 2408 2417 2407
f 2416 2403 2139
f 2580 2155 2154
f 2143 2158 2009
f 2143 2145 2141
f 2414 2148 2573
f 2424 2149 2407
f 2424 2139 2149
f 2410 2150 2425
f 2412 2409 2410
f 2414 2836 2148
f 2405 2164 2159
f 2405 2159 2158
f 2405 2158 2406
f 2415 2401 2413
f 2161 2145 2143
f 2161 2143 2009
f 2587 2411 2162
f 2587 2426 2156
f 2415 2146 2401
f 2430 2415 2413
f 2579 2425 2150
f 2584 2413 2583
f 2584 2430 2413
f 2417 2424 2407
f 2419 2570 2412
f 2428 2419 2412
f 2420 2417 2157
f 2420 2424 2417
f 2578 2168 2416
f 2578 2167 2168
f 2422 2164 2421
f 2422 2421 2175
f 2591 2423 2154
f 2427 2424 2420
f 2427 2420 2434
f 2428 2421 2419
f 2425 2168 2440
f 2425 2440 2172
f 2425 2579 2168
f 2426 2591 2154
f 2427 2167 2578
f 2428 2174 2175
f 2428 2175 2421
f 2431 2157 2170
f 2431 2420 2157
f 2429 2171 2430
f 2593 2585 2423
f 2432 2167 2427
f 2432 2427 2434
f 2431 2434 2420
f 2432 2437 2179
f 2432 2434 2437
f 2432 2179 2167
f 2433 2593 2423
f 2436 2173 2166
f 2436 2166 2422
f 2436 2422 2175
f 2436 2175 2183
f 2440 2168 2182
f 2437 2434 2431
f 2437 2431 2438
f 1964 1965 1966
f 2597 2435 2588
f 2442 2170 2171
f 2442 2439 2170
f 2439 2446 2170
f 2440 2441 2188
f 2440 2182 2441
f 2184 2439 2442
f 2176 2177 2172
f 2599 2184 2442
f 1964 1966 2598
f 2170 2446 2438
f 2170 2438 2431
f 2440 2189 2176
f 2440 2188 2189
f 2440 2176 2172
f 2438 2453 2437
f 2446 2439 2184
f 2444 2443 2179
f 2444 2179 2437
f 2444 2437 2453
f 2443 2441 2182
f 2443 2182 2178
f 2446 2184 2196
f 2186 2599 2597
f 2445 1964 2598
f 2448 2443 2444
f 2448 2441 2443
f 2446 2187 2438
f 2018 2449 2017
f 2018 2174 2176
f 2449 2176 2189
f 2189 2188 2195
f 2189 2195 2449
f 2449 2018 2176
f 2459 2188 2441
f 2194 2446 2196
f 2448 2459 2441
f 2601 2450 2451
f 2601 2597 2447
f 2601 2447 2450
f 2194 2187 2446
f 1973 2183 2017
f 2455 2459 2448
f 2459 2195 2188
f 2604 2601 2451
f 2452 2191 1967
f 2452 2013 1970
f 2461 2450 2602
f 2461 2451 2450
f 2461 2602 2606
f 2458 2603 2453
f 2195 2192 2449
f 2187 2454 2204
f 2187 2458 2453
f 2187 2204 2458
f 2187 2194 2454
f 1974 1973 2017
f 1974 2017 2192
f 2458 2200 2603
f 2457 2191 2452
f 2804 2191 2457
f 2804 2193 2191
f 2460 2194 2196
f 2460 2454 2194
f 2202 2460 2196
f 2456 2608 2604
f 2465 2459 2455
f 2462 2607 2195
f 2462 2195 2459
f 2610 2465 2455
f 2610 2615 2465
f 2461 2207 2206
f 2465 2462 2459
f 2463 2460 2202
f 2466 2463 2608
f 2609 2206 2205
f 2609 2464 2206
f 2609 2456 2464
f 2465 2615 2474
f 2467 2615 2610
f 2468 2616 2466
f 2469 2019 2473
f 2475 2467 2203
f 2619 2472 2470
f 2619 2470 2620
f 2473 2019 2213
f 2482 2473 2213
f 2478 2469 2474
f 2614 2205 2209
f 2481 2476 2203
f 2481 2203 2471
f 2478 2474 2477
f 2624 2468 2614
f 2475 2477 2479
f 2480 2211 2208
f 2480 2208 2469
f 2480 2478 2477
f 2480 2210 2211
f 2480 2021 2210
f 2480 2469 2478
f 2480 2485 2021
f 2482 2213 2214
f 2482 2214 2483
f 2624 2614 2209
f 2484 2475 2476
f 2484 2477 2475
f 2484 2627 2477
f 2485 2477 2627
f 2485 2480 2477
f 2622 2481 2486
f 2487 2624 2209
f 2485 2024 2022
f 2488 2484 2476
f 2488 2627 2484
f 2489 2212 2199
f 2489 2487 2209
f 2489 2209 2212
f 2488 2492 2627
f 2488 2490 2215
f 2488 2215 2492
f 2493 2215 2217
f 2493 2024 2492
f 2493 2492 2215
f 2495 2625 2494
f 2489 2199 2219
f 2496 2628 2625
f 2495 2496 2625
f 2496 2630 2628
f 2498 2199 2198
f 2498 2219 2199
f 2498 2631 2219
f 2499 2498 2198
f 2500 2220 178
f 2632 181 183
f 2632 183 187
f 2632 2221 181
f 2502 2028 2029
f 2226 2502 2029
f 2226 2501 2502
f 2226 2633 2501
f 2230 2026 2224
f 2223 2226 2228
f 2026 2230 2225
f 2503 2223 2228
f 2503 2224 2223
f 2503 2230 2224
f 2503 2228 2234
f 2504 2226 2029
f 2504 2029 2028
f 2504 2028 2505
f 2504 2505 2241
f 2229 2227 2232
f 2229 2232 2240
f 2503 2236 2239
f 2503 2239 2230
f 2503 2234 2236
f 2506 2237 2242
f 2506 1979 2237
f 2506 2242 2231
f 2231 2505 2028
f 2507 2231 2242
f 2507 2505 2231
f 2232 2251 2240
f 2232 2239 2251
f 2507 2241 2505
f 2035 2235 2243
f 2508 2243 2507
f 2508 2507 2242
f 2508 2242 2509
f 2634 2240 2251
f 2512 2249 2511
f 2512 2511 2266
f 2513 2245 2510
f 2514 2512 2256
f 2514 2509 2512
f 2515 2511 2249
f 2515 2255 2262
f 2515 2249 2255
f 2513 1983 2253
f 2515 2266 2511
f 2515 2262 2266
f 2247 2261 2248
f 2247 2257 2261
f 1934 1983 2513
f 2521 2248 2261
f 2520 2256 2512
f 2520 2512 2266
f 2517 2519 2044
f 2517 2518 2519
f 2517 2044 2516
f 2521 2518 2248
f 2521 2519 2518
f 2269 2257 2252
f 2269 2252 2260
f 2520 2266 2271
f 2520 2271 2256
f 2522 2268 2260
f 2522 2041 2268
f 2522 2260 2258
f 220 2273 2276
f 2262 2271 2266
f 2262 2274 2271
f 2523 220 2276
f 2524 2263 2042
f 2524 2274 2262
f 2524 2254 2263
f 2524 2042 2274
f 2524 2262 2254
f 2525 2276 2280
f 2525 2280 1939
f 2525 2523 2276
f 2051 1934 1935
f 2051 2275 2272
f 2051 2272 1934
f 2526 2277 2267
f 2528 2287 2277
f 2528 2277 2526
f 2526 2267 2527
f 2526 2527 2528
f 2535 2059 2294
f 2535 2640 2059
f 2529 2287 2528
f 2529 2528 2527
f 2530 2531 1944
f 2530 1942 233
f 2532 2531 2530
f 2532 2530 236
f 2532 236 2533
f 2534 2299 2314
f 2536 2293 2300
f 2537 2540 2294
f 2537 2293 2540
f 2538 2287 2529
f 2538 2529 2641
f 2543 2527 2539
f 2061 2307 2300
f 2061 2304 2307
f 2541 1944 2531
f 2541 2531 2532
f 2540 2311 2075
f 2540 2075 2294
f 2542 1932 2287
f 2542 1933 1932
f 2543 2539 2314
f 2544 2066 2310
f 2544 2067 2066
f 2544 2303 2067
f 2545 2317 2333
f 2545 251 2317
f 2306 2069 2301
f 2306 2301 2313
f 2544 2309 2303
f 2544 2082 2309
f 2544 2310 2079
f 2544 2079 2082
f 2546 2641 2316
f 2543 2314 2553
f 2543 2553 2316
f 2546 2646 2642
f 2309 2082 2087
f 2547 2309 2087
f 2547 2303 2309
f 2548 2542 2642
f 2548 1933 2542
f 2548 2327 1933
f 2332 2316 2089
f 2332 2546 2316
f 2551 2333 2328
f 2332 2646 2546
f 2341 2645 2547
f 2317 2318 2333
f 2552 2341 2547
f 2553 2094 2316
f 2553 2647 2339
f 2554 2320 2330
f 2554 2330 2340
f 2554 2550 2320
f 2553 2339 2100
f 2555 2334 2079
f 2555 2079 2324
f 2555 2324 2352
f 2078 2319 2346
f 2554 2083 2550
f 2554 2350 2083
f 2554 2340 2349
f 2554 2349 2350
f 2336 2355 2552
f 2337 2091 2342
f 2337 2330 2092
f 2337 2092 2091
f 2555 2558 2334
f 2556 2091 2322
f 2556 2322 2078
f 2556 2078 2346
f 2559 2555 2352
f 2559 2558 2555
f 2342 2348 2337
f 2342 2362 2348
f 2342 2363 2362
f 2559 2114 2558
f 2559 2359 2114
f 2375 2556 2364
f 1999 2365 2356
f 1999 2124 2365
f 1999 2371 2124
f 2104 2118 2380
f 2104 2370 2118
f 2385 2352 2376
f 2385 2359 2352
f 2560 2370 2358
f 2560 2358 2360
f 2560 2386 2370
f 2561 2367 2381
f 2561 2381 2368
f 2110 2000 2366
f 2110 2374 2000
f 2137 2108 2135
f 2137 2372 2335
f 2137 2335 2108
f 247 244 2564
f 247 2134 2111
f 2386 2142 2118
f 2386 2118 2370
f 2137 2135 2404
f 2562 2560 2365
f 2563 2376 2121
f 1951 2121 2122
f 1951 2563 2121
f 2562 2386 2560
f 2394 2386 2562
f 2563 1949 2002
f 2563 1951 1949
f 2563 2385 2376
f 2563 2002 2385
f 2568 2377 2124
f 2568 2124 2384
f 2564 2134 247
f 2393 2367 2152
f 2565 2386 2394
f 2400 2394 2562
f 2400 2377 2401
f 2400 2562 2377
f 2565 2394 2408
f 2126 1955 2390
f 2126 2140 1955
f 2566 2397 244
f 238 2411 2577
f 2155 2397 2566
f 2155 238 2577
f 2155 2566 238
f 2568 2401 2377
f 2567 2155 2580
f 2567 2397 2155
f 2567 2402 2397
f 2567 2580 2402
f 2153 2400 2146
f 2153 2394 2400
f 2153 2408 2394
f 2401 2568 2413
f 2570 2409 2412
f 2570 2404 2409
f 2576 2164 2136
f 2572 2418 2583
f 2572 2398 2418
f 2572 2583 2413
f 2572 2413 2568
f 2576 2136 2404
f 2576 2404 2570
f 2575 2411 234
f 2575 234 2571
f 2575 2571 229
f 2403 2416 2579
f 2403 2150 2152
f 2403 2579 2150
f 1950 2573 2399
f 1950 2399 1949
f 2574 2573 1950
f 2418 2398 2569
f 2576 2421 2164
f 2576 2570 2419
f 2576 2419 2421
f 2577 2156 2155
f 2577 2587 2156
f 2577 2411 2587
f 2578 2416 2139
f 2578 2139 2424
f 2575 229 2162
f 2575 2162 2411
f 2579 2416 2168
f 2585 2569 2402
f 2585 2418 2569
f 2580 2423 2585
f 2580 2154 2423
f 2580 2585 2402
f 2582 2573 2574
f 2582 2414 2573
f 2165 2157 2153
f 2165 2153 2146
f 2165 2146 2415
f 2165 2415 2430
f 2581 2412 2410
f 2581 2410 2425
f 2165 2430 2171
f 2172 2581 2425
f 2177 2412 2581
f 2177 2581 2172
f 2583 2435 2584
f 2583 2588 2435
f 2584 2435 2429
f 2584 2429 2430
f 2177 2428 2412
f 2177 2174 2428
f 2586 2583 2418
f 2586 2588 2583
f 2586 2418 2585
f 2586 2585 2593
f 2590 1959 1961
f 2588 2586 2593
f 2589 2162 2163
f 2589 2587 2162
f 2591 2433 2423
f 2594 2596 2591
f 2594 2591 2426
f 2594 2426 2589
f 2429 2435 2599
f 2429 2599 2442
f 2429 2442 2171
f 2590 1962 1964
f 2594 2589 2163
f 2593 2433 2592
f 2594 2653 2596
f 2594 2163 2653
f 2447 2597 2588
f 2447 2593 2592
f 2447 2588 2593
f 2595 2590 1964
f 2595 1964 2445
f 2596 2433 2591
f 2596 2592 2433
f 2597 2599 2435
f 2598 1966 2012
f 2600 2592 2596
f 2602 2592 2600
f 2183 1972 2185
f 2183 1973 1972
f 2601 2190 2186
f 2601 2186 2597
f 2603 2448 2444
f 2603 2444 2453
f 2604 2190 2601
f 2201 2603 2200
f 2201 2448 2603
f 2201 2455 2448
f 1970 2457 2452
f 2464 2604 2451
f 2464 2451 2461
f 2606 2197 2207
f 2606 2207 2461
f 2464 2461 2206
f 2464 2456 2604
f 2605 2457 1970
f 2607 1974 2192
f 2605 2804 2457
f 2605 2803 2804
f 2460 2463 2470
f 2608 2456 2609
f 2607 2469 2473
f 2607 2462 2469
f 2608 2468 2466
f 2608 2609 2468
f 2605 2869 2803
f 2610 2201 2467
f 2610 2455 2201
f 2611 2454 2460
f 2611 2460 2470
f 2612 2471 2203
f 2612 2472 2471
f 2611 2470 2472
f 2613 2657 1974
f 2474 2462 2465
f 2474 2469 2462
f 2613 2473 2482
f 2613 2607 2473
f 2617 2613 2482
f 2479 2467 2475
f 2479 2615 2467
f 2614 2609 2205
f 2614 2468 2609
f 2616 2463 2466
f 2616 2470 2463
f 2616 2620 2470
f 2615 2479 2477
f 2615 2477 2474
f 2616 2468 2624
f 2619 2471 2472
f 2617 2483 2618
f 2617 2482 2483
f 2619 2481 2471
f 2620 2486 2619
f 2475 2203 2476
f 2619 2486 2481
f 2622 2476 2481
f 2621 2620 2616
f 2621 2486 2620
f 2490 2476 2622
f 2622 2623 2491
f 2622 2491 2490
f 2624 2621 2616
f 2490 2488 2476
f 2623 2622 2486
f 2621 2625 2623
f 2621 2623 2486
f 2626 2621 2624
f 2626 2624 2487
f 2627 2024 2485
f 2627 2492 2024
f 2494 2621 2626
f 2494 2626 2629
f 2494 2625 2621
f 2628 2491 2623
f 2625 2628 2623
f 2489 2626 2487
f 2489 2629 2626
f 2216 2490 2491
f 2216 2215 2490
f 2216 2628 2630
f 2628 2216 2491
f 2629 2495 2494
f 2629 2218 2495
f 2629 2489 2219
f 2629 2219 2218
f 2630 2217 2216
f 2630 2753 2217
f 2496 2497 2630
f 2496 2742 2497
f 2749 2753 2630
f 2749 2630 2497
f 2631 2498 2499
f 2633 2632 187
f 2633 187 2501
f 2221 2224 2222
f 2221 2632 2223
f 2221 2223 2224
f 2223 2632 2633
f 2223 2633 2226
f 2504 2233 2234
f 2504 2234 2228
f 2504 2241 2233
f 2509 2237 2512
f 2509 2242 2237
f 2635 1932 2030
f 2635 2240 2634
f 2635 2030 2240
f 2253 2034 2245
f 2253 2245 2513
f 2636 2513 2510
f 2250 2634 2251
f 2250 2248 2518
f 2265 1932 2635
f 2265 2259 1932
f 2265 2634 2517
f 2265 2517 2516
f 2265 2635 2634
f 2518 2517 2634
f 2518 2634 2250
f 2661 218 220
f 2661 2637 218
f 1936 1934 2513
f 2639 2045 2053
f 2639 2267 2045
f 2639 2527 2267
f 2640 2282 2050
f 2056 2053 2039
f 2056 2639 2053
f 2288 2640 2535
f 2056 2295 2534
f 2056 2060 2295
f 2056 2534 2639
f 2539 2639 2534
f 2539 2527 2639
f 2539 2534 2314
f 2641 2529 2527
f 2641 2527 2543
f 242 2532 2533
f 2641 2543 2316
f 245 251 2545
f 245 2545 2549
f 2642 2538 2546
f 2642 2542 2287
f 2642 2287 2538
f 2643 242 245
f 2643 245 2549
f 2643 2532 242
f 2546 2538 2641
f 2644 2643 1947
f 2644 2532 2643
f 2644 2541 2532
f 2299 2303 2547
f 2645 2299 2547
f 2645 2314 2299
f 2551 2545 2333
f 2551 2549 2545
f 2646 2548 2642
f 2647 2645 2341
f 2647 2314 2645
f 2647 2553 2314
f 2646 2327 2548
f 2646 2332 2331
f 2646 2331 2327
f 2336 2547 2087
f 2336 2552 2547
f 2377 2562 2365
f 2568 2384 2572
f 1952 2574 1950
f 2427 2578 2424
f 2426 2587 2589
f 2826 2574 1952
f 2826 2582 2574
f 2648 1957 1959
f 2826 2649 2582
f 2650 1959 2590
f 2650 2648 1959
f 2651 2650 2590
f 2651 2590 2595
f 2653 2600 2596
f 2602 2447 2592
f 2602 2450 2447
f 2654 2163 2197
f 2654 2653 2163
f 2654 2600 2653
f 2655 2654 2197
f 2655 2600 2654
f 2655 2602 2600
f 2655 2197 2606
f 2655 2606 2602
f 2656 2605 1970
f 2656 1970 1971
f 2656 1971 1972
f 2204 2612 2203
f 2204 2200 2458
f 2204 2467 2200
f 2657 2613 2617
f 2658 2617 2618
f 2660 2495 2218
f 2660 2496 2495
f 2660 2218 2631
f 2660 2742 2496
f 2740 2742 2660
f 1936 2636 2637
f 1936 2513 2636
f 1936 2637 2638
f 2661 2638 2637
f 2661 220 2523
f 2661 1937 2638
f 2661 2525 1937
f 2661 2523 2525
f 1948 2549 2557
f 1948 2643 2549
f 2341 2552 2343
f 2662 1953 1955
f 2662 1954 2648
f 2662 1955 1954
f 2662 1952 1953
f 2662 2648 2650
f 2663 1952 2662
f 2663 2662 2650
f 2663 2826 1952
f 2663 2650 2651
f 2663 2651 2652
f 2663 2652 2826
f 2656 1972 2659
f 2612 2454 2611
f 2612 2611 2472
f 2612 2204 2454
f 2656 2869 2605
f 2656 2659 2869
f 2657 2617 2658
f 2657 2659 1972
f 2657 2658 2659
f 2631 2740 2660
f 2631 2499 2740
f 2729 3736 2890
f 2666 2664 3736
f 2665 2664 2666
f 2667 2665 2666
f 2668 3738 2665
f 2668 2665 2667
f 2668 2669 3738
f 2499 3741 2669
f 3741 2499 2198
f 2674 2865 2672
f 2674 2672 2744
f 2867 2676 2675
f 2751 2677 2744
f 2679 2867 2747
f 2678 2677 2751
f 2678 2751 2681
f 2868 2680 2759
f 2682 2680 2868
f 2683 2681 2685
f 2877 2685 2775
f 2784 2686 2687
f 2688 2784 2687
f 2689 2781 2870
f 2879 2794 2689
f 2879 2870 2694
f 2871 2878 2693
f 2696 2693 2695
f 2700 2696 2699
f 2701 2445 2700
f 2701 2880 2881
f 2702 2701 2881
f 2702 2881 2703
f 2706 2825 2705
f 2834 2706 2707
f 2708 2834 2707
f 2708 2707 2829
f 2709 2833 2873
f 2842 2709 2873
f 2713 2711 2714
f 2715 2873 2874
f 2715 2842 2873
f 2716 2713 2714
f 2852 2716 2717
f 2722 2875 2720
f 2861 2719 2875
f 2723 2862 2721
f 2727 2725 2864
f 2670 2667 2666
f 2668 2667 2731
f 2670 2731 2667
f 2732 2731 2670
f 2669 2668 2671
f 2733 2668 2731
f 2733 2731 2732
f 2733 2671 2668
f 2670 2666 2865
f 2733 2734 2671
f 2735 2865 2730
f 2735 2672 2865
f 2737 2670 2865
f 2734 2733 2732
f 2737 2732 2670
f 2740 2671 2866
f 2741 2672 2735
f 2734 2673 2866
f 2736 2734 2732
f 2736 2732 2737
f 2736 2739 2734
f 2736 2737 2738
f 2742 2740 2866
f 2742 2866 2673
f 2745 2737 2746
f 2745 2738 2737
f 2741 2744 2672
f 2743 2744 2741
f 2739 2736 2738
f 2739 2747 2675
f 2497 2742 2676
f 2738 2747 2739
f 2746 2674 2754
f 2749 2497 2676
f 2748 2745 2746
f 2752 2747 2738
f 2743 2751 2744
f 2748 2746 2754
f 2758 2751 2743
f 2749 2676 2867
f 2752 2738 2745
f 2752 2679 2747
f 2748 2752 2745
f 2753 2749 2867
f 2754 2750 2748
f 2754 2677 2755
f 2755 2750 2754
f 2760 2753 2867
f 2760 2867 2679
f 2759 2748 2750
f 2760 2217 2753
f 2759 2752 2748
f 2759 2680 2752
f 2756 2755 2677
f 2757 2750 2755
f 2756 2677 2678
f 2757 2755 2756
f 2762 2751 2758
f 2761 2757 2756
f 2761 2756 2763
f 2764 2750 2757
f 2764 2759 2750
f 2762 2681 2751
f 2764 2868 2759
f 2493 2760 2682
f 2761 2764 2757
f 2763 2765 2761
f 2764 2767 2868
f 2682 2023 2493
f 2761 2767 2764
f 2766 2681 2762
f 2023 2682 2868
f 2770 2023 2868
f 2023 2770 2022
f 2767 2761 2765
f 2766 2685 2681
f 2769 2767 2765
f 2767 2686 2684
f 2768 2774 2765
f 2768 2765 2763
f 2769 2686 2767
f 2768 2683 2773
f 2769 2765 2774
f 2772 2770 2684
f 2774 2768 2773
f 2771 2769 2774
f 2771 2686 2769
f 2773 2683 2685
f 2772 2684 2686
f 2780 2771 2774
f 2771 2687 2686
f 2775 2685 2766
f 2776 2772 2686
f 2777 2774 2773
f 2780 2687 2771
f 2778 2774 2777
f 2778 2780 2774
f 2214 2776 2686
f 2777 2685 2877
f 2780 2786 2687
f 2781 2775 2782
f 2778 2786 2780
f 2214 2686 2784
f 2778 2777 2779
f 2783 2779 2777
f 2784 2483 2214
f 2786 2778 2779
f 2785 2783 2877
f 2788 2786 2779
f 2783 2785 2787
f 2788 2688 2786
f 2618 2784 2688
f 2618 2483 2784
f 2782 2870 2781
f 2785 2877 2691
f 2779 2783 2787
f 2788 2779 2787
f 2790 2787 2785
f 2790 2785 2691
f 2658 2618 2688
f 2792 2788 2787
f 2793 2870 2782
f 2789 2787 2790
f 2789 2792 2787
f 2691 2791 2790
f 2792 2690 2788
f 2659 2658 2690
f 2789 2790 2791
f 2659 2690 2869
f 2797 2792 2789
f 2797 2789 2791
f 2794 2691 2689
f 2794 2791 2691
f 2791 2794 2795
f 2796 2797 2791
f 2799 2870 2793
f 2796 2791 2795
f 2799 2694 2870
f 2798 2796 2795
f 2800 2795 2794
f 2798 2693 2797
f 2798 2797 2796
f 2800 2794 2879
f 2802 2693 2798
f 2802 2798 2795
f 2801 2795 2800
f 2801 2802 2795
f 2802 2695 2693
f 2807 2694 2799
f 2801 2695 2802
f 2800 2879 2806
f 2804 2803 2878
f 2804 2878 2871
f 2806 2801 2800
f 2805 2695 2801
f 2805 2801 2806
f 2695 2805 2699
f 2695 2699 2696
f 2871 2193 2804
f 2807 2698 2697
f 2193 2871 2016
f 2808 2805 2806
f 2812 2698 2807
f 2811 2808 2697
f 2809 2805 2808
f 2810 2699 2805
f 2810 2805 2809
f 2810 2700 2699
f 2811 2809 2808
f 2813 2809 2811
f 2814 2810 2809
f 2814 2809 2813
f 2814 2880 2810
f 2814 2881 2880
f 2813 2811 2816
f 2812 2882 2698
f 2595 2445 2701
f 2819 2814 2813
f 2651 2595 2701
f 2819 2881 2814
f 2651 2701 2702
f 2819 2703 2881
f 2817 2819 2813
f 2817 2813 2816
f 2815 2818 2816
f 2821 2882 2812
f 2819 2817 2703
f 2817 2816 2818
f 2815 2882 2820
f 2651 2702 2652
f 2822 2817 2818
f 2821 2704 2882
f 2824 2704 2821
f 2822 2703 2817
f 2822 2705 2703
f 2820 2818 2815
f 2825 2652 2702
f 2823 2822 2818
f 2827 2882 2704
f 2827 2823 2820
f 2825 2826 2652
f 2823 2818 2820
f 2828 2822 2823
f 2825 2649 2826
f 2828 2707 2822
f 2649 2825 2706
f 2830 2828 2823
f 2830 2823 2827
f 2827 2704 2832
f 2831 2830 2827
f 2582 2706 2834
f 2582 2649 2706
f 2829 2707 2828
f 2829 2828 2830
f 2831 2827 2832
f 2582 2834 2414
f 2830 2835 2829
f 2834 2836 2414
f 2835 2830 2831
f 2837 2831 2832
f 2836 2834 2708
f 2837 2832 2709
f 2838 2835 2831
f 2838 2831 2837
f 2839 2873 2833
f 2837 2709 2712
f 2838 2837 2840
f 2841 2838 2840
f 2841 2835 2838
f 2840 2837 2712
f 2712 2709 2842
f 2844 2144 2710
f 2841 2714 2711
f 2840 2714 2841
f 2843 2873 2839
f 2843 2874 2873
f 2848 2714 2840
f 2847 2840 2712
f 2847 2712 2842
f 2846 2844 2713
f 2848 2716 2714
f 2845 2847 2842
f 2845 2842 2715
f 2847 2848 2840
f 2850 2846 2713
f 2850 2713 2716
f 2853 2874 2843
f 2849 2845 2854
f 2849 2847 2845
f 2851 2848 2847
f 2851 2716 2848
f 2852 2850 2716
f 2851 2847 2849
f 2851 2717 2716
f 2854 2855 2849
f 2851 2858 2717
f 2853 2875 2874
f 2851 2849 2855
f 2858 2851 2855
f 2720 2875 2853
f 2856 2855 2854
f 2112 2852 2717
f 2858 2718 2717
f 2858 2855 2859
f 2856 2884 2860
f 2855 2856 2857
f 2113 2112 2717
f 2113 2717 2718
f 2859 2855 2857
f 2860 2857 2856
f 2859 2863 2721
f 2857 2863 2859
f 2862 2090 2113
f 2724 2719 2861
f 2724 2725 2860
f 2724 2860 2719
f 2857 2860 2725
f 2861 2875 2722
f 2862 2088 2090
f 2861 3673 2724
f 2723 2088 2862
f 2863 2857 2725
f 2727 2726 2863
f 2727 2863 2725
f 2725 2724 2864
f 2728 2726 2727
f 2666 3736 2729
f 2865 2729 2730
f 2865 2666 2729
f 2671 2740 2499
f 2671 2499 2669
f 2673 2676 2742
f 2679 2682 2760
f 2868 2767 2684
f 2684 2770 2868
f 2688 2687 2786
f 2688 2690 2658
f 2878 2803 2869
f 2870 2879 2689
f 2871 2693 2696
f 2871 2696 2016
f 2694 2807 2697
f 2696 2445 2598
f 2696 2700 2445
f 2696 2598 2016
f 2704 2824 2872
f 2706 2822 2707
f 2706 2705 2822
f 2708 2144 2836
f 2708 2829 2835
f 2708 2835 2711
f 2708 2711 2710
f 2708 2710 2144
f 2713 2844 2710
f 2718 2862 2113
f 2876 2329 2723
f 2876 2726 2728
f 2876 2728 3744
f 2876 2325 2329
f 2876 3744 2325
f 2674 2737 2865
f 2866 2671 2734
f 2674 2746 2737
f 2673 2739 2675
f 2673 2734 2739
f 2673 2675 2676
f 2677 2754 2674
f 2677 2674 2744
f 2747 2867 2675
f 2679 2752 2680
f 2679 2680 2682
f 2678 2763 2756
f 2683 2768 2763
f 2683 2763 2678
f 2683 2678 2681
f 2685 2777 2773
f 2877 2783 2777
f 2877 2775 2781
f 2877 2781 2689
f 2877 2689 2691
f 2688 2788 2690
f 2692 2869 2690
f 2692 2690 2792
f 2692 2792 2797
f 2692 2878 2869
f 2878 2797 2693
f 2878 2692 2797
f 2879 2694 2697
f 2879 2808 2806
f 2879 2697 2808
f 2698 2811 2697
f 2698 2816 2811
f 2880 2700 2810
f 2880 2701 2700
f 2698 2815 2816
f 2698 2882 2815
f 2882 2827 2820
f 2703 2705 2825
f 2703 2825 2702
f 2883 2832 2704
f 2883 2704 2872
f 2883 2872 2833
f 2883 2709 2832
f 2883 2833 2709
f 2711 2835 2841
f 2711 2713 2710
f 2715 2854 2845
f 2884 2854 2715
f 2884 2874 2875
f 2884 2856 2854
f 2884 2715 2874
f 2884 2719 2860
f 2884 2875 2719
f 2718 2859 2721
f 2718 2721 2862
f 2718 2858 2859
f 2726 2721 2863
f 2726 2876 2723
f 2726 2723 2721
f 16 14 2885
f 16 2885 2886
f 12 2885 14
f 18 16 2886
f 12 3836 2885
f 18 2886 2887
f 10 3836 12
f 20 18 2887
f 10 2888 3836
f 20 2887 2889
f 8 3843 2888
f 8 2888 10
f 22 20 2889
f 8 3847 3843
f 6 3847 8
f 22 2889 3805
f 6 2890 3847
f 24 22 3805
f 4 2890 6
f 26 3805 3803
f 26 24 3805
f 1 2890 4
f 1 2729 2890
f 28 3803 2891
f 28 26 3803
f 2892 2729 1
f 2892 2730 2729
f 30 28 2891
f 2893 2730 2892
f 30 3792 3789
f 30 2891 3792
f 2893 2735 2730
f 32 30 3789
f 2894 2735 2893
f 2741 2735 2894
f 2895 32 3789
f 34 32 2895
f 2897 34 2895
f 2896 2741 2894
f 2896 2743 2741
f 36 34 2897
f 2898 2758 2743
f 2898 2743 2896
f 38 36 2897
f 2899 38 2897
f 2900 2758 2898
f 2762 2758 2900
f 40 38 2899
f 3760 40 2899
f 2766 2762 2900
f 2901 2766 2900
f 3760 42 40
f 2775 2766 2901
f 3751 42 3760
f 2775 2901 2902
f 3746 42 3751
f 43 42 3746
f 3746 45 43
f 2782 2775 2902
f 2782 2902 2903
f 2793 2903 2904
f 2793 2782 2903
f 3742 47 45
f 3742 45 3746
f 2799 2904 2906
f 2799 2793 2904
f 2720 47 3742
f 2720 2905 47
f 2799 2906 2907
f 2807 2799 2907
f 2807 2907 2909
f 2853 2905 2720
f 2853 2908 2905
f 2812 2807 2909
f 2843 2910 2908
f 2843 2908 2853
f 2812 2909 2911
f 2821 2812 2911
f 2843 2912 2910
f 2821 2911 2913
f 2839 2912 2843
f 2824 2821 2913
f 2839 2914 2912
f 2824 2913 2915
f 2833 2914 2839
f 2872 2824 2915
f 2833 2915 2914
f 2872 2915 2833
f 94 92 90
f 97 95 94
f 86 88 87
f 86 90 88
f 86 94 90
f 82 86 84
f 100 99 97
f 100 97 94
f 80 86 82
f 104 102 100
f 79 94 86
f 79 86 80
f 2916 105 104
f 2916 104 100
f 73 76 75
f 73 78 76
f 73 79 78
f 2917 2918 2916
f 2917 2919 2918
f 2921 2916 100
f 2921 2917 2916
f 67 70 68
f 65 70 67
f 65 71 70
f 2920 2922 2921
f 2920 2923 2922
f 64 71 65
f 64 73 71
f 2925 2921 100
f 2925 2920 2921
f 2925 2924 2920
f 2926 2925 100
f 2926 100 94
f 59 62 61
f 58 73 64
f 58 62 59
f 58 64 62
f 58 79 73
f 56 79 58
f 52 55 54
f 52 56 55
f 2928 2929 2927
f 2928 2930 2929
f 2928 2926 94
f 2928 2927 2926
f 2928 94 79
f 2931 2928 79
f 2931 2932 2928
f 48 56 52
f 48 52 50
f 2933 2934 2931
f 2933 2935 2934
f 2936 56 48
f 2936 48 2937
f 2940 56 2936
f 2940 2936 2941
f 2942 2931 79
f 2942 2933 2931
f 2942 2939 2933
f 2942 2938 2939
f 2942 79 56
f 2943 2940 2944
f 2945 2940 2943
f 2945 2943 2946
f 2948 2947 2942
f 2949 2940 2945
f 2950 56 2940
f 2950 2942 56
f 2950 2948 2942
f 2951 2940 2949
f 2952 2950 2940
f 2952 2940 2951
f 128 47 2905
f 132 128 2905
f 136 132 2905
f 136 2905 2908
f 138 2908 2910
f 138 136 2908
f 144 2910 2912
f 144 138 2910
f 144 2912 2914
f 147 144 2914
f 147 2914 2915
f 149 147 2915
f 149 2915 2913
f 142 149 2913
f 142 2913 2911
f 140 142 2911
f 140 2911 2909
f 130 140 2909
f 130 2909 2907
f 129 2907 2906
f 129 130 2907
f 125 2906 2904
f 125 129 2906
f 124 2904 2903
f 124 125 2904
f 124 2903 2902
f 122 124 2902
f 121 2902 2901
f 121 122 2902
f 118 121 2901
f 118 2901 2900
f 117 118 2900
f 117 2900 2898
f 115 2898 2896
f 115 117 2898
f 112 2896 2894
f 112 115 2896
f 110 2894 2893
f 110 112 2894
f 108 2893 2892
f 108 110 2893
f 2 2892 1
f 2 108 2892
f 106 105 107
f 105 2916 107
f 107 2916 109
f 2916 2918 109
f 109 2918 111
f 2918 2919 111
f 111 2917 113
f 2919 2917 111
f 2917 2921 113
f 113 2922 114
f 2921 2922 113
f 2922 2923 114
f 114 2920 116
f 2923 2920 114
f 2920 2924 116
f 2924 2925 116
f 116 2925 119
f 2925 2926 119
f 2926 2927 119
f 119 2927 120
f 2927 2929 120
f 120 2929 123
f 2929 2930 123
f 123 2928 126
f 2930 2928 123
f 2928 2932 126
f 2932 2931 126
f 126 2934 127
f 2931 2934 126
f 2934 2935 127
f 127 2933 131
f 2935 2933 127
f 2933 2939 131
f 131 2939 135
f 2939 2938 135
f 135 2942 137
f 2938 2942 135
f 2942 2947 137
f 137 2947 143
f 2947 2948 143
f 143 2948 145
f 2948 2950 145
f 2950 2952 145
f 145 2952 148
f 2952 2951 148
f 148 2951 146
f 2951 2949 146
f 146 2949 141
f 2949 2945 141
f 141 2946 139
f 2945 2946 141
f 2946 2943 139
f 139 2944 134
f 2943 2944 139
f 2944 2940 134
f 134 2941 133
f 2940 2941 134
f 2941 2936 133
f 2936 2937 133
f 133 2937 49
f 2937 48 49
f 2953 2198 229
f 3077 2954 3666
f 2955 3077 3666
f 3647 2955 3666
f 3082 3648 3538
f 2956 3082 3538
f 3010 2956 2957
f 3010 2957 2958
f 3013 3010 2958
f 2962 2963 2961
f 2965 3018 2964
f 2965 2964 3667
f 2966 2965 3667
f 2966 3667 2967
f 2968 2967 3668
f 3564 2969 3558
f 2971 2972 2974
f 2971 2970 2972
f 2973 2971 2974
f 2978 3656 2977
f 2978 2977 2979
f 2980 2979 2981
f 2980 2978 2979
f 2982 2980 2981
f 2983 2982 2984
f 2983 3597 2982
f 2985 2984 2986
f 2985 2983 2984
f 2986 3031 3032
f 2987 3032 3033
f 2987 2986 3032
f 2988 2989 2990
f 2988 2990 3038
f 2988 3038 3040
f 3465 2988 3040
f 3465 3040 2991
f 2992 2991 3041
f 2992 3041 3042
f 2993 2992 3042
f 2995 2994 3209
f 3662 2995 2996
f 2997 2996 3469
f 2997 3469 2998
f 2997 3662 2996
f 2999 2953 229
f 3000 3055 3001
f 3003 3001 3002
f 3004 3003 3002
f 3004 3002 204
f 3265 3004 204
f 3060 204 201
f 3060 3265 204
f 3269 3265 3060
f 3006 3007 2954
f 3006 2954 3078
f 3006 3078 3292
f 3006 3005 3007
f 3010 3309 2956
f 3012 2960 2959
f 3012 3011 2960
f 3012 2961 2963
f 3012 2963 3011
f 3015 3013 2958
f 3014 2958 2959
f 3014 3015 2958
f 3014 2959 2960
f 3106 3014 3016
f 3106 3015 3014
f 3017 2963 2962
f 3115 3017 2962
f 3115 2962 3313
f 3116 3017 3115
f 3019 3018 2965
f 3113 3019 2965
f 3115 3313 3018
f 3132 150 151
f 3132 3131 150
f 3020 3558 3344
f 3020 3564 3558
f 3020 3021 3564
f 3022 3020 3344
f 3369 3132 151
f 3369 151 3023
f 3024 3369 3023
f 3384 3023 3139
f 3384 3024 3023
f 3379 3839 3842
f 3839 3379 3025
f 3026 3021 3392
f 3025 3837 3839
f 3156 3027 3148
f 3571 3028 3161
f 2970 3410 3571
f 3394 3174 3837
f 2977 3656 2975
f 3029 2977 3170
f 2979 2977 3029
f 3030 2981 2979
f 3032 3031 3175
f 3033 3175 3034
f 3033 3032 3175
f 3035 2990 3197
f 3035 3034 3036
f 3037 2990 3035
f 3037 3035 3036
f 3037 3038 2990
f 3039 2987 3033
f 3197 2990 2989
f 3197 3039 3033
f 3039 3197 2989
f 3041 2991 3040
f 3042 3041 3448
f 3042 2994 2993
f 3045 3210 3046
f 3609 3616 2998
f 3049 3779 3782
f 3050 3779 3049
f 3052 3051 3050
f 3506 3051 3052
f 3053 2999 229
f 3243 3053 3241
f 3054 3053 3243
f 3056 3516 3055
f 3520 3057 3056
f 3059 2953 2999
f 3262 3060 201
f 3262 201 200
f 3062 3061 3060
f 3062 3005 3061
f 3275 3268 3263
f 3537 3005 3006
f 3537 3006 3292
f 3064 3533 3281
f 3064 3065 3533
f 3066 3064 3281
f 3068 3009 3008
f 3066 3069 3064
f 3079 3072 3071
f 3299 3287 3067
f 3074 3287 3299
f 3076 3296 3070
f 3079 3531 3065
f 3080 3065 3064
f 2959 3073 3075
f 2959 3075 3012
f 3301 3066 3291
f 3086 3064 3069
f 3086 3080 3064
f 3082 2956 3309
f 3083 3075 174
f 3083 174 3081
f 3085 3076 3087
f 3306 3008 3009
f 3088 3085 3087
f 3088 3087 3084
f 3297 3089 3090
f 2961 3075 3083
f 2961 3012 3075
f 3300 3089 3297
f 3092 3094 3093
f 3094 3095 3091
f 3094 3096 3095
f 3309 3089 3300
f 3319 3309 3010
f 3097 3016 3014
f 3097 2960 3011
f 3097 3014 2960
f 3098 3097 3011
f 3098 2963 3017
f 3098 3011 2963
f 3099 3096 3094
f 3100 3010 3013
f 3100 3319 3010
f 3098 3016 3097
f 3015 3100 3013
f 3101 3549 3310
f 3102 3016 3098
f 3098 3017 3116
f 3098 3116 3102
f 3105 3314 3103
f 3105 3325 3314
f 3104 3340 3105
f 3104 3105 3103
f 3106 3016 3102
f 3106 3100 3015
f 3107 3106 3102
f 3107 3336 3106
f 3107 3102 3116
f 3109 3348 3111
f 3110 3105 3340
f 3328 3557 3112
f 2966 3113 2965
f 3335 153 150
f 3335 150 3131
f 3119 3120 3332
f 3119 3332 3339
f 3019 3116 3115
f 3019 3115 3018
f 3121 3118 3859
f 3126 3019 3113
f 3123 2968 2969
f 3125 3560 3130
f 3125 3121 3560
f 3125 3118 3121
f 3125 3143 3118
f 3129 3125 3130
f 3563 3376 3119
f 3133 3127 3126
f 3137 3364 3363
f 3134 3021 3020
f 3134 3020 3022
f 3135 3129 3130
f 3135 3130 3353
f 3371 3127 3133
f 3141 3139 160
f 3142 3125 3129
f 3142 3143 3125
f 3145 3129 3135
f 3145 3142 3129
f 3146 3021 3026
f 3145 3842 3142
f 3145 3379 3842
f 3148 3137 3136
f 3150 3149 3027
f 3152 3150 3027
f 3153 3139 3141
f 3391 3155 3361
f 3160 3157 3158
f 3404 3155 3391
f 3164 3153 3141
f 3403 3404 3391
f 3837 3387 3394
f 3160 3158 3159
f 3162 3153 3164
f 3029 3160 3159
f 3163 3162 3164
f 3415 3165 3420
f 3415 3166 3167
f 3170 2977 2975
f 3170 2975 2976
f 3159 2979 3029
f 3178 3394 3161
f 3178 3174 3394
f 3418 3179 3573
f 3175 3159 3158
f 3175 3158 3171
f 3177 3175 3031
f 3177 3159 3175
f 3177 3030 2979
f 3177 2979 3159
f 3178 3832 3174
f 3180 3181 3182
f 3184 3185 3186
f 2984 3031 2986
f 2984 2981 3030
f 2984 2982 2981
f 2984 3177 3031
f 2984 3030 3177
f 3187 3429 3183
f 3188 3189 3207
f 3036 3188 3207
f 3190 176 3191
f 3434 3189 3192
f 3194 3207 3189
f 3194 3189 3434
f 3207 3037 3036
f 3197 3034 3035
f 3197 3033 3034
f 3198 3193 3199
f 3198 3187 3193
f 3041 3207 3194
f 3207 3038 3037
f 3207 3041 3040
f 3204 3202 3201
f 3205 3196 3195
f 3205 3195 3206
f 3208 3196 3205
f 3040 3038 3207
f 3210 3203 3201
f 3210 3201 3046
f 3455 3205 3206
f 3209 3448 3210
f 3209 3042 3448
f 3604 3039 3043
f 3604 3043 3044
f 3605 3222 3211
f 3209 2994 3042
f 3605 3225 3222
f 3213 3466 3450
f 3212 3225 3605
f 3212 3215 3225
f 2989 3043 3039
f 3216 2989 2988
f 3216 3043 2989
f 3217 3045 3462
f 3218 3191 3499
f 3216 3044 3043
f 3217 3220 3609
f 3221 3044 3216
f 3224 3223 3482
f 3478 3225 3215
f 3610 3215 3226
f 3478 3215 3610
f 3227 3482 3228
f 3230 3229 3499
f 3234 3047 3048
f 3231 3048 3047
f 3231 3047 3484
f 3232 3049 3048
f 3232 3048 3231
f 3232 3231 3233
f 3050 3049 3500
f 3234 3785 3235
f 3785 3049 3782
f 3785 3048 3049
f 3785 3234 3048
f 3236 176 1933
f 3236 1933 3237
f 3236 3191 176
f 3236 3499 3191
f 3240 3768 3506
f 3240 3238 3239
f 227 3241 3053
f 227 3053 229
f 3241 3514 224
f 3242 3241 224
f 3243 3241 3242
f 3245 3054 3243
f 3246 3053 3054
f 3246 2999 3053
f 3248 2999 3246
f 3247 3519 3249
f 3251 3248 3246
f 3000 3001 3003
f 3000 3056 3055
f 3250 2999 3248
f 3250 3258 3059
f 3250 3059 2999
f 3521 3520 3056
f 3000 3521 3056
f 3252 3248 3251
f 3252 3251 3257
f 3521 3000 3058
f 3261 3004 3265
f 3259 3268 3253
f 3256 3253 3268
f 3256 3254 3253
f 3256 3255 3254
f 3260 3058 3261
f 3262 3062 3060
f 3263 3268 3259
f 3263 3259 3522
f 3269 3060 3061
f 3264 3262 200
f 3264 200 195
f 3266 3255 3256
f 3266 3256 3267
f 3266 3257 3255
f 3268 3267 3256
f 3269 3261 3265
f 3271 3263 3522
f 3272 3257 3266
f 3272 3266 3270
f 3272 3273 3257
f 3524 3062 3262
f 3271 3523 3063
f 3061 3274 3269
f 3267 3270 3266
f 3275 3263 3271
f 3524 3007 3005
f 3524 3005 3062
f 3278 3526 3276
f 3278 3063 3523
f 3277 3268 3275
f 3277 3267 3268
f 3278 3067 3063
f 3285 3005 3537
f 3285 3061 3005
f 3279 3283 3282
f 3280 3275 3271
f 3276 3067 3278
f 3528 3282 3283
f 3528 3071 3072
f 3531 3079 3071
f 3531 3533 3065
f 3295 3276 3070
f 3288 3066 3281
f 3288 3281 3277
f 3295 3067 3276
f 3528 3286 3282
f 3528 3072 3286
f 3290 3070 3284
f 3295 3070 3296
f 3291 3287 3074
f 3291 3288 3280
f 3291 3280 3287
f 3292 3068 3537
f 3291 3066 3288
f 3293 2953 3279
f 3293 3282 3286
f 3293 3279 3282
f 3536 3084 3290
f 3536 3008 3084
f 3536 3068 3008
f 3290 3076 3070
f 3009 3068 3292
f 3009 3292 3078
f 3534 2958 2957
f 3534 3073 2959
f 3534 2959 2958
f 3294 174 3075
f 3294 3075 3073
f 3295 3299 3067
f 3290 3084 3087
f 3290 3087 3076
f 2955 3297 3077
f 2955 3647 3648
f 2955 3648 3082
f 2955 3082 3297
f 3298 3299 3295
f 3298 3295 3296
f 3069 3066 3301
f 3090 3009 3078
f 3090 3077 3297
f 3090 3078 3077
f 3074 3301 3291
f 3299 3298 3307
f 3074 3093 3301
f 3074 3299 3093
f 3650 3076 3085
f 3650 3296 3076
f 3300 3297 3082
f 3300 3082 3309
f 3091 3086 3069
f 3090 3306 3009
f 3301 3091 3069
f 3301 3093 3094
f 3302 3081 3303
f 3302 3083 3081
f 3304 2953 3293
f 3305 3307 3298
f 3305 3298 3650
f 3091 3301 3094
f 3310 3008 3306
f 3306 3317 3310
f 3308 3093 3299
f 3308 3299 3307
f 3308 3307 3315
f 3310 3084 3008
f 3546 3088 3084
f 3310 3546 3084
f 3092 3093 3308
f 3092 3308 3315
f 3317 3090 3089
f 3317 3306 3090
f 3086 3091 3095
f 3546 3311 3088
f 3313 2961 3083
f 3313 2962 2961
f 3313 3083 3302
f 3312 3086 3095
f 3313 2964 3018
f 3314 3315 3307
f 3314 3307 3305
f 3314 3305 3103
f 3544 3103 3305
f 3544 3104 3103
f 3099 3094 3092
f 3316 3543 3312
f 3324 3545 3317
f 3318 3099 3092
f 3318 3315 3314
f 3318 3092 3315
f 3318 3314 3325
f 3104 3544 3311
f 3321 3309 3319
f 3321 3089 3309
f 3320 3312 3095
f 3319 3100 3108
f 3320 3316 3312
f 3321 3322 3324
f 3545 3101 3310
f 3327 3099 3323
f 3327 3096 3099
f 3328 3549 3557
f 3324 3101 3545
f 3327 3323 3109
f 3337 3549 3101
f 3338 3324 3322
f 3325 3105 3110
f 3325 3110 3329
f 3330 3318 3325
f 3330 3325 3329
f 3557 3549 3337
f 3336 3108 3100
f 3336 3100 3106
f 3338 3337 3101
f 3338 3101 3324
f 3332 3338 3322
f 3339 3332 3322
f 3339 3322 3321
f 3339 3321 3319
f 3339 3319 3108
f 3328 3340 3104
f 155 153 3335
f 3338 3332 3120
f 3338 3120 3337
f 3121 3859 3117
f 3121 3117 3333
f 3341 3323 3330
f 3109 3323 3341
f 3342 3328 3112
f 3342 3340 3328
f 3342 3110 3340
f 3342 3329 3110
f 3342 3124 3329
f 3329 3341 3330
f 3344 3335 3122
f 3348 3114 3111
f 3345 3337 3120
f 3346 3861 3343
f 3346 3859 3861
f 3346 3347 3117
f 3346 3117 3859
f 3344 3122 3022
f 3352 3113 2966
f 3352 2966 3128
f 3335 3131 3122
f 3349 3116 3019
f 3349 3019 3138
f 3349 3107 3116
f 3128 2968 3123
f 3128 2966 2967
f 3128 2967 2968
f 3366 3124 3342
f 3350 3114 3348
f 3352 3126 3113
f 3352 3128 3133
f 3565 3350 3348
f 3354 3345 3351
f 3355 3353 3655
f 3359 3112 3364
f 3359 3366 3342
f 3359 3342 3112
f 3367 3341 3329
f 3367 3365 3341
f 3367 3329 3124
f 3361 3336 3107
f 3352 3133 3126
f 3356 3119 3376
f 3358 3019 3126
f 3358 3138 3019
f 3349 3361 3107
f 3565 3368 3350
f 3565 3144 3368
f 3360 3336 3361
f 3362 3363 3354
f 3362 3354 3351
f 3368 3140 3357
f 3368 3357 3559
f 3123 3133 3128
f 3357 3353 3355
f 3357 3135 3353
f 3364 3137 3359
f 3371 3133 3123
f 3371 3123 3021
f 3374 3367 3124
f 3568 3022 3122
f 3568 3383 3022
f 3021 3134 3392
f 3370 3357 3140
f 3373 3122 3131
f 3368 3144 3140
f 3374 3366 3149
f 3374 3124 3366
f 3383 3134 3022
f 3388 3376 3563
f 3132 3373 3131
f 3370 3135 3357
f 3377 3563 3360
f 3136 3137 3363
f 3371 3021 3146
f 3381 3358 3126
f 3381 3126 3127
f 3378 3132 3369
f 3365 3372 3566
f 3373 3568 3122
f 3374 3149 3150
f 3374 3150 3151
f 3374 3151 3367
f 3360 3361 3155
f 3375 3376 3157
f 3377 3360 3155
f 3373 3132 3378
f 3379 3370 3140
f 3375 3363 3362
f 3375 3136 3363
f 3379 3135 3370
f 3384 3139 3153
f 3567 3373 3378
f 3380 3127 3371
f 3380 3371 3146
f 3385 3361 3349
f 3379 3145 3135
f 3389 3367 3151
f 3389 3365 3367
f 3388 3157 3376
f 3149 3366 3359
f 3149 3137 3148
f 3149 3359 3137
f 3149 3148 3027
f 3387 3140 3144
f 3386 3381 3382
f 3386 3358 3381
f 3386 3138 3358
f 3160 3375 3157
f 3160 3136 3375
f 3387 3837 3025
f 3165 3138 3386
f 3388 3407 3171
f 3390 3378 3154
f 3391 3361 3385
f 3395 3384 3153
f 3395 3153 3162
f 3393 3382 3381
f 3394 3144 3372
f 3394 3387 3144
f 3394 3372 3161
f 3182 3380 3146
f 3182 3146 3026
f 3396 3571 3161
f 3396 3161 3372
f 3395 3154 3384
f 3155 3404 3407
f 3155 3388 3377
f 3155 3407 3388
f 3398 3165 3386
f 3398 3386 3382
f 3391 3399 3403
f 3400 3136 3160
f 3400 3148 3136
f 3400 3156 3148
f 3168 3026 3392
f 3168 3392 3147
f 3401 3152 3027
f 3388 3171 3158
f 3388 3158 3157
f 3400 3170 3156
f 3400 3029 3170
f 3399 3391 3385
f 3399 3385 3167
f 3400 3160 3029
f 3172 3397 3573
f 3156 3401 3027
f 3405 3393 3380
f 3182 3026 3168
f 2972 3152 3401
f 3172 3168 3147
f 3402 3165 3398
f 3402 3398 3382
f 3408 3572 164
f 3393 3402 3382
f 3401 2974 2972
f 3172 3573 3179
f 3416 3399 3167
f 3572 3163 3164
f 3172 3179 3169
f 3172 3169 3168
f 3416 3167 3166
f 3580 3395 3162
f 3405 3182 3181
f 3405 3181 3393
f 3402 3393 3181
f 3402 3420 3165
f 3407 3173 3171
f 2976 2974 3401
f 3414 3182 3168
f 3414 3168 3169
f 3409 3162 3163
f 3409 3163 3577
f 3409 3580 3162
f 3028 3178 3161
f 3410 3028 3571
f 3421 3402 3181
f 3421 3420 3402
f 3413 3577 3163
f 3413 3163 3572
f 3413 3572 3408
f 3411 3412 3176
f 3192 3416 3166
f 3422 166 171
f 3421 3181 3180
f 3419 3418 3573
f 3416 3403 3399
f 3416 3417 3403
f 3417 3407 3404
f 3417 3404 3403
f 3417 3173 3407
f 3417 3188 3173
f 3581 3178 3028
f 3419 3183 3429
f 3419 3429 3418
f 3428 3414 3169
f 3586 3185 3184
f 3173 3188 3036
f 3173 3175 3171
f 3425 3178 3581
f 3436 3179 3418
f 3436 3169 3179
f 3421 3180 3437
f 3423 3420 3421
f 3425 3832 3178
f 3416 3192 3189
f 3416 3189 3188
f 3416 3188 3417
f 3426 3412 3424
f 3034 3173 3036
f 3034 3175 3173
f 3593 3422 3190
f 3426 3176 3412
f 3442 3426 3424
f 3427 3437 3180
f 3590 3424 3589
f 3590 3442 3424
f 3429 3436 3418
f 3431 3578 3423
f 3440 3431 3423
f 3432 3429 3187
f 3432 3436 3429
f 3585 3196 3428
f 3585 3195 3196
f 3434 3192 3433
f 3434 3433 3203
f 3439 3436 3432
f 3439 3432 3446
f 3440 3433 3431
f 3437 3452 3200
f 3437 3196 3452
f 3437 3427 3196
f 3438 3435 3184
f 3439 3195 3585
f 3440 3201 3203
f 3440 3203 3433
f 3443 3432 3187
f 3443 3187 3198
f 3441 3199 3442
f 3600 3591 3435
f 3444 3439 3446
f 3444 3195 3439
f 3445 3600 3435
f 3443 3446 3432
f 3444 3449 3206
f 3444 3446 3449
f 3444 3206 3195
f 3448 3041 3194
f 3448 3194 3434
f 3448 3203 3210
f 3448 3434 3203
f 3452 3196 3208
f 3449 3446 3443
f 3449 3443 3450
f 2985 2986 2987
f 3603 3447 3594
f 3454 3198 3199
f 3454 3451 3198
f 3451 3458 3198
f 3452 3453 3214
f 3452 3208 3453
f 3211 3451 3454
f 3202 3204 3200
f 3605 3211 3454
f 2985 2987 3604
f 3198 3458 3450
f 3198 3450 3443
f 3452 3460 3202
f 3452 3202 3200
f 3452 3214 3460
f 3450 3466 3449
f 3458 3451 3211
f 3456 3455 3206
f 3456 3206 3449
f 3456 3449 3466
f 3455 3453 3208
f 3455 3208 3205
f 3458 3211 3222
f 3212 3605 3603
f 3457 2985 3604
f 3461 3453 3455
f 3461 3455 3456
f 3458 3213 3450
f 3046 3462 3045
f 3046 3201 3202
f 3462 3202 3460
f 3460 3214 3220
f 3460 3220 3462
f 3462 3046 3202
f 3475 3214 3453
f 3219 3458 3222
f 3461 3475 3453
f 3606 3603 3459
f 3606 3463 3464
f 3606 3459 3463
f 3219 3213 3458
f 2996 3210 3045
f 3470 3475 3461
f 3475 3220 3214
f 3226 3606 3464
f 3465 3216 2988
f 3465 2991 2992
f 3467 3464 3463
f 3473 3607 3466
f 3220 3217 3462
f 3213 3468 3228
f 3213 3228 3473
f 3213 3473 3466
f 3213 3219 3468
f 3469 3045 3217
f 3469 2996 3045
f 3473 3223 3607
f 3472 3216 3465
f 3806 3221 3216
f 3806 3216 3472
f 3474 3467 3218
f 3474 3464 3467
f 3474 3218 3499
f 3476 3468 3219
f 3476 3219 3222
f 3225 3476 3222
f 3471 3610 3226
f 3480 3475 3470
f 3477 3609 3220
f 3477 3220 3475
f 3613 3480 3470
f 3613 3619 3480
f 3474 3499 3229
f 3480 3477 3475
f 3478 3476 3225
f 3481 3478 3610
f 3611 3479 3229
f 3611 3229 3230
f 3611 3471 3479
f 3480 3619 3489
f 3482 3619 3613
f 3483 3620 3481
f 3484 3047 3488
f 3490 3482 3227
f 3622 3487 3485
f 3622 3485 3624
f 3488 3047 3234
f 3497 3488 3234
f 3493 3484 3489
f 3496 3491 3227
f 3496 3227 3486
f 3493 3489 3492
f 3632 3483 3618
f 3490 3492 3494
f 3495 3232 3233
f 3495 3231 3484
f 3495 3493 3492
f 3495 3484 3493
f 3495 3233 3231
f 3495 3049 3232
f 3495 3500 3049
f 3497 3234 3235
f 3632 3618 3230
f 3498 3492 3490
f 3498 3490 3491
f 3498 3633 3492
f 3500 3492 3633
f 3500 3495 3492
f 3629 3632 3230
f 3500 3052 3050
f 3502 3633 3498
f 3502 3498 3491
f 3503 3236 3237
f 3503 3499 3236
f 3503 3230 3499
f 3503 3629 3230
f 3502 3505 3633
f 3502 3626 3238
f 3502 3238 3505
f 3506 3238 3240
f 3506 3052 3505
f 3506 3505 3238
f 3638 3237 3642
f 3509 3635 3507
f 3508 3509 3507
f 3509 3640 3635
f 3512 3237 1933
f 3512 3642 3237
f 3513 3512 1933
f 3514 3241 227
f 3643 224 222
f 3643 222 217
f 3643 3242 224
f 3517 213 3516
f 3517 3515 213
f 3517 3056 3057
f 3517 3516 3056
f 3247 3515 3517
f 3247 3517 3057
f 3247 3644 3515
f 3251 3054 3245
f 3244 3247 3249
f 3054 3251 3246
f 3518 3245 3244
f 3518 3244 3249
f 3518 3251 3245
f 3518 3249 3254
f 3519 3247 3057
f 3519 3057 3520
f 3519 3520 3259
f 3250 3252 3258
f 3250 3248 3252
f 3518 3255 3257
f 3518 3257 3251
f 3518 3254 3255
f 3003 3058 3000
f 3003 3261 3058
f 3003 3004 3261
f 3522 3521 3058
f 3522 3520 3521
f 3522 3058 3260
f 3252 3257 3273
f 3252 3273 3258
f 3522 3259 3520
f 3523 3260 3527
f 3523 3522 3260
f 3523 3271 3522
f 3264 3524 3262
f 3645 3258 3273
f 3526 3269 3274
f 3526 3261 3269
f 3525 3264 195
f 3525 3524 3264
f 3525 195 192
f 3526 3274 3284
f 3527 3526 3278
f 3527 3278 3523
f 3274 3061 3285
f 2954 3007 3524
f 3274 3285 3284
f 3267 3277 3281
f 3267 3281 3270
f 3533 3270 3281
f 3532 3526 3284
f 3532 3276 3526
f 3529 3530 3531
f 3529 3531 3071
f 3529 3071 3528
f 3533 3530 3270
f 3533 3531 3530
f 3288 3277 3275
f 3288 3275 3280
f 3070 3276 3532
f 3070 3532 3284
f 3063 3287 3280
f 3063 3280 3271
f 3063 3067 3287
f 3535 182 3289
f 3535 3289 3534
f 3536 3290 3284
f 3536 3284 3285
f 3537 3536 3285
f 3537 3068 3536
f 3538 3535 3534
f 3538 3534 2957
f 3538 2957 2956
f 3078 2954 3077
f 3289 3073 3534
f 3539 3293 3286
f 3541 3293 3539
f 3541 3304 3293
f 3539 3286 3540
f 3539 3540 3541
f 3544 3650 3085
f 3544 3085 3088
f 3544 3088 3311
f 3542 3304 3541
f 3542 3541 3540
f 165 3302 3303
f 3543 3316 3331
f 3545 3310 3317
f 3546 3549 3311
f 3546 3310 3549
f 2964 3302 165
f 3547 3304 3542
f 3547 3542 3651
f 3551 3540 3548
f 3089 3324 3317
f 3089 3321 3324
f 2964 3313 3302
f 3549 3328 3104
f 3549 3104 3311
f 3550 2953 3304
f 3550 2198 2953
f 3551 3548 3331
f 3552 3096 3327
f 3552 3095 3096
f 3552 3320 3095
f 3553 158 155
f 3553 155 3334
f 3323 3318 3330
f 3323 3099 3318
f 3552 3111 3326
f 3552 3326 3320
f 3552 3327 3109
f 3552 3109 3111
f 3554 3651 3333
f 3551 3560 3333
f 3551 3331 3560
f 3554 3654 3652
f 3326 3111 3114
f 3555 3320 3326
f 3555 3326 3114
f 3556 2198 3550
f 3556 3550 3652
f 3556 3343 2198
f 3347 3333 3117
f 3347 3554 3333
f 2969 3334 3344
f 3347 3654 3554
f 3558 2969 3344
f 3355 3653 3555
f 3334 3335 3344
f 3334 155 3335
f 3559 3355 3555
f 3560 3121 3333
f 3560 3655 3353
f 3561 3337 3345
f 3561 3557 3337
f 3561 3345 3354
f 3560 3353 3130
f 3562 3348 3109
f 3562 3109 3341
f 3562 3341 3365
f 3108 3336 3360
f 3561 3354 3363
f 3561 3112 3557
f 3561 3364 3112
f 3561 3363 3364
f 3350 3368 3559
f 3351 3120 3119
f 3351 3345 3120
f 3351 3119 3356
f 3562 3565 3348
f 3563 3119 3339
f 3563 3108 3360
f 3563 3339 3108
f 3564 3021 3123
f 3564 3123 2969
f 3566 3562 3365
f 3566 3565 3562
f 3356 3376 3375
f 3356 3362 3351
f 3356 3375 3362
f 3566 3144 3565
f 3566 3372 3144
f 3388 3563 3377
f 3024 3378 3369
f 3024 3154 3378
f 3024 3384 3154
f 3134 3147 3392
f 3134 3383 3147
f 3396 3365 3389
f 3396 3372 3365
f 3568 3373 3567
f 3568 3397 3383
f 3127 3393 3381
f 3127 3380 3393
f 3140 3387 3025
f 3140 3025 3379
f 3568 3567 3397
f 3167 3138 3165
f 3167 3349 3138
f 3167 3385 3349
f 160 164 3572
f 160 3164 3141
f 3397 3172 3147
f 3397 3147 3383
f 3167 3165 3415
f 3569 3567 3378
f 3571 3389 3151
f 3570 3152 2972
f 3570 2972 2970
f 3570 3571 3151
f 3570 3150 3152
f 3570 3151 3150
f 3569 3397 3567
f 3406 3397 3569
f 3571 3570 2970
f 3571 3396 3389
f 3576 3390 3154
f 3576 3154 3395
f 3572 3164 160
f 3405 3380 3182
f 3573 3397 3406
f 3411 3569 3390
f 3411 3406 3569
f 3411 3390 3412
f 3573 3406 3419
f 3156 2976 3401
f 3156 3170 2976
f 3574 3408 164
f 166 3422 3584
f 3185 3574 166
f 3185 166 3584
f 3185 3408 3574
f 3576 3412 3390
f 3575 3408 3185
f 3575 3185 3586
f 3575 3413 3408
f 3575 3586 3413
f 3183 3419 3406
f 3183 3411 3176
f 3183 3406 3411
f 3412 3576 3424
f 3578 3420 3423
f 3578 3415 3420
f 3583 3192 3166
f 3580 3409 3430
f 3580 3430 3589
f 3580 3589 3424
f 3580 3424 3576
f 3583 3415 3578
f 3583 3166 3415
f 3582 3422 171
f 3582 3579 176
f 3582 171 3579
f 3581 3028 3410
f 3414 3180 3182
f 3414 3428 3427
f 3414 3427 3180
f 2971 3581 3410
f 2971 3410 2970
f 3588 3581 2971
f 3430 3409 3577
f 3583 3578 3431
f 3583 3431 3433
f 3583 3433 3192
f 3584 3186 3185
f 3584 3593 3186
f 3584 3422 3593
f 3585 3428 3169
f 3585 3169 3436
f 3582 3190 3422
f 3582 176 3190
f 3427 3428 3196
f 3591 3577 3413
f 3591 3430 3577
f 3586 3435 3591
f 3586 3591 3413
f 3586 3184 3435
f 3588 3425 3581
f 3588 3825 3425
f 3193 3187 3183
f 3193 3183 3176
f 3193 3176 3426
f 3193 3426 3442
f 3587 3423 3421
f 3587 3421 3437
f 3588 3657 3825
f 3193 3442 3199
f 3200 3587 3437
f 3204 3423 3587
f 3204 3587 3200
f 3589 3594 3447
f 3589 3447 3590
f 3590 3447 3441
f 3590 3441 3442
f 3204 3440 3423
f 3204 3201 3440
f 3592 3589 3430
f 3592 3430 3591
f 3592 3594 3589
f 3592 3591 3600
f 3597 2980 2982
f 3594 3592 3600
f 3598 3445 3435
f 3598 3435 3438
f 3595 3190 3191
f 3595 3593 3190
f 3596 3598 3438
f 3596 3438 3595
f 3441 3605 3454
f 3441 3447 3605
f 3441 3454 3199
f 3597 2983 2985
f 3661 3595 3191
f 3661 3596 3595
f 3600 3445 3599
f 3459 3603 3594
f 3459 3594 3600
f 3459 3600 3599
f 3601 2985 3457
f 3601 3597 2985
f 3602 3445 3598
f 3602 3599 3445
f 3602 3598 3596
f 3603 3605 3447
f 3604 2987 3039
f 3467 3599 3602
f 3467 3602 3218
f 3210 2995 3209
f 3210 2996 2995
f 3606 3212 3603
f 3606 3215 3212
f 3607 3461 3456
f 3607 3456 3466
f 3226 3215 3606
f 3224 3461 3607
f 3224 3470 3461
f 3224 3607 3223
f 3472 3465 2992
f 2993 3472 2992
f 3479 3226 3464
f 3479 3464 3474
f 3608 3472 2993
f 3217 2998 3469
f 3479 3471 3226
f 3479 3474 3229
f 3609 2998 3217
f 3608 3806 3472
f 3476 3478 3485
f 3610 3471 3611
f 3609 3484 3488
f 3609 3477 3484
f 3610 3611 3483
f 3610 3483 3481
f 3608 3671 3612
f 3608 3612 3806
f 3613 3470 3224
f 3613 3224 3482
f 3614 3468 3476
f 3614 3476 3485
f 3615 3487 3486
f 3615 3486 3227
f 3614 3485 3487
f 3616 2997 2998
f 3489 3477 3480
f 3489 3484 3477
f 3616 3609 3488
f 3616 3488 3497
f 3617 3616 3497
f 3494 3482 3490
f 3494 3619 3482
f 3618 3611 3230
f 3618 3483 3611
f 3620 3485 3478
f 3620 3478 3481
f 3620 3624 3485
f 3619 3494 3492
f 3619 3492 3489
f 3620 3483 3632
f 3622 3486 3487
f 3621 3497 3235
f 3621 3617 3497
f 3622 3496 3486
f 3624 3623 3622
f 3490 3227 3491
f 3622 3623 3501
f 3622 3501 3496
f 3627 3491 3496
f 3627 3496 3501
f 3625 3623 3624
f 3625 3624 3620
f 3626 3491 3627
f 3627 3504 3626
f 3627 3501 3628
f 3627 3628 3504
f 3632 3625 3620
f 3626 3502 3491
f 3628 3501 3623
f 3625 3630 3628
f 3625 3628 3623
f 3632 3629 3631
f 3632 3631 3625
f 3633 3052 3500
f 3633 3505 3052
f 3637 3625 3631
f 3637 3630 3625
f 3638 3629 3503
f 3638 3503 3237
f 3635 3504 3628
f 3630 3635 3628
f 3630 3636 3507
f 3637 3631 3634
f 3638 3631 3629
f 3638 3634 3631
f 3239 3238 3626
f 3239 3626 3504
f 3239 3635 3640
f 3507 3635 3630
f 3636 3630 3637
f 3636 3637 3634
f 3635 3239 3504
f 3639 3636 3634
f 3639 3507 3636
f 3639 3508 3507
f 3639 3664 3508
f 3639 3634 3638
f 3639 3642 3664
f 3639 3638 3642
f 3640 3240 3239
f 3640 3766 3240
f 3641 3509 3511
f 3641 3511 3510
f 3641 3510 3640
f 3641 3640 3509
f 3762 3766 3640
f 3762 3640 3510
f 3642 3512 3513
f 3644 3643 217
f 3644 217 3515
f 3242 3245 3243
f 3242 3244 3245
f 3242 3643 3244
f 3244 3643 3644
f 3244 3644 3247
f 3519 3253 3254
f 3519 3259 3253
f 3519 3254 3249
f 3527 3261 3526
f 3527 3260 3261
f 3646 3258 3645
f 3646 2953 3059
f 3646 3059 3258
f 3272 3270 3530
f 3272 3645 3273
f 3283 3279 2953
f 3283 2953 3646
f 2954 3525 3666
f 2954 3524 3525
f 3283 3529 3528
f 3283 3646 3645
f 3283 3645 3529
f 189 3525 192
f 189 3666 3525
f 3530 3645 3272
f 3530 3529 3645
f 188 182 3535
f 3647 189 188
f 3647 3666 189
f 3647 188 3535
f 3648 3535 3538
f 3648 3647 3535
f 3649 3072 3079
f 3649 3540 3286
f 3649 3286 3072
f 3650 3298 3296
f 3080 3079 3065
f 3080 3649 3079
f 3305 3650 3544
f 3080 3086 3312
f 3080 3312 3543
f 3080 3543 3649
f 3548 3540 3649
f 3548 3649 3543
f 3548 3543 3331
f 3651 3542 3540
f 3651 3540 3551
f 3651 3551 3333
f 3668 162 158
f 3668 158 3553
f 3652 3550 3304
f 3652 3547 3554
f 3652 3304 3547
f 3554 3547 3651
f 3316 3320 3555
f 3653 3316 3555
f 3653 3331 3316
f 3668 3553 2969
f 3668 2969 2968
f 2969 3553 3334
f 3654 3556 3652
f 3655 3653 3355
f 3655 3331 3653
f 3655 3560 3331
f 3654 3346 3343
f 3654 3347 3346
f 3654 3343 3556
f 3350 3559 3555
f 3350 3555 3114
f 3390 3569 3378
f 3576 3395 3580
f 2973 3588 2971
f 3439 3585 3436
f 3186 3593 3595
f 3186 3438 3184
f 3186 3595 3438
f 3657 3588 2973
f 3656 2978 2980
f 3658 3656 2980
f 3658 2980 3597
f 3658 3597 3601
f 3658 3659 3660
f 3658 3601 3659
f 3661 3191 3218
f 3661 3602 3596
f 3661 3218 3602
f 3463 3599 3467
f 3463 3459 3599
f 2994 3608 2993
f 3228 3482 3223
f 3228 3615 3227
f 3228 3223 3473
f 3662 3616 3617
f 3662 2997 3616
f 3795 3617 3621
f 3795 3663 3672
f 3664 3509 3508
f 3664 3511 3509
f 3665 3511 3664
f 3667 165 162
f 3667 2964 165
f 3667 162 2967
f 3668 2967 162
f 3355 3559 3357
f 3669 2974 2976
f 3669 2975 3656
f 3669 2976 2975
f 3669 2973 2974
f 3669 3656 3658
f 3670 2973 3669
f 3670 3669 3658
f 3670 3657 2973
f 3670 3658 3660
f 2994 2995 3672
f 3671 3608 2994
f 3615 3228 3468
f 3615 3468 3614
f 3615 3614 3487
f 3671 2994 3672
f 3671 3672 3663
f 3672 3662 3617
f 3672 2995 3662
f 3672 3617 3795
f 3642 3513 3665
f 3642 3665 3664
f 2198 3343 3741
f 2722 2720 3742
f 3676 2861 2722
f 3673 2864 2724
f 3675 2864 3674
f 3675 2727 2864
f 3675 2728 2727
f 3745 3675 3674
f 2325 3513 1933
f 3513 2325 3744
f 3770 3682 3764
f 3767 3682 3770
f 3684 3863 3759
f 3770 3764 3685
f 3873 3685 3688
f 3864 3686 3769
f 3687 3686 3864
f 3689 3688 3694
f 3693 3689 3694
f 3693 3694 3695
f 3874 3693 3695
f 3865 3696 3697
f 3701 3699 3866
f 3703 3800 3866
f 3703 3866 3803
f 3710 3703 3705
f 3707 3704 3706
f 3710 3705 3708
f 3711 3707 3709
f 3875 3708 3867
f 3713 3867 3714
f 3713 3714 3716
f 3717 3713 3716
f 3717 3716 3721
f 3830 3719 3720
f 3723 3830 3720
f 3723 3720 3826
f 3725 3724 3869
f 3876 3725 3869
f 3870 3876 3869
f 3871 3730 3877
f 3878 3870 3843
f 2664 3872 3736
f 2664 3735 3872
f 3739 3858 3737
f 3738 3856 2665
f 3738 3860 3856
f 3742 3676 2722
f 2864 3673 3674
f 3743 2861 3676
f 3743 3673 2861
f 3743 3674 3673
f 3746 3676 3742
f 3747 3674 3743
f 3746 3749 3677
f 3744 2728 3675
f 3678 3744 3675
f 3678 3675 3745
f 3753 3743 3676
f 3745 3674 3747
f 3747 3743 3753
f 3753 3676 3677
f 3745 3748 3678
f 3753 3677 3750
f 3749 3746 3751
f 3748 3745 3747
f 3752 3748 3747
f 3752 3747 3753
f 3750 3754 3753
f 3752 3755 3748
f 3752 3753 3754
f 3757 3754 3750
f 3757 3750 3758
f 3681 3751 3760
f 3511 3665 3756
f 3755 3752 3754
f 3760 3682 3681
f 3755 3759 3683
f 3510 3511 3756
f 3510 3756 3683
f 3754 3759 3755
f 3764 3682 3760
f 3758 3682 3767
f 3762 3510 3683
f 3761 3757 3758
f 3765 3759 3754
f 3764 3760 2899
f 3761 3758 3767
f 3762 3683 3863
f 3765 3754 3757
f 3765 3684 3759
f 3761 3765 3757
f 3766 3762 3863
f 3767 3763 3761
f 3768 3863 3684
f 3768 3766 3863
f 3769 3761 3763
f 3768 3240 3766
f 3685 3764 2899
f 3769 3765 3761
f 3769 3686 3765
f 3771 3763 3767
f 3685 2899 2897
f 3771 3767 3770
f 3773 3769 3763
f 3773 3763 3771
f 3773 3864 3769
f 2897 3688 3685
f 3506 3768 3687
f 3772 3770 3873
f 3774 3773 3771
f 3772 3771 3770
f 3772 3774 3771
f 3773 3775 3864
f 3687 3051 3506
f 3774 3775 3773
f 3051 3687 3864
f 3776 3774 3772
f 3779 3051 3864
f 3051 3779 3050
f 2897 3694 3688
f 3778 3775 3774
f 3778 3774 3776
f 3775 3692 3690
f 3777 3780 3776
f 3777 3776 3772
f 3778 3692 3775
f 3777 3689 3691
f 2895 3694 2897
f 3778 3776 3780
f 3782 3779 3690
f 3780 3777 3691
f 3781 3778 3780
f 3781 3696 3778
f 3691 3689 3693
f 3782 3690 3692
f 3691 3783 3780
f 3784 3781 3780
f 3781 3697 3696
f 3695 3694 2895
f 3784 3780 3783
f 3785 3782 3692
f 3785 3692 3696
f 3787 3781 3784
f 3787 3697 3781
f 3695 2895 3789
f 3787 3784 3783
f 3786 3787 3783
f 3235 3785 3696
f 3790 3693 3874
f 3783 3691 3790
f 3787 3793 3697
f 3790 3786 3783
f 3788 3695 3789
f 3786 3793 3787
f 3235 3696 3865
f 3792 3788 3789
f 3791 3790 3874
f 3794 3793 3786
f 3794 3786 3790
f 3790 3791 3794
f 3621 3235 3865
f 3791 3874 3701
f 3797 3791 3701
f 3797 3794 3791
f 2891 3699 3792
f 3799 3700 3793
f 3799 3793 3794
f 3795 3621 3698
f 3796 3794 3797
f 3796 3799 3794
f 3701 3798 3797
f 3663 3795 3700
f 3796 3797 3798
f 3663 3700 3702
f 3800 3798 3701
f 3800 3701 3866
f 3803 3866 2891
f 3798 3800 3801
f 3796 3704 3702
f 3796 3802 3704
f 3796 3798 3802
f 3612 3663 3702
f 3612 3671 3663
f 3802 3798 3801
f 3806 3612 3702
f 3806 3702 3704
f 3808 3800 3703
f 3804 3802 3801
f 3801 3800 3808
f 3802 3706 3704
f 3705 3703 3803
f 3705 3803 3805
f 3804 3706 3802
f 3706 3804 3801
f 3221 3806 3704
f 3810 3808 3703
f 3810 3703 3710
f 3807 3706 3801
f 3807 3801 3808
f 3810 3809 3808
f 3706 3807 3709
f 3706 3709 3707
f 3805 3708 3705
f 3807 3808 3809
f 3709 3807 3809
f 3805 2889 3708
f 3811 3809 3810
f 3811 3810 3813
f 3812 3709 3809
f 3812 3711 3709
f 3812 3809 3811
f 2889 3867 3708
f 3814 3811 3813
f 3457 3604 3711
f 3457 3711 3712
f 3814 3812 3811
f 3817 3868 3712
f 3817 3712 3812
f 3814 3813 3816
f 3817 3812 3814
f 3816 3815 3814
f 3601 3457 3712
f 3817 3814 3815
f 3659 3601 3712
f 3659 3712 3868
f 3817 3715 3868
f 3818 3820 3816
f 3714 2887 2886
f 3714 3867 2887
f 3817 3815 3715
f 3815 3816 3820
f 3660 3868 3715
f 3659 3868 3660
f 3819 3815 3820
f 2886 3716 3714
f 3819 3715 3815
f 3819 3718 3715
f 3821 3818 3713
f 3821 3820 3818
f 3657 3660 3715
f 3670 3660 3657
f 3821 3713 3822
f 3822 3713 3717
f 3721 3716 2886
f 3721 2886 2885
f 3823 3819 3820
f 3823 3820 3821
f 3823 3720 3819
f 3824 3822 3717
f 3825 3657 3718
f 3825 3718 3719
f 3824 3827 3822
f 3827 3823 3821
f 3827 3821 3822
f 3829 3827 3824
f 3825 3719 3830
f 3826 3720 3823
f 3826 3823 3827
f 3825 3830 3425
f 3828 3829 3824
f 3827 3831 3826
f 3830 3832 3425
f 3831 3827 3829
f 3833 3829 3828
f 3832 3830 3723
f 3836 3869 3724
f 3836 3724 2885
f 3833 3828 3725
f 3834 3831 3829
f 3834 3829 3833
f 3833 3725 3728
f 3729 3831 3834
f 3835 3834 3833
f 3835 3833 3728
f 3728 3725 3876
f 3837 3174 3726
f 3834 3731 3729
f 2888 3869 3836
f 3729 3731 3730
f 2888 3870 3869
f 3731 3834 3835
f 3839 3837 3730
f 3840 3731 3835
f 3731 3877 3730
f 3838 3835 3728
f 3838 3840 3835
f 3838 3876 3870
f 3843 3870 2888
f 3840 3877 3731
f 3839 3730 3871
f 3841 3840 3838
f 3841 3838 3845
f 3844 3877 3840
f 3844 3732 3877
f 3842 3839 3871
f 3844 3840 3841
f 3844 3733 3732
f 3845 3846 3841
f 3844 3851 3733
f 3842 3871 3732
f 3847 3878 3843
f 3844 3841 3846
f 3851 3844 3846
f 3847 3872 3878
f 3142 3842 3732
f 3848 3846 3845
f 3142 3732 3733
f 3847 2890 3872
f 3851 3734 3733
f 3848 3845 3849
f 3851 3846 3852
f 3849 3850 3848
f 3872 2890 3736
f 3846 3848 3850
f 3143 3142 3733
f 3143 3733 3734
f 3852 3846 3850
f 3853 3850 3849
f 3854 3737 3852
f 3854 3852 3850
f 3856 3853 3849
f 3856 3849 3735
f 3853 3856 3860
f 3857 3850 3853
f 3854 3850 3857
f 3854 3855 3737
f 3857 3855 3854
f 3858 3118 3143
f 3856 3735 2664
f 3857 3853 3860
f 3858 3859 3118
f 2664 2665 3856
f 3855 3857 3860
f 3859 3858 3739
f 3855 3860 3738
f 3855 3738 3740
f 3861 3859 3739
f 3740 2669 3741
f 3861 3741 3343
f 3740 3738 2669
f 3677 3676 3746
f 3862 3744 3678
f 3862 3665 3513
f 3862 3513 3744
f 3862 3756 3665
f 3749 3751 3681
f 3684 3687 3768
f 3864 3775 3690
f 3690 3779 3864
f 3692 3778 3696
f 3865 3793 3698
f 3865 3697 3793
f 3699 3874 3788
f 3699 3788 3792
f 3865 3698 3621
f 3698 3700 3795
f 3699 2891 3866
f 3704 3044 3221
f 3704 3707 3044
f 3707 3604 3044
f 3707 3711 3604
f 3867 2889 2887
f 3715 3718 3657
f 3719 3819 3720
f 3719 3718 3819
f 3721 2885 3724
f 3723 3174 3832
f 3723 3831 3727
f 3723 3826 3831
f 3723 3727 3726
f 3723 3726 3174
f 3730 3837 3726
f 3734 3858 3143
f 3739 3740 3741
f 3739 3741 3861
f 3679 3677 3749
f 3679 3750 3677
f 3680 3862 3678
f 3680 3678 3748
f 3680 3756 3862
f 3679 3681 3682
f 3679 3682 3758
f 3679 3749 3681
f 3679 3758 3750
f 3680 3755 3683
f 3680 3683 3756
f 3680 3748 3755
f 3759 3863 3683
f 3684 3765 3686
f 3684 3686 3687
f 3873 3770 3685
f 3689 3777 3772
f 3689 3772 3873
f 3689 3873 3688
f 3693 3790 3691
f 3874 3695 3788
f 3874 3699 3701
f 3698 3793 3700
f 3702 3700 3799
f 3702 3799 3796
f 3710 3813 3810
f 3875 3710 3708
f 3875 3813 3710
f 3875 3816 3813
f 3712 3711 3812
f 3875 3818 3816
f 3875 3867 3713
f 3875 3713 3818
f 3722 3824 3717
f 3722 3717 3721
f 3722 3828 3824
f 3722 3724 3725
f 3722 3725 3828
f 3722 3721 3724
f 3729 3730 3726
f 3729 3726 3727
f 3729 3727 3831
f 3876 3838 3728
f 3870 3845 3838
f 3870 3878 3845
f 3877 3732 3871
f 3878 3849 3845
f 3878 3872 3735
f 3878 3735 3849
f 3734 3851 3852
f 3734 3737 3858
f 3734 3852 3737
f 3740 3737 3855
f 3740 3739 3737
